$MeshFormat
2.2 0 8
$EndMeshFormat
$PhysicalNames
6
1 1 "Inlet"
1 2 "Symmetry"
1 3 "Outlet"
1 4 "Top"
1 5 "Wall"
2 6 "all"
$EndPhysicalNames
$Nodes
3395
1 -100 0 0
2 -7 0 0
3 -7 5 0
4 20 5 0
5 20 0 0
6 200 0 0
7 200 25 0
8 -100 25 0
9 -0.5 0 0
10 0 0.5 0
11 0.5 0 0
12 -1.5 0 0
13 -1.5 1.5 0
14 15 1.5 0
15 15 0 0
16 -96.99999999999793 0 0
17 -93.99999999999585 0 0
18 -90.99999999999379 0 0
19 -87.99999999999172 0 0
20 -84.99999999998964 0 0
21 -81.99999999998757 0 0
22 -78.99999999998549 0 0
23 -75.99999999998343 0 0
24 -72.99999999998136 0 0
25 -69.99999999997928 0 0
26 -66.99999999997721 0 0
27 -63.99999999997666 0 0
28 -60.99999999999626 0 0
29 -58.00000000001712 0 0
30 -55.00000000003797 0 0
31 -52.00000000004736 0 0
32 -49.00000000004529 0 0
33 -46.00000000004322 0 0
34 -43.00000000004115 0 0
35 -40.00000000003906 0 0
36 -37.000000000037 0 0
37 -34.00000000003492 0 0
38 -31.00000000003286 0 0
39 -28.00000000003078 0 0
40 -25.00000000002871 0 0
41 -22.00000000002665 0 0
42 -19.00000000002457 0 0
43 -16.00000000002207 0 0
44 -13.00000000001454 0 0
45 -10.00000000000676 0 0
46 -7 2.499999999996205 0
47 -4.000000000001481 5 0
48 -1.000000000008062 5 0
49 1.999999999985941 5 0
50 4.999999999977782 5 0
51 7.999999999979467 5 0
52 10.99999999999102 5 0
53 14.00000000000258 5 0
54 17.00000000000819 5 0
55 20 2.500000000001106 0
56 23.00000000000253 0 0
57 26.00000000000506 0 0
58 29.00000000000758 0 0
59 32.00000000001085 0 0
60 35.00000000001865 0 0
61 38.0000000000271 0 0
62 41.00000000003555 0 0
63 44.00000000003807 0 0
64 47.00000000003467 0 0
65 50.00000000003127 0 0
66 53.00000000002788 0 0
67 56.00000000002449 0 0
68 59.00000000002108 0 0
69 62.00000000001769 0 0
70 65.00000000001428 0 0
71 68.00000000001089 0 0
72 71.0000000000075 0 0
73 74.00000000000412 0 0
74 77.00000000000072 0 0
75 79.99999999999734 0 0
76 82.99999999999395 0 0
77 85.99999999999058 0 0
78 88.99999999998718 0 0
79 91.9999999999838 0 0
80 94.9999999999804 0 0
81 97.99999999997702 0 0
82 100.9999999999736 0 0
83 103.9999999999703 0 0
84 106.9999999999669 0 0
85 109.9999999999662 0 0
86 112.9999999999837 0 0
87 116.000000000004 0 0
88 119.0000000000243 0 0
89 122.0000000000446 0 0
90 125.0000000000649 0 0
91 128.0000000000807 0 0
92 131.0000000000784 0 0
93 134.000000000075 0 0
94 137.0000000000716 0 0
95 140.0000000000682 0 0
96 143.0000000000648 0 0
97 146.0000000000614 0 0
98 149.000000000058 0 0
99 152.0000000000546 0 0
100 155.0000000000512 0 0
101 158.0000000000477 0 0
102 161.0000000000443 0 0
103 164.0000000000409 0 0
104 167.0000000000375 0 0
105 170.0000000000341 0 0
106 173.0000000000307 0 0
107 176.0000000000273 0 0
108 179.0000000000239 0 0
109 182.0000000000205 0 0
110 185.0000000000171 0 0
111 188.0000000000137 0 0
112 191.0000000000102 0 0
113 194.0000000000068 0 0
114 197.0000000000034 0 0
115 200 2.777777777767225 0
116 200 5.555555555531205 0
117 200 8.333333333296078 0
118 200 11.1111111110693 0
119 200 13.88888888884253 0
120 200 16.66666666662108 0
121 200 19.44444444441405 0
122 200 22.22222222220702 0
123 196.9999999999922 25 0
124 193.9999999999843 25 0
125 190.9999999999811 25 0
126 187.9999999999935 25 0
127 185.0000000000141 25 0
128 182.0000000000309 25 0
129 179.0000000000337 25 0
130 176.0000000000261 25 0
131 173.0000000000182 25 0
132 170.0000000000104 25 0
133 167.0000000000025 25 0
134 163.9999999999967 25 0
135 161.000000000003 25 0
136 158.0000000000216 25 0
137 155.0000000000422 25 0
138 152.0000000000628 25 0
139 149.0000000000833 25 0
140 146.0000000001039 25 0
141 143.0000000001245 25 0
142 140.0000000001451 25 0
143 137.0000000001656 25 0
144 134.0000000001862 25 0
145 131.0000000002068 25 0
146 128.0000000002234 25 0
147 125.0000000002313 25 0
148 122.0000000002377 25 0
149 119.000000000244 25 0
150 116.0000000002504 25 0
151 113.0000000002567 25 0
152 110.0000000002631 25 0
153 107.0000000002695 25 0
154 104.0000000002758 25 0
155 101.0000000002822 25 0
156 98.00000000028857 25 0
157 95.00000000029492 25 0
158 92.0000000003013 25 0
159 89.00000000030764 25 0
160 86.000000000314 25 0
161 83.00000000032037 25 0
162 80.00000000032674 25 0
163 77.00000000033309 25 0
164 74.00000000033943 25 0
165 71.00000000034582 25 0
166 68.00000000035217 25 0
167 65.00000000035853 25 0
168 62.0000000003649 25 0
169 59.00000000037126 25 0
170 56.00000000037762 25 0
171 53.000000000384 25 0
172 50.00000000038757 25 0
173 47.00000000038249 25 0
174 44.00000000037463 25 0
175 41.0000000003668 25 0
176 38.00000000035894 25 0
177 35.00000000035107 25 0
178 32.00000000034324 25 0
179 29.00000000033538 25 0
180 26.00000000032752 25 0
181 23.00000000031969 25 0
182 20.00000000031183 25 0
183 17.00000000030396 25 0
184 14.0000000002961 25 0
185 11.00000000028827 25 0
186 8.000000000280405 25 0
187 5.000000000272609 25 0
188 2.000000000265079 25 0
189 -0.9999999997423181 25 0
190 -3.999999999749715 25 0
191 -6.999999999757344 25 0
192 -9.999999999765208 25 0
193 -12.99999999977304 25 0
194 -15.99999999978083 25 0
195 -18.9999999997887 25 0
196 -21.99999999979649 25 0
197 -24.99999999980432 25 0
198 -27.99999999981219 25 0
199 -30.99999999981998 25 0
200 -33.99999999982778 25 0
201 -36.99999999983564 25 0
202 -39.99999999984347 25 0
203 -42.99999999985127 25 0
204 -45.99999999985913 25 0
205 -48.99999999986693 25 0
206 -51.99999999987479 25 0
207 -54.99999999988262 25 0
208 -57.99999999989042 25 0
209 -60.99999999989828 25 0
210 -63.99999999990607 25 0
211 -66.99999999991391 25 0
212 -69.99999999992174 25 0
213 -72.99999999992957 25 0
214 -75.99999999993736 25 0
215 -78.99999999994523 25 0
216 -81.99999999995306 25 0
217 -84.99999999996085 25 0
218 -87.99999999996871 25 0
219 -90.99999999997651 25 0
220 -93.99999999998434 25 0
221 -96.9999999999922 25 0
222 -100 22.22222222223717 0
223 -100 19.44444444447435 0
224 -100 16.66666666671151 0
225 -100 13.88888888893427 0
226 -100 11.11111111115171 0
227 -100 8.333333333369156 0
228 -100 5.555555555578212 0
229 -100 2.777777777787954 0
230 -1.366065995714763 0 0
231 -1.241101137424222 0 0
232 -1.124504792488655 0 0
233 -1.015716577340277 0 0
234 -0.9142135795549642 0 0
235 -0.819507931095285 0 0
236 -0.7311444366940592 0 0
237 -0.6486983578228926 0 0
238 -0.5717734634730569 0 0
239 -0.4949107209164054 0.07115741930399042 0
240 -0.4797464866981988 0.1408662787921046 0
241 -0.4548159974212512 0.2077075070615224 0
242 -0.4206267659676389 0.2703204094248253 0
243 -0.3778747864860445 0.3274303677701967 0
244 -0.3274303661797864 0.3778747878641429 0
245 -0.2703204080244946 0.4206267668675767 0
246 -0.207707505898391 0.4548159979524356 0
247 -0.1408662779879821 0.4797464869343105 0
248 -0.07115741891205025 0.4949107209727578 0
249 0.07115741930399042 0.4949107209164054 0
250 0.1408662787921046 0.4797464866981988 0
251 0.2077075070615224 0.4548159974212512 0
252 0.2703204094248253 0.4206267659676389 0
253 0.3274303677701967 0.3778747864860445 0
254 0.3778747878641429 0.3274303661797864 0
255 0.4206267668675767 0.2703204080244946 0
256 0.4548159979524356 0.207707505898391 0
257 0.4797464869343105 0.1408662779879821 0
258 0.4949107209727578 0.07115741891205025 0
259 0.5751990840008672 0 0
260 0.6507881237543629 0 0
261 0.7267691839411619 0 0
262 0.8031443079012827 0 0
263 0.8799155179632566 0 0
264 0.9570848654472131 0 0
265 1.034654416524575 0 0
266 1.112626271690716 0 0
267 1.191002509792416 0 0
268 1.269785188360877 0 0
269 1.348976475070872 0 0
270 1.428578445173994 0 0
271 1.508593232624303 0 0
272 1.589023001795625 0 0
273 1.669869873291485 0 0
274 1.751136048374228 0 0
275 1.832823661833475 0 0
276 1.914934954969909 0 0
277 1.997472043978604 0 0
278 2.080437211051976 0 0
279 2.163832631226445 0 0
280 2.247660582144681 0 0
281 2.331923235008343 0 0
282 2.416622917238465 0 0
283 2.501761845483346 0 0
284 2.587342335998343 0 0
285 2.673366637829942 0 0
286 2.759837091012459 0 0
287 2.846755978205657 0 0
288 2.934125646695473 0 0
289 3.021948424078076 0 0
290 3.110226669256146 0 0
291 3.19896272594189 0 0
292 3.288158988529876 0 0
293 3.377817828867006 0 0
294 3.467941662394207 0 0
295 3.558532873884789 0 0
296 3.649593935041756 0 0
297 3.741127221313374 0 0
298 3.833135222784092 0 0
299 3.925620403835196 0 0
300 4.018585203540783 0 0
301 4.112032152577425 0 0
302 4.205963718380051 0 0
303 4.300382419330012 0 0
304 4.395290809990261 0 0
305 4.490691400490009 0 0
306 4.586586743561255 0 0
307 4.682979420184254 0 0
308 4.779871988454093 0 0
309 4.877267067810735 0 0
310 4.975167270503319 0 0
311 5.073575168793831 0 0
312 5.172493442324086 0 0
313 5.27192470236536 0 0
314 5.371871655908416 0 0
315 5.472336923563149 0 0
316 5.57332322778422 0 0
317 5.674833262960647 0 0
318 5.776869735361839 0 0
319 5.879435385215172 0 0
320 5.982532964472718 0 0
321 6.086165196809766 0 0
322 6.190334908872916 0 0
323 6.295044840013591 0 0
324 6.400297841060205 0 0
325 6.506096732783555 0 0
326 6.612444255184919 0 0
327 6.719343283630865 0 0
328 6.826796750037102 0 0
329 6.934807482202102 0 0
330 7.043378374209414 0 0
331 7.152512299226635 0 0
332 7.262212226248505 0 0
333 7.372481093622939 0 0
334 7.483321809523129 0 0
335 7.594737334215204 0 0
336 7.706730720188919 0 0
337 7.819304924902291 0 0
338 7.932462936064782 0 0
339 8.046207791481947 0 0
340 8.160542497739806 0 0
341 8.275470276133955 0 0
342 8.390993973687284 0 0
343 8.5071168576464 0 0
344 8.623841963709168 0 0
345 8.741172384213277 0 0
346 8.859111385472044 0 0
347 8.977661966350787 0 0
348 9.09682740338126 0 0
349 9.216610815126938 0 0
350 9.337015453201268 0 0
351 9.458044535677695 0 0
352 9.5797012476059 0 0
353 9.701988954710176 0 0
354 9.824910797067131 0 0
355 9.948470142798255 0 0
356 10.07267032517591 0 0
357 10.19751464316144 0 0
358 10.32300636193222 0 0
359 10.44914895073741 0 0
360 10.57594569319073 0 0
361 10.70340003396137 0 0
362 10.83151538217801 0 0
363 10.96029511197603 0 0
364 11.08974277268953 0 0
365 11.21986171305945 0 0
366 11.35065548425733 0 0
367 11.48212760075985 0 0
368 11.61428154091467 0 0
369 11.74712080478533 0 0
370 11.88064903361514 0 0
371 12.01486976289784 0 0
372 12.14978655126356 0 0
373 12.28540305998435 0 0
374 12.42172290656408 0 0
375 12.55874971430912 0 0
376 12.69648715090476 0 0
377 12.83493892780408 0 0
378 12.97410871827042 0 0
379 13.11400026777362 0 0
380 13.25461728671623 0 0
381 13.39596361248285 0 0
382 13.53804294846959 0 0
383 13.68085919356065 0 0
384 13.82441602069334 0 0
385 13.96871742131028 0 0
386 14.11376715926536 0 0
387 14.25956912329336 0 0
388 14.40612726858464 0 0
389 14.55344546110892 0 0
390 14.70152770000108 0 0
391 14.85037788977373 0 0
392 15 0.1499999999993801 0
393 15 0.2999999999987259 0
394 15 0.4499999999981913 0
395 15 0.5999999999976567 0
396 15 0.7499999999971438 0
397 15 0.8999999999976976 0
398 15 1.049999999998273 0
399 15 1.199999999998849 0
400 15 1.349999999999424 0
401 14.85000000000093 1.5 0
402 14.70000000000186 1.5 0
403 14.55000000000278 1.5 0
404 14.40000000000371 1.5 0
405 14.25000000000464 1.5 0
406 14.10000000000557 1.5 0
407 13.950000000006 1.5 0
408 13.80000000000561 1.5 0
409 13.65000000000492 1.5 0
410 13.50000000000423 1.5 0
411 13.35000000000355 1.5 0
412 13.20000000000286 1.5 0
413 13.05000000000222 1.5 0
414 12.90000000000213 1.5 0
415 12.75000000000282 1.5 0
416 12.60000000000374 1.5 0
417 12.45000000000467 1.5 0
418 12.3000000000056 1.5 0
419 12.15000000000653 1.5 0
420 12.00000000000746 1.5 0
421 11.85000000000838 1.5 0
422 11.70000000000931 1.5 0
423 11.55000000001024 1.5 0
424 11.40000000001117 1.5 0
425 11.2500000000121 1.5 0
426 11.10000000001302 1.5 0
427 10.95000000001395 1.5 0
428 10.80000000001488 1.5 0
429 10.65000000001581 1.5 0
430 10.50000000001674 1.5 0
431 10.35000000001766 1.5 0
432 10.20000000001859 1.5 0
433 10.05000000001952 1.5 0
434 9.900000000020446 1.5 0
435 9.750000000021375 1.5 0
436 9.600000000022304 1.5 0
437 9.450000000023232 1.5 0
438 9.300000000024161 1.5 0
439 9.15000000002509 1.5 0
440 9.000000000026017 1.5 0
441 8.850000000026945 1.5 0
442 8.700000000027874 1.5 0
443 8.550000000028803 1.5 0
444 8.400000000029731 1.5 0
445 8.25000000003066 1.5 0
446 8.100000000031587 1.5 0
447 7.950000000032276 1.5 0
448 7.800000000032505 1.5 0
449 7.650000000032626 1.5 0
450 7.500000000032748 1.5 0
451 7.350000000032868 1.5 0
452 7.20000000003299 1.5 0
453 7.05000000003311 1.5 0
454 6.900000000033231 1.5 0
455 6.750000000033179 1.5 0
456 6.600000000032665 1.5 0
457 6.450000000031977 1.5 0
458 6.300000000031289 1.5 0
459 6.150000000030603 1.5 0
460 6.000000000029915 1.5 0
461 5.850000000029227 1.5 0
462 5.700000000028539 1.5 0
463 5.550000000027851 1.5 0
464 5.400000000027164 1.5 0
465 5.250000000026477 1.5 0
466 5.100000000025791 1.5 0
467 4.950000000025105 1.5 0
468 4.800000000024419 1.5 0
469 4.650000000023731 1.5 0
470 4.500000000023045 1.5 0
471 4.350000000022359 1.5 0
472 4.200000000021673 1.5 0
473 4.050000000020987 1.5 0
474 3.900000000020301 1.5 0
475 3.750000000019615 1.5 0
476 3.600000000018927 1.5 0
477 3.450000000018241 1.5 0
478 3.300000000017555 1.5 0
479 3.150000000016869 1.5 0
480 3.000000000016183 1.5 0
481 2.850000000015496 1.5 0
482 2.70000000001481 1.5 0
483 2.550000000014122 1.5 0
484 2.400000000013436 1.5 0
485 2.25000000001275 1.5 0
486 2.10000000001207 1.5 0
487 1.950000000011504 1.5 0
488 1.800000000011018 1.5 0
489 1.650000000010533 1.5 0
490 1.500000000010047 1.5 0
491 1.350000000009562 1.5 0
492 1.200000000009076 1.5 0
493 1.050000000008591 1.5 0
494 0.900000000008105 1.5 0
495 0.7500000000076203 1.5 0
496 0.6000000000071377 1.5 0
497 0.4500000000066329 1.5 0
498 0.3000000000061007 1.5 0
499 0.1500000000055648 1.5 0
500 5.030809102635203e-12 1.5 0
501 -0.1499999999955051 1.5 0
502 -0.2999999999960391 1.5 0
503 -0.449999999996575 1.5 0
504 -0.5999999999970871 1.5 0
505 -0.7499999999975735 1.5 0
506 -0.899999999998058 1.5 0
507 -1.049999999998545 1.5 0
508 -1.199999999999029 1.5 0
509 -1.349999999999515 1.5 0
510 -1.5 1.350000000001112 0
511 -1.5 1.200000000002225 0
512 -1.5 1.050000000003337 0
513 -1.5 0.9000000000036941 0
514 -1.5 0.7500000000036742 0
515 -1.5 0.6000000000025876 0
516 -1.5 0.4500000000016574 0
517 -1.5 0.3000000000011049 0
518 -1.5 0.1500000000005524 0
519 -5.349567253087628 0 0
520 -4.157780825718535 0 0
521 -3.297185714277953 0 0
522 -2.67574537674437 0 0
523 -2.227000097027703 0 0
524 -1.902958764431103 0 0
525 -1.668966829419918 0 0
526 15.16231935864785 0 0
527 15.38464808161559 0 0
528 15.68917159265074 0 0
529 16.10627726944485 0 0
530 16.67758667410896 0 0
531 17.46010876548722 0 0
532 18.53192889726489 0 0
533 197.5943738783805 12.49999999995591 0
534 -97.72934907172215 12.47515618265525 0
535 153.2627198675871 22.35333913243784 0
536 144.4999999984914 22.40192378321676 0
537 183.5015128982844 22.40187249164748 0
538 135.499999998003 22.40192378730478 0
539 -59.50000000000669 2.598076211335255 0
540 162.7422526735414 22.51590351976153 0
541 126.4875461108858 22.39473353241746 0
542 105.4999998932225 22.4019237485382 0
543 96.49999951161669 22.40192360372707 0
544 87.49999828378192 22.40192312567788 0
545 78.4999924287014 22.40192091536724 0
546 69.49997358351484 22.4019134846431 0
547 60.49989696157011 22.40188940528184 0
548 174.500000000029 2.598076211350338 0
549 51.49989020242129 22.4019295116968 0
550 -50.65543542295362 2.50833297372445 0
551 -68.4999978847011 2.598074984673765 0
552 -83.40810852755526 2.659588435373071 0
553 117.5000000002472 22.4019237886522 0
554 -41.47789974556087 1.994521467565893 0
555 -32.48713567920591 2.664029610671942 0
556 42.50239111113157 2.595364220873968 0
557 -23.45563710990562 2.637153973078525 0
558 30.48212181108257 2.593274794148838 0
559 27.43401710683671 22.44457619168643 0
560 -14.26831562370186 21.71975255630323 0
561 -77.50498582477326 22.48069518982413 0
562 111.5000000241199 2.598076231931028 0
563 36.38252132129691 22.450065139713 0
564 57.50011358147486 2.598190597638443 0
565 66.50002917271898 2.598105618891579 0
566 75.50000751178308 2.598083777357625 0
567 84.50000193227251 2.598078143904481 0
568 93.50000049291887 2.598076686312469 0
569 102.5000001191866 2.598076318660797 0
570 132.4999999992282 2.59807621170954 0
571 141.5000000003415 2.598076211608918 0
572 156.4957387865906 2.604215849195037 0
573 165.7636755168145 3.073083679910012 0
574 -56.50001449895235 22.40192077441221 0
575 -47.50000996288624 22.40185971627172 0
576 -29.49323891016111 22.39671239292733 0
577 -38.49908000858557 22.40187686709533 0
578 123.5000000004035 2.598076210986466 0
579 171.9035697563882 22.50473863363203 0
580 -65.46000557757816 22.26646522724131 0
581 186.6754682092265 2.916617890970196 0
582 -86.50487109093636 22.4744123018234 0
583 18.48315500144855 7.397548761597442 0
584 -5.416259780759495 7.367169400069302 0
585 -8.052949004990694 7.491625728302856 0
586 12.49439106244351 22.3883932432039 0
587 3.541181825656247 7.403191225987175 0
588 21.26203033781481 7.448590272994362 0
589 -6.817913805144674 9.726009731369759 0
590 -9.454088526161339 9.771159070953175 0
591 19.84140253741648 9.825651132856974 0
592 22.63891770275888 9.838086207640325 0
593 0.5000000002613827 22.40192378864027 0
594 -8.122664330284167 12.06653766170243 0
595 -10.8115143428082 12.08537075964695 0
596 -5.241679673522943 12.06055932242663 0
597 12.56490549785748 7.466460056599221 0
598 21.22377422965457 12.25664356590931 0
599 24.06197282961492 12.25644293539303 0
600 -20.48668180089016 22.41163821675876 0
601 180.3422685549074 2.643869736854233 0
602 177.4973619103449 22.40078409582254 0
603 45.50000000037809 22.43604557574821 0
604 117.5000000080166 2.598076215203588 0
605 36.50539568656576 2.60186841244311 0
606 6.523963534450047 22.36906397315128 0
607 150.4978433341 2.594486671087439 0
608 -74.42431750058829 2.894510021196433 0
609 -71.50478886579678 22.48367628922189 0
610 51.50022545155963 2.598313763970988 0
611 111.2834546786542 22.22870911015178 0
612 -17.48280793216133 2.584981361696439 0
613 -89.48702520098196 2.544539392006452 0
614 189.6548859582558 21.98308917057204 0
615 192.6991007177189 2.959315618191588 0
616 -92.65077636766436 21.96914426844141 0
617 18.39323004029731 12.25744769280614 0
618 -9.455141665147439 14.42991199667666 0
619 19.79629945646653 14.73593997685738 0
620 -12.19035606738075 14.43597071568976 0
621 -13.54763157645768 12.04925115639399 0
622 -14.96750087579606 14.43497441140452 0
623 -16.35323357886342 12.07861690775453 0
624 197.5469529056454 17.98142852579976 0
625 -97.74576843673482 6.986607861179487 0
626 -17.80671734432251 14.45519264583965 0
627 -19.21482672787987 12.0447782934033 0
628 -20.6979322944746 14.44817659336194 0
629 -22.12277121353418 12.03729180162877 0
630 -23.61836632358617 14.43518682335895 0
631 -25.06215988545144 12.00339403620476 0
632 -26.5647320011682 14.40795580370193 0
633 -28.0227774426633 11.99826913837638 0
634 -29.53321603630325 14.37783085777147 0
635 -30.99844380362097 11.96756333376854 0
636 -32.51450552377499 14.36254973323353 0
637 -33.98347461404526 11.93728172727094 0
638 -35.50289154390642 14.34002097307071 0
639 -36.97421445452532 11.90642840263337 0
640 -38.49556550688816 14.30738205743331 0
641 -39.97363503745832 11.69684093259276 0
642 -41.49201703844928 14.25422879186755 0
643 -42.97121524643197 11.6428846770892 0
644 -44.37229254319886 14.15486913944148 0
645 -45.94267247774107 11.60873842137307 0
646 -47.48409910384923 14.67268973631825 0
647 -48.95738812959446 11.82637484826889 0
648 -50.61911934156998 14.41902259897864 0
649 -51.96461363589165 11.65699699438984 0
650 -53.39306652944114 14.12562706313563 0
651 -54.94502602229444 11.7051555188595 0
652 -56.45441095154915 14.16636319196953 0
653 -57.95340090754059 11.52177132497009 0
654 -59.47599295082692 13.90727911838558 0
655 -60.95837779258515 11.44550419575584 0
656 -62.48205065430665 14.00854592772963 0
657 -63.95661378888515 11.4352998000905 0
658 -65.48261120558047 14.00379061746064 0
659 -66.96785615439927 11.23017763968406 0
660 -68.48444487967934 13.94838810559146 0
661 -69.9699083405805 11.1663086158972 0
662 -71.48520138969627 13.90745140057347 0
663 -72.95442487123536 11.29502371537062 0
664 -74.48212479693061 13.91406483199634 0
665 -75.94150500370051 11.26865938171854 0
666 -77.47929789929363 13.87624049924916 0
667 -78.94869584418713 11.2582779216778 0
668 -80.4778613855232 13.8497892160062 0
669 -81.96368379704172 11.09774413239832 0
670 -83.47219449251008 13.78930838316721 0
671 -84.95688567192639 11.04521773080375 0
672 -86.45746137213069 13.74336863844434 0
673 -87.9173895260916 11.16829254409432 0
674 16.9128029315286 14.71528834276967 0
675 -5.340287266674435 22.20451939305416 0
676 -89.42034566448621 13.73668296993928 0
677 25.47128154964913 9.796324775075664 0
678 26.93207395786736 12.24645362603371 0
679 -10.80830571044635 7.496252174425155 0
680 28.35475550346437 9.791772868760157 0
681 29.83827771567133 12.24079740971334 0
682 31.42384058687373 9.973242551659347 0
683 32.76621947995003 12.20664641796645 0
684 31.31706892996973 14.77089718848022 0
685 34.32325350140983 14.78828389305232 0
686 35.73012674456919 12.17921241033697 0
687 37.32065404233436 14.7506862719959 0
688 38.72265538245988 12.25367275903875 0
689 40.25285476750889 14.71678561120799 0
690 41.69063251740236 12.1301293115935 0
691 43.20976505176569 14.67148306154603 0
692 44.68301854183865 12.1007165446596 0
693 46.19710492789396 14.64680351432702 0
694 47.67670592619601 12.18665423052273 0
695 49.19135404468081 14.64668139840776 0
696 50.67124449711854 12.063552192344 0
697 52.18776445099755 14.63141429780311 0
698 53.66972767358314 12.15273434039513 0
699 55.18586827644373 14.61343317397604 0
700 56.66749299216907 12.03721346922035 0
701 58.18447560095683 14.58099825833204 0
702 59.66619306580795 12.0005065910901 0
703 61.18363967454098 14.57265740954913 0
704 62.66635683726526 12.09655297763329 0
705 64.18314069107664 14.55854319290713 0
706 65.6650455719178 11.95895356670255 0
707 67.18264122416326 14.52311958007596 0
708 68.66557389731952 12.05771335244026 0
709 70.18251620029804 14.52572529554829 0
710 71.66551324247997 12.06209230827487 0
711 73.18235466281496 14.50915264370931 0
712 74.66433117596722 11.89681461341971 0
713 76.18206334855095 14.46871663039813 0
714 77.6650743698428 12.00265006736387 0
715 79.18204536882493 14.46375698313308 0
716 80.6651304013937 12.00649093172719 0
717 82.18201683886295 14.45370462324111 0
718 83.66398870265041 11.83475951035968 0
719 85.18178792103988 14.41327882868084 0
720 86.66482188480762 11.94745441233509 0
721 88.18177141103749 14.4024592076106 0
722 89.66490714769085 11.95101914105141 0
723 91.18180593235596 14.39837758667909 0
724 92.66374190234258 11.77272601244914 0
725 94.18159217806073 14.35784949823583 0
726 95.66463335875557 11.89228391056012 0
727 97.18163093251896 14.35362949478217 0
728 98.66473895358182 11.89766100887861 0
729 100.181643752623 14.345472312189 0
730 101.6635196840899 11.71069807496145 0
731 103.1814192931757 14.30277765869977 0
732 104.6644617648322 11.83719318706522 0
733 106.1814909413429 14.30296101481803 0
734 107.6645795290021 11.84404014869002 0
735 109.1814370841014 14.28488670118246 0
736 110.6633038354404 11.64867155418112 0
737 112.181173437237 14.23634811430514 0
738 113.6642815377882 11.78022950053851 0
739 115.1912781622123 14.25809533560679 0
740 116.6650318385509 11.63976342563623 0
741 118.2013054764464 14.35465120729089 0
742 119.6667805546138 11.61866148126573 0
743 121.1932193157972 14.33639304171474 0
744 122.6656767820951 11.59831788804111 0
745 124.316914804561 14.26345793079036 0
746 125.6860612155859 11.56898787115109 0
747 127.4150854946807 14.34774824465285 0
748 128.7068657960081 11.72294170767315 0
749 130.3013268186364 14.29626410119401 0
750 131.6705263581002 11.60497810017668 0
751 133.3356340859743 14.22686680816936 0
752 134.6909897964561 11.68848875015427 0
753 136.420327844568 14.34009889995668 0
754 137.7084561199883 11.70570006674548 0
755 139.3037310162288 14.260310300535 0
756 140.934247650518 11.19827771412263 0
757 142.3798814600666 14.12207810291946 0
758 143.8891011704131 11.48018210722793 0
759 145.3816253026564 14.19282863900274 0
760 146.7337511772154 11.44104210211997 0
761 148.302859585953 14.15979387271379 0
762 149.6946843944384 11.41522941453301 0
763 151.1802467051469 13.96756884836802 0
764 152.6676902862453 11.36510623694572 0
765 154.1810715521113 13.94790405087886 0
766 155.6632812452895 11.3396913489155 0
767 157.1802689378497 13.92640726987165 0
768 158.6623651387499 11.31808917855797 0
769 160.1800654001429 13.90558258208205 0
770 161.6214025286471 11.20039353528121 0
771 163.1731902810726 13.86875174886332 0
772 164.5748091683407 11.16393129043386 0
773 166.1642289082006 13.84274348477433 0
774 167.5713466574576 11.19157634493227 0
775 169.1620510676977 13.82919880399855 0
776 170.6445598060882 11.22209287642224 0
777 172.1735658170925 13.81803640622788 0
778 173.6586473168449 11.2122938920612 0
779 175.1766418958656 13.8004105557279 0
780 176.6591968006323 11.19509411502824 0
781 178.1750065123912 13.78008272863939 0
782 179.6563486221293 11.1751571226835 0
783 181.1700844256962 13.75751804507617 0
784 182.649281933921 11.15879301826109 0
785 184.1598405525068 13.73419033206985 0
786 185.6342243957185 11.14781571642501 0
787 187.1396478982491 13.70104109868743 0
788 188.6067761959718 11.13451384571335 0
789 190.0992643172754 13.67063340054708 0
790 25.52631715141296 14.73542424692391 0
791 -82.00303042279506 16.42385137711321 0
792 46.45611292163414 9.80963671088106 0
793 61.45109952610475 9.737819819554199 0
794 70.45387758724492 9.842127477968912 0
795 21.47086910466674 22.4065699804174 0
796 -60.93418297973103 16.56600896409799 0
797 79.45620620134193 9.806776001379882 0
798 -90.86376470135107 11.18386368756269 0
799 -52.01094553704727 16.74122788170984 0
800 88.45860775462134 9.771494721184823 0
801 97.46097438508409 9.736641350977287 0
802 -42.83836517210028 16.2924315565641 0
803 197.5806381428121 7.025871316028535 0
804 -97.73463914486669 18.06843869033219 0
805 105.8970921226681 9.429316251126748 0
806 -34.03132369828493 16.9124359686077 0
807 -25.09930926351826 16.9605194610928 0
808 -20.59299731284327 9.419283868472151 0
809 127.4780125108368 9.438303586796181 0
810 136.4321538583767 9.042296775653247 0
811 145.3453102576013 9.261617395086857 0
812 -10.81874068941231 16.83296202163446 0
813 -26.48634877783416 9.341354338335822 0
814 160.1442222304873 8.709513812900754 0
815 167.6977602201483 16.45186899919368 0
816 40.46580655991245 9.735481241654179 0
817 158.698023647037 16.51397404902179 0
818 169.0541423844177 8.592583127633642 0
819 -38.05442084374698 8.894785083875361 0
820 149.9156639408038 16.86458373323725 0
821 -47.91781081918499 8.819426697075386 0
822 141.222627001139 17.10040963336191 0
823 55.44052810258467 9.654707604869753 0
824 132.2134794421465 17.12465902188534 0
825 -56.06135620912358 8.732742713646225 0
826 123.0893448016847 17.17054666716441 0
827 191.5466703010078 11.1231087977258 0
828 -65.42958548691112 8.810254159553764 0
829 101.6993301973258 16.90672475874605 0
830 92.69955177008067 16.96874591361876 0
831 -80.44083086914935 8.392119835759678 0
832 83.69979606062098 17.03075299469987 0
833 -71.43395916795816 8.653521522460485 0
834 74.70012878680041 17.09270533270885 0
835 114.8751701637184 9.127355920183113 0
836 65.96092315083538 17.14272775161437 0
837 22.65101492001588 5.192751807054026 0
838 -86.41585965899549 8.548058863281893 0
839 -8.03972908126161 16.81934300971932 0
840 121.4371257488423 9.141912664580309 0
841 56.96232139940491 17.17661432678009 0
842 42.0054194636867 17.24198995431589 0
843 32.86510189175464 17.36443599324798 0
844 190.0674056591119 8.58959593595169 0
845 154.1443647225579 8.750864489607549 0
846 185.6732404276214 16.20968003505632 0
847 184.2260731109086 8.599332021550349 0
848 178.085355856337 8.774297340021235 0
849 179.6919761112875 16.36311091337116 0
850 -32.45523408394261 9.274992134774383 0
851 18.34889290597167 17.24469276332179 0
852 173.5428927494277 16.32209262545627 0
853 15.43356149482617 17.22690067131465 0
854 13.99460938544018 14.68222174553881 0
855 12.50128217595642 17.20805365994467 0
856 11.05509692546634 14.64440869294859 0
857 9.552656380556957 17.18694674572155 0
858 8.096066855991333 14.60857981219298 0
859 6.586282198189712 17.1620660869733 0
860 5.125261169779765 14.57763950340326 0
861 3.615495960860812 17.13041716324429 0
862 2.158510552743229 14.56109682240184 0
863 0.6330921448350554 17.13065878968094 0
864 -87.96927256545541 16.31571594962504 0
865 -90.91947405174575 16.28092739591269 0
866 21.36276251258734 17.28980683224983 0
867 -76.00951276212659 16.4930070517321 0
868 113.6910895583248 16.84592666798926 0
869 -16.41351731707577 17.3034632276924 0
870 107.74735174532 16.86816367366098 0
871 -70.01080916991762 16.54771967257801 0
872 29.95766003082742 17.31769126930518 0
873 -15.12177535768643 9.488432403937811 0
874 -9.414706516451044 19.25617978963075 0
875 -9.165063509461095 3.749999999998102 0
876 27.09709588065573 7.42939605610502 0
877 6.642294979736132 12.05391115782798 0
878 47.96797400305147 17.20802683614723 0
879 -0.780294832299028 14.54513260876729 0
880 -2.265037890650652 17.05525853879646 0
881 0.6566755446801917 12.04946100338051 0
882 192.9566095179551 13.68810392512217 0
883 191.575659794365 16.18510066436943 0
884 16.90091500913663 19.78341574129909 0
885 31.59695053987602 19.94722693827863 0
886 195.4845536176032 22.35065240694917 0
887 -95.49999999999692 2.598076211355107 0
888 192.9285089901423 8.543871092062219 0
889 -89.48629249290838 18.85332182916346 0
890 12.56689242397491 12.21186042536658 0
891 -12.25505024983375 19.26232148609325 0
892 -92.24861140751912 18.8901809905857 0
893 -93.63222147493623 16.47578232811257 0
894 194.8260196015673 16.45855202650254 0
895 192.9561547320545 18.65822048819196 0
896 189.9189867923331 18.74777681905496 0
897 -86.53089206268751 18.90645768765338 0
898 191.5364138696808 6.054603928352696 0
899 188.386248951989 5.72739023305266 0
900 -6.596209221906894 19.29766594416295 0
901 194.837249474189 5.735822007196406 0
902 195.7369342796755 2.472481262347412 0
903 -2.241077562037924 12.0246648892379 0
904 -0.8451463321840853 9.630917768075619 0
905 -11.17497903144467 21.98028851167383 0
906 34.6122780747844 19.92968076421424 0
907 24.54360442692347 2.584034094933652 0
908 15.54416020124236 7.417882441357665 0
909 2.050894729250533 19.75713581107323 0
910 8.044496752123184 19.7687547402578 0
911 -3.714071945263113 14.48644783697359 0
912 -92.29237967185027 13.77236654495935 0
913 -93.63007338428135 11.18618506219621 0
914 -92.28111778949786 8.668271163827061 0
915 -95.27752149757355 8.467642351708182 0
916 -93.21981039553675 6.153807859193886 0
917 -90.75485298962292 6.717245555303442 0
918 3.603502050586355 12.12725101330806 0
919 -17.46174180367848 22.30668185747605 0
920 -18.79592134035754 19.81348678627084 0
921 -21.94916440778724 19.83341112899689 0
922 -16.24044478772163 19.98024161116941 0
923 192.5869376169579 22.56252207912311 0
924 -92.51887801905985 2.487129236396123 0
925 24.49010277105975 22.424527371368 0
926 25.88919990509761 19.87351619795808 0
927 22.92567486396208 19.8659171565535 0
928 -23.47495678741444 22.41569956917366 0
929 -26.48767224689649 22.41365927079863 0
930 -28.00221407537433 19.79524831328679 0
931 -30.99894857874042 19.80698475554447 0
932 194.8086568833568 11.114218322741 0
933 27.49998489328016 2.511966762393744 0
934 189.7162052914398 2.942987945094523 0
935 185.4134706224556 5.620764137291274 0
936 183.4738737413651 3.303614241186995 0
937 181.2818269568015 5.453777741525877 0
938 178.53005462816 4.588307705128916 0
939 -89.50531386774021 22.48344460054338 0
940 -2.449621712452503 22.3917899105097 0
941 -0.8945602032496824 19.77651947474364 0
942 9.512595042318591 22.38112601403728 0
943 15.47100511130494 22.38684355331746 0
944 18.47709712648328 22.39924797836238 0
945 -3.837789097422792 9.690130878499938 0
946 -14.550427538391 2.591011119483394 0
947 -16.14537292473075 5.052943145063786 0
948 -18.96563319131264 5.030581633171368 0
949 -13.20114610971814 5.329098339791185 0
950 -17.75898629899892 7.606379322526466 0
951 -20.46594506465095 2.577425253531783 0
952 -21.91941144005983 5.058365410909968 0
953 -24.90795894674381 5.102202943408816 0
954 -23.4530628792907 7.579279844880578 0
955 -26.48218732286639 2.699328328298776 0
956 -27.8969884067589 5.192923165005545 0
957 -95.74208233079197 22.55673140287677 0
958 9.559404169132119 7.467401653232724 0
959 -29.47337786825494 2.755539940053331 0
960 -30.93610267246834 5.151910552302169 0
961 -33.97248055646464 5.13201902880703 0
962 -35.48875118793156 2.657675393801079 0
963 -36.92685472235076 5.612699407439994 0
964 -34.896761727712 7.666643347482299 0
965 -39.96765697794517 6.254421911146606 0
966 -41.47867975394022 8.985941833481768 0
967 -43.06384670390482 6.609351780152919 0
968 -29.44349156205199 7.589266852995824 0
969 3.525398841974113 22.37535426561135 0
970 -86.46217445531668 2.737373836097055 0
971 -84.99351920055035 5.267467579884867 0
972 -81.85637264204672 5.488267436653216 0
973 -83.47859030374526 8.050602967156181 0
974 -78.76555309925482 5.790853620273346 0
975 -77.37314471347014 8.51660625383421 0
976 -75.84808198454178 5.917892722988211 0
977 -80.36509702577207 2.898338442606794 0
978 -88.35974254449025 5.506679299654879 0
979 186.5026584318052 22.39519499840786 0
980 185.1929949405951 20.04288818779927 0
981 182.2644333886764 20.05305619126765 0
982 -83.51170745585783 22.55443218366267 0
983 28.80064338511652 5.011223640494445 0
984 31.85807871298805 5.141259537406795 0
985 33.48762816949088 2.633136245147652 0
986 35.00053606057332 5.192460308326791 0
987 38.01276016459656 5.08750651898376 0
988 36.25559710370362 7.606926945698852 0
989 6.571877309448825 7.431402786913882 0
990 181.2389377648614 8.423363100028737 0
991 -79.00720239718144 16.45831151008415 0
992 -80.53744209119607 19.03154648690581 0
993 -83.52953026520458 18.91337784981499 0
994 -80.51104246155833 22.57295443601376 0
995 175.0761205066181 8.674666556745839 0
996 172.1489108232089 8.626662517008969 0
997 170.5492964322807 5.870659808701973 0
998 167.4223014026657 5.848950617953564 0
999 168.7422926239784 2.877438241679673 0
1000 164.3512488960496 5.689445372658592 0
1001 162.564362269457 2.974080806602949 0
1002 165.9001942097509 8.427818760001273 0
1003 159.5133284244698 2.686904196092735 0
1004 157.8328243333468 5.848009986366884 0
1005 154.6805511633846 5.112165863466228 0
1006 173.7733535647538 5.498964194116486 0
1007 182.6860731989702 16.33386776167071 0
1008 180.5423284760776 22.4422621721397 0
1009 179.1265346793335 19.32880548666249 0
1010 176.42364005042 19.80027351619041 0
1011 -73.01045021306125 16.51825497769774 0
1012 -74.53711900833588 19.10758173578499 0
1013 -77.53606982215419 19.07543442949846 0
1014 -71.5379341513605 19.13970517352155 0
1015 -68.53802294084961 19.17272143340121 0
1016 -67.01057881571091 16.58299690811764 0
1017 -65.42233606919955 19.11014245680989 0
1018 -32.49831120150118 22.4114407498394 0
1019 -35.49917854706108 22.41339791870363 0
1020 -36.99876499714699 19.80475960518793 0
1021 -39.99765734165631 19.80377468773722 0
1022 -41.49947034001719 22.40412761834521 0
1023 -44.50004533767037 22.40457193492038 0
1024 -46.13506962507138 19.67305741919529 0
1025 -48.90936099921792 19.84767786331293 0
1026 -47.50054279949341 17.20623979480808 0
1027 170.6678710807037 16.41317244897309 0
1028 169.05550367038 18.94822876148074 0
1029 166.2662011005907 19.19641529883978 0
1030 167.8867843029408 21.96994139657869 0
1031 171.9674329318464 19.45291200729156 0
1032 164.70252137269 16.48899663699652 0
1033 163.0863904507795 19.64611334374229 0
1034 161.6760155331773 16.58751164701825 0
1035 160.215902047342 19.10165152140352 0
1036 157.2913917257223 19.26435700557098 0
1037 158.9128859625071 22.0163809008882 0
1038 155.7108147492858 16.55850127151972 0
1039 154.4705568659942 19.5511092411125 0
1040 126.4999999989716 2.598076211209301 0
1041 125.0000000000633 5.196152421655587 0
1042 128.0297631032867 5.016833329709958 0
1043 122.0000000021452 5.196152421525214 0
1044 120.5000000038053 2.598076210975777 0
1045 119.0000000121973 5.196152418139393 0
1046 116.0000000183697 5.196152426194438 0
1047 114.5000000148573 2.598076218168325 0
1048 113.0000000308044 5.041800570811231 0
1049 110.0245833813031 5.156233936303416 0
1050 111.6888144127393 7.716005938937756 0
1051 108.5040972760245 2.591423160278375 0
1052 107.029363534132 5.025658279233345 0
1053 105.5055768556639 2.56855170805815 0
1054 104.0058235247303 5.014276929943931 0
1055 101.0232030851453 5.153004126548074 0
1056 102.7660872564286 7.737768471658914 0
1057 99.50386737678554 2.59088497919057 0
1058 98.02674443772689 5.032180623640523 0
1059 96.50510219663012 2.569549178501296 0
1060 95.00530829785832 5.021323111295565 0
1061 92.0206904917134 5.155580282079888 0
1062 93.24131884147634 7.474212919113039 0
1063 90.50344919497634 2.591314830091673 0
1064 89.02382983256868 5.039858174003865 0
1065 87.5045474043621 2.570900860875748 0
1066 86.00473159992552 5.028602755212427 0
1067 83.01809581779517 5.15823890107307 0
1068 84.23829602838849 7.49270457290169 0
1069 81.50301900647619 2.591759837738343 0
1070 80.02082939320836 5.047581633033011 0
1071 78.50397823539505 2.572264001455071 0
1072 77.00414261311894 5.035878099365484 0
1073 74.01543886491038 5.160939627318128 0
1074 75.23522764254808 7.511267315766584 0
1075 72.5025849439005 2.592217325125263 0
1076 71.01776423170091 5.055356839203485 0
1077 69.50340513230962 2.573642813465568 0
1078 68.00355934754974 5.043164685463829 0
1079 65.01276320967423 5.163684880301751 0
1080 66.23224173099909 7.529891215698734 0
1081 63.50217300822571 2.592703443489498 0
1082 62.01470535749221 5.063237326998835 0
1083 60.50286591290605 2.575063281201348 0
1084 59.00094410711172 5.127683062097076 0
1085 56.00024343155764 5.132544822450405 0
1086 54.50016193953369 2.587573967366187 0
1087 53.00030280434437 5.068114059673776 0
1088 50.00836326919206 5.17041628198939 0
1089 51.22875816228772 7.563340700871652 0
1090 48.50181188493137 2.594085676907235 0
1091 47.01046258826905 5.077696980775166 0
1092 45.50275536292173 2.577331181676927 0
1093 44.00276227517337 5.134079636299024 0
1094 129.5049605169572 2.568189695988668 0
1095 131.0355503740787 5.144101084825624 0
1096 133.8611442812041 5.103887976384901 0
1097 132.0849669965274 7.498362009599647 0
1098 135.476857379635 2.582698804059524 0
1099 136.7989372740858 5.642815459151908 0
1100 138.4626324425769 2.669957149725739 0
1101 139.9921099674118 5.264188766885069 0
1102 142.8549447563235 5.11883688293831 0
1103 141.1849310768853 7.957767513334002 0
1104 -53.52588163504558 2.583115918895287 0
1105 -52.03021729771439 5.178623110095934 0
1106 -48.90895950489183 5.126118696871742 0
1107 -54.95937482114858 5.500087986892293 0
1108 -51.04009777656965 7.80953770970519 0
1109 -46.14739785990211 6.242349726475747 0
1110 -46.35970592419174 3.414345777171956 0
1111 -53.50331888431307 7.611803840448634 0
1112 -58.37235134262564 5.540720516963712 0
1113 -59.48524581144106 8.755959327862337 0
1114 -61.52463579516422 6.659600989031699 0
1115 -56.55960129981359 2.703666772347757 0
1116 -65.50000495785493 2.598075851350346 0
1117 -66.54126569853257 5.647788093335758 0
1118 -69.97096294649322 5.292721761280785 0
1119 -68.44162539467433 8.13736714518447 0
1120 -63.48753348639339 4.836610648079141 0
1121 -62.41459036800718 2.367878006923585 0
1122 -71.458486576323 2.816085939294386 0
1123 129.4979243514092 22.40072541308724 0
1124 127.9382310378758 19.83671369610613 0
1125 124.869639787733 19.80282133208808 0
1126 130.8822584316849 19.8298710326199 0
1127 126.2348966301199 17.15791617509541 0
1128 121.5935219164292 19.8400125815579 0
1129 119.794150726984 17.04443776140106 0
1130 116.6610145580705 16.93741217927104 0
1131 115.1597299676197 19.46199028473059 0
1132 112.2742280826806 19.43240753745889 0
1133 123.408425005388 22.42044854401134 0
1134 132.4800304627295 22.40606130182257 0
1135 133.9292947200387 19.7953556809735 0
1136 136.9302407077236 19.83590418302128 0
1137 135.2596578958399 17.14563556998702 0
1138 138.488373449496 22.40726655230392 0
1139 139.8822317821324 19.82599243622141 0
1140 141.4784342036968 22.40650505551304 0
1141 142.9305488304724 19.79074163890682 0
1142 145.931919750215 19.83428645562644 0
1143 144.1679286697602 17.07364251360162 0
1144 147.4886532908804 22.40699692959555 0
1145 148.7784905310186 19.81691956065681 0
1146 48.49998170072372 22.44158757692089 0
1147 49.77878823884897 19.82076994655923 0
1148 52.99964086391952 19.80405492483975 0
1149 54.49981679370642 22.43092673169075 0
1150 57.49989717709505 22.43574238361852 0
1151 58.77706789874293 19.80465151973597 0
1152 61.99983958175536 19.80390548379378 0
1153 63.49992801320338 22.42556583240295 0
1154 66.49997186794681 22.4295083707784 0
1155 67.99999928683623 19.80383837694708 0
1156 70.99996596439451 19.80386640399905 0
1157 72.49998139504643 22.42012120240948 0
1158 75.4999912681277 22.42315411535946 0
1159 76.99999810302162 19.80384572028577 0
1160 79.99998965846261 19.80385135735932 0
1161 81.49999520253979 22.41464870626892 0
1162 84.49999815749722 22.41676976930142 0
1163 85.9999999475406 19.80384698311105 0
1164 88.99999775465415 19.80384881289526 0
1165 90.49999878979584 22.40917576863748 0
1166 93.49999943651747 22.41038442933565 0
1167 94.99999988325447 19.80384745283392 0
1168 97.99999932884722 19.80384782981461 0
1169 99.49999968934983 22.40370735824093 0
1170 102.4999998812251 22.40400463441268 0
1171 103.9999999965465 19.80384753837034 0
1172 106.7608154243194 19.64976181006231 0
1173 108.3480850639443 22.24120850573411 0
1174 42.50013167064614 22.44430396807913 0
1175 43.78662088858577 19.87242393402124 0
1176 39.48057380923209 22.45359449202721 0
1177 37.73737730071739 19.91900776403013 0
1178 35.952397929508 17.31775689167688 0
1179 -59.49999236123855 22.40192425487218 0
1180 -57.88938987935748 19.86773517324565 0
1181 -54.98161042591089 19.9951179415641 0
1182 -60.79178553777574 19.59801190377011 0
1183 -56.42106165084465 17.27898947529966 0
1184 -53.49699265351299 22.43381678898242 0
1185 -51.97106671501577 19.75484740931899 0
1186 -62.39393156364589 22.40545766444826 0
1187 147.4996405559038 2.597477954535328 0
1188 148.7087194681636 5.013191566574145 0
1189 -68.50330216980737 22.48272733916244 0
1190 -74.50720821876422 22.52424485124468 0
1191 114.4226629847819 22.36346273028602 0
1192 151.1444359688078 8.771539828004425 0
1193 157.1442934764669 8.730189151311999 0
1194 161.2176276842858 5.669291166804402 0
1195 145.6391241200112 4.974248026522498 0
1196 150.36726670322 22.42824524715703 0
1197 148.158343092125 8.906685204376529 0
1198 144.4156182387843 2.548106512600842 0
1199 124.5444793762186 9.23367538085437 0
1200 118.4406847217963 9.204825630182075 0
1201 104.8161678173429 16.93009209695512 0
1202 152.8553483905049 16.81364716756139 0
1203 -50.47957172172909 22.406366962981 0
1204 -63.97617894983635 16.40935913800939 0
1205 176.6337664105777 16.83882522082172 0
1206 58.53761986456594 9.59909549442833 0
1207 -72.89025195949017 5.910516153880709 0
1208 15.50864351193611 12.23413258132271 0
1209 11.00984148042748 19.7805464600341 0
1210 43.5500888484513 9.67803557481489 0
1211 5.057755336141399 19.76046534005187 0
1212 -38.93988152595305 3.042380890977527 0
1213 174.4416682177661 21.80510128180585 0
1214 33.23030472419034 7.6723182357806 0
1215 41.00962397513051 5.129763786609563 0
1216 100.9999997076738 19.81454916132662 0
1217 9.609644141356226 12.10750723337411 0
1218 -84.99316776692257 16.36227728630449 0
1219 39.50502848958117 2.569083823151733 0
1220 -42.8996575630896 19.11618116760271 0
1221 153.4435322147497 2.583258316071269 0
1222 151.5997323570377 4.963526231149255 0
1223 13.96849938901586 19.79569222151898 0
1224 -19.36866917348923 17.00484287550746 0
1225 197.5943738783787 15.2777777777318 0
1226 187.0556998226926 8.469901981664053 0
1227 98.69925392034544 16.90574683521196 0
1228 28.45844332276467 14.73950114217599 0
1229 19.91436858713462 19.83160840870066 0
1230 197.5813485662267 9.73631123606436 0
1231 -97.76003671199538 15.26012554360351 0
1232 -74.40689461673269 8.593703291708795 0
1233 -40.33194369146733 16.78757768612152 0
1234 188.6025162784762 16.06091739914132 0
1235 -89.38538933694453 8.673317262701357 0
1236 -11.37822596215996 2.663033431773381 0
1237 95.69925205370421 16.91547422558257 0
1238 110.7699200491001 16.80576484337485 0
1239 22.74995792830255 14.78071493665956 0
1240 -37.02253515214839 16.84597519428702 0
1241 91.93053133228069 19.81468070256508 0
1242 -22.178472168001 16.9369921938245 0
1243 48.22742467771489 7.482917142920594 0
1244 -34.00530540454692 20.26980379957662 0
1245 -12.10705822026328 9.783289004735847 0
1246 89.69925406460766 16.93491713702003 0
1247 -13.56913897103063 16.80738216221348 0
1248 -31.03239013158511 16.58425453402961 0
1249 86.76724504598079 16.9759243430475 0
1250 -44.58693714351752 8.984782189274679 0
1251 -24.95562370881255 19.87429534940399 0
1252 -28.18698304260575 16.90918587615229 0
1253 82.93054082057864 19.84344083188908 0
1254 -5.230812174825661 16.84948502971859 0
1255 24.27219575203362 17.27852041382407 0
1256 -6.634016478384153 14.45204747620287 0
1257 120.2384133965637 22.38695945547152 0
1258 63.22720886983294 7.443105549826162 0
1259 80.69929121575665 16.96404946509078 0
1260 77.76733143940434 17.00647800825685 0
1261 72.2290017961904 7.444742324520646 0
1262 -95.28082092061589 13.84175475110319 0
1263 -62.53562170588511 9.07470413881833 0
1264 73.90277480568255 19.85585940743717 0
1265 81.23082378128829 7.423192196884412 0
1266 71.69947335398965 16.99315886804001 0
1267 -97.78557590298966 9.738308628258112 0
1268 68.85503876294656 17.06877163193609 0
1269 90.23265305414543 7.401702162568804 0
1270 -3.807688196135764 19.68915218028721 0
1271 64.77681370317207 19.77130760641321 0
1272 17.01313542247138 9.82677354016665 0
1273 62.70022031845529 17.0222998229427 0
1274 99.32141240980816 7.427325414051676 0
1275 -97.74195560692637 20.81306518755211 0
1276 -95.1015937214747 19.34857279065876 0
1277 59.89159183866945 17.12354834787703 0
1278 197.7458689106756 20.75579581075712 0
1279 -97.84734491800604 4.232618156400475 0
1280 108.215220553175 7.361154954841125 0
1281 55.74031774013052 19.7839427569225 0
1282 53.70316230791439 17.05166665486993 0
1283 30.30760381753868 22.51300377657088 0
1284 50.97144731823545 17.19376900977117 0
1285 33.36897068512184 22.51052918005125 0
1286 14.05246491579284 9.838627186652117 0
1287 46.70791786899213 19.81011026108322 0
1288 129.2132975236927 7.297791302938783 0
1289 162.9247328798764 8.24224599559548 0
1290 44.97913370066262 17.2418062602401 0
1291 40.72764098315256 19.84762779599906 0
1292 -2.431796741618265 7.339670973635649 0
1293 24.18639593413433 7.409010812878439 0
1294 138.7119273293904 7.549115303275917 0
1295 -8.254363672666599 22.12310893975361 0
1296 38.99939074781798 17.29897571487097 0
1297 -77.4005082683543 2.916932467844131 0
1298 171.7608237701844 2.807523075974744 0
1299 118.4911384276523 19.67878934184738 0
1300 177.4203491797733 2.310643429293821 0
1301 187.6955649128005 20.20404431059337 0
1302 27.12692366519837 17.32322646582332 0
1303 28.71872584422913 19.90320680660375 0
1304 -13.30495726964176 7.730574792982483 0
1305 165.1636047546419 22.22139559315371 0
1306 11.10166671532654 9.850236264401053 0
1307 156.1649176739238 22.30763247391407 0
1308 151.6083410498547 19.6379740136938 0
1309 195.4939228379374 19.51914932296635 0
1310 2.13687412806517 9.727183138067632 0
1311 0.6055861627864569 7.33679134600474 0
1312 25.79645657335434 5.023063862309887 0
1313 147.1029541664327 17.10781907656432 0
1314 -43.8440856443131 2.473688226158586 0
1315 138.1698027079386 17.08472517051388 0
1316 129.1642129758574 17.09886204525894 0
1317 8.107916298587215 9.793228082742797 0
1318 176.8750373182476 6.406328404588179 0
1319 5.100607765346657 9.756027900807922 0
1320 197.9261762205427 4.166666666649213 0
1321 195.5262887777774 8.383274895296955 0
1322 195.5356391248169 13.88888888884286 0
1323 109.5306425073364 19.53766924674048 0
1324 30.02632885620451 7.527140202417159 0
1325 34.43460856097857 9.970096291901569 0
1326 37.5195408943522 9.818583338261707 0
1327 39.35558026071451 7.348883146102314 0
1328 -17.80836385525438 10.12749815921885 0
1329 22.24137660856805 2.944702466244685 0
1330 -10.77687276515301 5.147940294170182 0
1331 42.40683304618656 7.259359305351001 0
1332 45.38634978176754 7.275494829156567 0
1333 49.2225743050948 10.06911559985915 0
1334 52.45553431475027 9.767249722197304 0
1335 54.33648561371805 7.299299134029861 0
1336 57.39942674459442 7.203803582666838 0
1337 64.15225467890639 10.08771544272986 0
1338 60.4169690957272 7.180575014155246 0
1339 -20.53801822450107 6.938778015992106 0
1340 67.44484032262604 9.752983607261111 0
1341 -63.33760275943101 20.2453191504862 0
1342 73.15165398136971 10.0572620988404 0
1343 69.23021416938516 7.444711025019452 0
1344 -58.80709487561953 17.78513095942787 0
1345 76.44541763480616 9.713621322768777 0
1346 82.15150280922842 10.02689423307658 0
1347 -90.82442320740864 20.61159167133158 0
1348 -49.76948151947046 17.24755012386775 0
1349 78.23210787771862 7.423052761533024 0
1350 -54.33969632178882 16.21960779819618 0
1351 -95.5992856901172 5.418840448119075 0
1352 -45.20500446780046 16.85257813565498 0
1353 85.44620339289784 9.674284283871813 0
1354 91.15146822680201 9.996668625658186 0
1355 -23.55578762927809 10.10437817549271 0
1356 87.23405361042452 7.401441111623903 0
1357 -88.00339408951869 20.65334200083038 0
1358 100.5047276849106 9.748510240244975 0
1359 94.44702291654387 9.635047330497502 0
1360 -95.95347375284379 11.08727223622662 0
1361 96.25046354808292 7.387788458262597 0
1362 198.0460845056542 23.06573408798265 0
1363 -98.06946898360016 1.921694429108707 0
1364 -98.0968075875421 23.11840376253321 0
1365 179.4776502011118 6.817503492312903 0
1366 198.083038433058 1.909013181551199 0
1367 109.3801113738197 9.658818082481632 0
1368 103.0991777025859 10.09269724501146 0
1369 -44.22660883602374 4.703416713369664 0
1370 -85.03879515179996 20.68200474206227 0
1371 105.5000001813283 6.902994253542347 0
1372 191.7698696141665 20.5241102820231 0
1373 -26.43757011453591 6.961005428925317 0
1374 -95.96086971761832 16.66666666671058 0
1375 112.0543362647012 9.986216199264424 0
1376 -82.03155959342108 20.74247583178729 0
1377 -8.908657894325563 1.782606686353538 0
1378 114.6127969290747 6.787555784453797 0
1379 117.2381086417445 7.059473067072908 0
1380 -15.23858079224688 7.107380949676975 0
1381 -79.02919682102046 20.77098525417674 0
1382 120.3823060508799 6.977691856410673 0
1383 130.2702368403894 9.718634460379587 0
1384 123.4507111270774 6.901154814121754 0
1385 -76.02823333100314 20.78286692283591 0
1386 126.2860439401959 7.180651806012771 0
1387 -8.983004530547035 5.697332202449162 0
1388 -73.02847412115395 20.79864541468276 0
1389 187.0885922763007 17.97263875792923 0
1390 139.0713201522534 9.661019977513979 0
1391 183.3325394944246 6.439965846132204 0
1392 -32.34081412052791 6.962966383272341 0
1393 21.41281155659394 1.250000000000552 0
1394 133.2552762029111 9.593210784864739 0
1395 -35.4099264618502 10.07139563220395 0
1396 -29.4837026378782 10.1359065672725 0
1397 -70.02804672478035 20.80792814466707 0
1398 -41.86228556529016 4.350406705464889 0
1399 134.486495722621 7.376114601130888 0
1400 176.1752773775261 4.123569410208634 0
1401 -50.49991557998712 9.986101586490175 0
1402 -67.055758099714 20.77009321801259 0
1403 -61.03052337331739 4.289848159189988 0
1404 142.9982297443771 9.432028756398413 0
1405 -53.28150088836696 9.824822125865149 0
1406 144.1094035546248 7.333350844356733 0
1407 193.7053803154414 20.68861780312871 0
1408 -62.78753060642184 18.32831164583639 0
1409 -14.4674175224218 18.94125832852583 0
1410 146.7426947714114 7.207149156618764 0
1411 174.453860220568 18.66416409246398 0
1412 -63.90372843457727 7.005791605763738 0
1413 -94.00526889285521 4.07429024887732 0
1414 149.7346086188348 7.12879677273142 0
1415 -58.21308206065686 15.78115676088419 0
1416 184.0688721768688 18.00888748963694 0
1417 152.7303174529594 7.108504226406192 0
1418 170.0597616347051 21.43878684429087 0
1419 -91.28477175811842 4.431511648973086 0
1420 155.6338274357949 7.216767329856422 0
1421 -48.34226960273068 2.114366114904763 0
1422 -53.72700459493696 18.14070213489541 0
1423 160.9916355780999 21.40786992858785 0
1424 181.2983790254839 17.8901482729083 0
1425 0.4529695200491577 0.3320064372924304 0
1426 1.073795544000658 0.067698266964899 0
1427 1.399340478278515 0.0802195718080895 0
1428 1.707873591883729 0.07624031590539294 0
1429 2.030554881139167 0.0633916969655451 0
1430 2.374025315817833 0.05624561006281556 0
1431 2.720511074848505 0.0705646031339921 0
1432 3.066104919237965 0.07207232188424455 0
1433 -0.3997112556874747 0.3959421470928139 0
1434 3.422894370290079 0.07440052261105062 0
1435 3.787269254504015 0.07470475052569733 0
1436 4.15458309559958 0.08710901506535898 0
1437 4.53864668081712 0.08113856239008069 0
1438 4.912630673869974 0.08179237187954498 0
1439 5.316291526158548 0.08589745091549632 0
1440 5.726632565819997 0.08367039409559945 0
1441 6.13825005284134 0.08998088140318683 0
1442 6.559270493984235 0.09186209197688799 0
1443 6.987840860412675 0.08745599623350719 0
1444 7.413925870678054 0.09550767762031645 0
1445 7.877773356275767 0.09582562755025772 0
1446 8.326945621692234 0.09950187046523187 0
1447 8.815744970575336 0.1019447219161148 0
1448 0.2641750350717802 0.4876313063100393 0
1449 9.28728918792287 0.09978784446018081 0
1450 9.765518802767749 0.09872979477975571 0
1451 1.14237124872689 1.360785927330965 0
1452 1.580029039657765 1.377689670712027 0
1453 10.26027468471809 0.1047068252715125 0
1454 2.179136662609644 1.366657720064019 0
1455 10.76129282439176 0.1085475372004676 0
1456 3.221355678757169 1.374663022312388 0
1457 -0.87198653747914 0.07389096692122364 0
1458 11.14396127839351 0.1086836172656316 0
1459 11.54689667552629 0.0995937048605198 0
1460 11.9402188799815 0.1072287252283431 0
1461 12.36057866931294 0.1269228939655359 0
1462 2.626518154779244 1.368834055310198 0
1463 -0.2014840407661296 0.525217300839417 0
1464 3.989808112817859 1.369188263134984 0
1465 4.717576633032582 1.376422392710918 0
1466 5.928229143175574 1.353416591720965 0
1467 5.466660258536018 1.371490345392635 0
1468 12.76680023727295 0.1182679028178242 0
1469 6.365030732476861 1.380038819772022 0
1470 0.8446020503663677 0.05522741674821588 0
1471 13.18733064855274 0.1044630893286866 0
1472 6.835273036773533 1.360438641023989 0
1473 13.62522236630637 0.1200969042816137 0
1474 0.03867435202712252 0.5590873499756143 0
1475 7.272021286620054 1.359414856294506 0
1476 14.04505781296978 0.1261315257830813 0
1477 7.715732562753795 1.377481165456001 0
1478 8.167122263136285 1.385343446733215 0
1479 -1.37009618943248 0.8250000000036841 0
1480 8.601976143001004 1.361226263286354 0
1481 9.541462652958813 1.363206527286712 0
1482 9.069922188466956 1.372901396000587 0
1483 9.975047094069589 1.353314514059845 0
1484 10.43728689137785 1.362120315083447 0
1485 11.3235883298106 1.370523402546395 0
1486 10.87329528476966 1.370644733194506 0
1487 11.769159670727 1.372073274970495 0
1488 12.52998247910452 1.366944235963315 0
1489 12.97454786532574 1.372439286651187 0
1490 13.42970534189058 1.372913889201486 0
1491 13.87413657996022 1.369509722334339 0
1492 -0.6749999999973303 1.370096189431914 0
1493 0.6875608177669411 1.380076597139889 0
1494 14.8733996156329 0.8250034684151655 0
1495 -0.4925302045801481 0.2665450335759013 0
1496 0.2220470035007397 1.370145636755222 0
1497 -0.217752602487738 1.354929483897285 0
1498 14.32578212663543 1.369667109983493 0
1499 14.47083203337235 0.1232571241717626 0
1500 0.5241245701041147 0.1972201115674523 0
1501 -1.072716653868252 0.08083117091701905 0
1502 -0.9727469281754763 1.376240114388933 0
1503 -1.37359030577338 0.5182640582780962 0
1504 1.891682190591013 1.378030268188204 0
1505 2.942311520514624 1.378590924541497 0
1506 3.522488032982368 1.36120164857009 0
1507 4.274994222038299 1.396815065017576 0
1508 5.023517253051336 1.380532607973309 0
1509 12.06670677202612 1.366177847548734 0
1510 -0.690190633959946 0.06778038246283723 0
1511 10.51256120322429 0.1059581587012855 0
1512 14.87421401129034 0.525058052068344 0
1513 10.0106101873937 0.09944333452244089 0
1514 9.526039002893436 0.09691627827307017 0
1515 9.022034689578101 0.1019747441184893 0
1516 8.553169768780272 0.1014392097866676 0
1517 8.102682086453655 0.0965406135473329 0
1518 7.659609909191579 0.1000074912873561 0
1519 7.199292683703529 0.09027684173537183 0
1520 6.772515666778638 0.09381316031642359 0
1521 6.334011372457613 0.09886151682250169 0
1522 5.930938019992533 0.08884132636396369 0
1523 5.526904118395373 0.08742976882734599 0
1524 1.230407876481649 0.06474078118796744 0
1525 5.139705609704707 0.07393604398184601 0
1526 4.734394132287847 0.09767813570483494 0
1527 4.350064991441262 0.07544651807667424 0
1528 3.977217337969599 0.0837787162348092 0
1529 3.604063404463274 0.07865774138397752 0
1530 3.242806078382765 0.08112028464671857 0
1531 2.888860332889801 0.08243358280743868 0
1532 2.552954063899215 0.07443689160883939 0
1533 2.215863405023635 0.07065347631861464 0
1534 1.889523066970797 0.06626552701493908 0
1535 1.551520164092347 0.06953252827267466 0
1536 14.87441090369338 1.124999996092167 0
1537 0.680071586784012 0.06344598514741187 0
1538 -1.350296616211512 1.139629445451836 0
1539 14.62594309690358 1.370821168132245 0
1540 -1.369900346567984 0.2277133952625138 0
1541 14.87912944770209 0.2254596805106564 0
1542 -0.5552471094786176 0.1185444029796629 0
1543 -1.258216693081061 1.375500711530944 0
1544 0.5552288679056705 0.1204122609847079 0
1545 0.5967764739517444 0.1845194864156207 0
1546 0.5694331884458748 0.254582945917038 0
1547 0.6441167884807106 0.2415019846505293 0
1548 0.615483166219112 0.31504867736369 0
1549 0.6942791518702253 0.3013479365481975 0
1550 0.663885006964719 0.3781978163563862 0
1551 0.7445025662928701 0.3660770725329007 0
1552 0.7163972648821619 0.4437407852024756 0
1553 0.8001382696415484 0.43226122129367 0
1554 0.7706565820944788 0.51401149020076 0
1555 0.8615295225863452 0.4981849048839308 0
1556 0.8284504192137137 0.5870203773210196 0
1557 0.9239917210124791 0.572160760425388 0
1558 0.7390738314337209 0.5965958277658544 0
1559 0.8886350939452325 0.6647171140624373 0
1560 0.9878687026800891 0.6491624395794269 0
1561 1.022849623823286 0.5541037993313285 0
1562 1.087997581332498 0.6323364274571137 0
1563 1.123321998194209 0.5366256642777745 0
1564 1.190459952166749 0.6143174087031511 0
1565 1.15357764132699 0.7075678655156497 0
1566 1.257382100587234 0.6906864418526966 0
1567 1.293892424635038 0.5942319175914759 0
1568 1.361811954684052 0.6706773975285248 0
1569 1.398677746481132 0.5743777996121789 0
1570 1.466664427924809 0.6528016458764681 0
1571 1.503322712830041 0.5548325007874528 0
1572 1.570945342654348 0.6309833300776174 0
1573 1.606442466701008 0.5345984943979032 0
1574 1.675817834675267 0.614977729609835 0
1575 1.63264759756622 0.7073957591802152 0
1576 1.747180570513384 0.6939614216900305 0
1577 1.782783269557548 0.5932094543355811 0
1578 1.856096294953669 0.6739658581605883 0
1579 1.889898695419692 0.5707743125822893 0
1580 1.962643392951277 0.6487976504675925 0
1581 1.996561378681355 0.5481434696001574 0
1582 2.068997227179695 0.6258929016384684 0
1583 1.336862997319463 0.7711477314289367 0
1584 2.103561309788517 0.5255234489595169 0
1585 2.176422458636687 0.6060234624535566 0
1586 2.136506648563795 0.719182644760359 0
1587 2.254186595839393 0.6858219458416942 0
1588 2.284446843581729 0.5810821135239576 0
1589 2.360349193013912 0.6619525250443838 0
1590 2.392248540932139 0.5572584624917666 0
1591 2.46768077393192 0.6370097122454077 0
1592 2.327897583617217 0.7706901904361303 0
1593 2.499738789588002 0.533030564510544 0
1594 2.574977441653828 0.6130791301363717 0
1595 2.606711113322067 0.5089316545975892 0
1596 2.682404083487161 0.5887084185741882 0
1597 2.650193672601099 0.6953546536518225 0
1598 2.7594777920082 0.669222178783367 0
1599 2.790893077790285 0.5611023764270886 0
1600 2.868441935997432 0.6421551358263229 0
1601 2.903240113472718 0.5330590823504089 0
1602 2.979596054026974 0.6136963539123357 0
1603 2.946809874188114 0.7243016763458372 0
1604 3.05764490397272 0.6957039062363733 0
1605 3.087312404731981 0.5854730444980617 0
1606 3.167696247388909 0.6665411974606308 0
1607 3.196827654096704 0.5573723168185059 0
1608 3.277979175009732 0.6375001221728065 0
1609 3.248394077968064 0.7490241721016951 0
1610 3.360268289043996 0.7175057719444877 0
1611 3.389218157749482 0.6053702126783622 0
1612 3.471762708098016 0.685375391041362 0
1613 3.500460683210493 0.5748850029995365 0
1614 3.582675886156399 0.6546619150552271 0
1615 3.6144555523332 0.5421649704336717 0
1616 3.695390108801283 0.6219617374973351 0
1617 3.665729354536556 0.7359871713495882 0
1618 3.777918959543866 0.7031297120376023 0
1619 3.804621817016807 0.5894710670593275 0
1620 3.88929862676932 0.6695092695607114 0
1621 3.91542334480294 0.5571458052196054 0
1622 4.000733817391447 0.6361805565700827 0
1623 3.974310270692837 0.7507076845634606 0
1624 4.08726555039042 0.7155399224792385 0
1625 4.112876031973935 0.5999975813461 0
1626 4.19965308848758 0.6796299746382182 0
1627 4.228209901526178 0.5644631845051968 0
1628 4.313780873001846 0.6434332373143059 0
1629 4.287235085251856 0.7601532939157427 0
1630 4.400793696744355 0.7229532938436674 0
1631 4.426165777691102 0.6066374036133966 0
1632 4.513699347505324 0.6850414444324111 0
1633 4.536266834742038 0.5693714986337173 0
1634 4.625574369222126 0.6468766939177493 0
1635 4.602688244478987 0.7647949714375704 0
1636 4.71653067570251 0.7253645877909327 0
1637 4.738520819406358 0.607877000698862 0
1638 4.829735437305867 0.685497993466874 0
1639 4.851581385863874 0.568459442321898 0
1640 4.942734064947218 0.6457934027487777 0
1641 1.820213725253666 0.7755706186728891 0
1642 4.920647392349724 0.7621651239619349 0
1643 5.033987018028799 0.7197019622185594 0
1644 5.05275939196218 0.6043753031212423 0
1645 5.148438568639017 0.6810065552564699 0
1646 5.129176303482026 0.7916929682661087 0
1647 5.242940719944751 0.7540961838996553 0
1648 5.263230550723439 0.6376285730499527 0
1649 5.357424387321563 0.7118492906064185 0
1650 5.377658921918919 0.593926633885224 0
1651 5.470807323378338 0.6682262052949399 0
1652 0.889867931083503 0.3987778970382357 0
1653 5.485723012386249 0.5569742108898641 0
1654 5.584072118051997 0.6275427818015985 0
1655 5.559061553875066 0.7441798068117016 0
1656 5.678649430446531 0.7013127379852722 0
1657 5.702084856321982 0.580493544832519 0
1658 5.793991019327143 0.6572225290042362 0
1659 5.773143026298492 0.7785799149078316 0
1660 5.891580365474984 0.7327472726199671 0
1661 5.91174459836334 0.6088581561100507 0
1662 6.008811728137287 0.6840514560323687 0
1663 5.991376397452268 0.8087066704883272 0
1664 6.107409607766865 0.75997073323415 0
1665 6.122186465420863 0.6356094774439107 0
1666 6.222125631138983 0.7105427287597054 0
1667 1.328279936551315 0.4819574919015644 0
1668 6.237014011342538 0.5866617431295685 0
1669 6.337531401675466 0.6600179289682919 0
1670 6.323196927521693 0.7850039062915922 0
1671 6.438071694317688 0.7352253045491037 0
1672 6.455179140378665 0.6079958570380951 0
1673 6.554787674275451 0.6826417340359556 0
1674 6.540141300171413 0.8094633437721056 0
1675 6.656286328082473 0.7570446069774737 0
1676 6.668029000169745 0.6308569619319895 0
1677 6.771018396990188 0.7041472894807277 0
1678 6.782492323657214 0.5791708475541937 0
1679 6.885530218222236 0.6515768425099338 0
1680 6.874285779835393 0.7771420687290896 0
1681 6.989836893242992 0.7236976677289561 0
1682 6.997455900708863 0.5981038763834577 0
1683 7.104143100106327 0.6694073266202293 0
1684 7.100074520896264 0.7946835154267704 0
1685 7.213031661039641 0.7378406389048915 0
1686 7.215968231296182 0.6131540387817644 0
1687 7.325250400274119 0.684211076091632 0
1688 7.314216719881612 0.809106489873888 0
1689 7.432099949714186 0.753714675898234 0
1690 7.435698933340397 0.6261729081397351 0
1691 7.548046261958294 0.6970044045366648 0
1692 3.328701090926034 0.8316189757224839 0
1693 1.815543206799008 0.4763168562188402 0
1694 4.374912243616818 0.8410682341790268 0
1695 3.749808119639924 0.8184756073265314 0
1696 2.727189731991528 0.778539558363211 0
1697 0.9518554296468469 0.7460253715524426 0
1698 4.061068505411682 0.8324470984774242 0
1699 3.026284928390524 0.8078423956642008 0
1700 0.6305571457312198 0.4559411438335307 0
1701 5.319992270251618 0.8350890929619373 0
1702 7.538152830364817 0.8259927682382051 0
1703 7.657104247845983 0.7673923254491568 0
1704 7.657718044136148 0.636533702731357 0
1705 7.773151990120283 0.707569055155852 0
1706 7.7676829868286 0.8383993210278868 0
1707 7.883945986978015 0.7772048925997705 0
1708 7.889623806078351 0.6468354426673055 0
1709 7.999612968048212 0.7157355855096423 0
1710 2.315117566844703 0.4628264596708954 0
1711 0.8470989466171426 0.7603877045697842 0
1712 0.913908357717155 0.8464630002816554 0
1713 0.8001922880679062 0.8597862592656313 0
1714 6.091873646754939 0.8864813429636845 0
1715 8.004349505185839 0.586489339306796 0
1716 8.115079352971787 0.6544034960819611 0
1717 8.110275194568093 0.784697420070394 0
1718 8.226857007739705 0.7228068590979815 0
1719 8.222279884787108 0.8551043191416339 0
1720 8.338912958771479 0.7921748762998153 0
1721 8.343057360246981 0.66011826169496 0
1722 8.455045997223438 0.7287338507289211 0
1723 8.457920409701606 0.5976683178764469 0
1724 8.570396536857327 0.6654260610922802 0
1725 8.567633573616732 0.7972456208762839 0
1726 8.683695655985993 0.7334986275907325 0
1727 8.685559890877222 0.6011768490777569 0
1728 8.799219562265375 0.6688124548703743 0
1729 8.802372003939405 0.8007126271280353 0
1730 8.914102756428727 0.7357475976575615 0
1731 8.914570873678041 0.6035965819425527 0
1732 9.029201440948066 0.6697520067836368 0
1733 9.02961900931578 0.8024026865851895 0
1734 9.145341045021578 0.7362638999315345 0
1735 9.145252175775855 0.8716702925619916 0
1736 9.26227367259893 0.8038343491701442 0
1737 9.26186672328148 0.6689589539291989 0
1738 9.378728483046217 0.7357999925874323 0
1739 1.538528002536004 0.4568501512152693 0
1740 5.283810875691501 0.5184449773047701 0
1741 0.8725536809017838 0.9496780570109987 0
1742 3.418654160069904 0.48032028252758 0
1743 4.693643211923188 0.8452204483631712 0
1744 9.378097375978857 0.6020212498952815 0
1745 9.495793842656647 0.6674759904128155 0
1746 9.495582717503696 0.8031454479186095 0
1747 9.613829846517694 0.7337386760340096 0
1748 9.6135550605046 0.8711916980835951 0
1749 9.731721826409151 0.8011073179234205 0
1750 9.730487094868792 0.6645603135871443 0
1751 9.848862592455754 0.7312991652855272 0
1752 0.9830284787240445 0.9267277765650445 0
1753 9.846136595763689 0.5960749299589037 0
1754 9.964434179125078 0.6619408517535121 0
1755 9.967343305967708 0.7976229324736048 0
1756 10.08459417068564 0.7278864836741002 0
1757 10.08714190204214 0.8649726369060531 0
1758 10.20497372967666 0.7940587825906043 0
1759 10.20224292658385 0.657268786354663 0
1760 10.32254931302234 0.7227997649582222 0
1761 7.879546346426785 0.9098439193839825 0
1762 3.119287167330552 0.4781429303788625 0
1763 4.138808794764261 0.4714609587190701 0
1764 2.82391319639895 0.4404634351000751 0
1765 2.03130898803385 0.447784227139803 0
1766 4.450259230046523 0.4924428597750515 0
1767 4.558867578924255 0.4558774106772739 0
1768 10.32209963964047 0.5829097014686806 0
1769 10.44066711299851 0.650415781283733 0
1770 10.44285787789702 0.7889812262692205 0
1771 10.56139384289816 0.7163589839585252 0
1772 10.56412470550279 0.8559274855078789 0
1773 10.68244721551633 0.7833648205978571 0
1774 10.68141428915105 0.6429656946233353 0
1775 10.80014293394047 0.7107865355294141 0
1776 10.80148039912751 0.8445501979750807 0
1777 10.91938650536983 0.770659987084744 0
1778 10.91891377185218 0.6361316254490051 0
1779 11.04067128251181 0.7014405752223047 0
1780 11.03717367375949 0.8570237682199133 0
1781 11.1641793113026 0.7675891250232817 0
1782 11.15899747527197 0.6281420136512226 0
1783 11.28226219774009 0.6930800931266972 0
1784 11.28955377663007 0.830700378717302 0
1785 11.4071578477433 0.7575222248786249 0
1786 11.4109781547745 0.894528316028569 0
1787 11.53197920215369 0.8219003855044474 0
1788 11.52537394521114 0.6820050859844926 0
1789 11.65098088493385 0.7463807734550862 0
1790 11.64425965217108 0.6061342910560166 0
1791 11.76965368256796 0.6705929431081225 0
1792 11.77649378325264 0.8115822222093512 0
1793 11.8956588962125 0.7351700995770619 0
1794 8.123943482025071 0.5239467532859741 0
1795 6.139276908330243 0.5137339599658532 0
1796 3.833575852704818 0.4788380801723204 0
1797 0.7591799852894116 0.9673995534795515 0
1798 0.686326593823372 0.8743313683642172 0
1799 0.6445724739365934 0.9817158125251766 0
1800 0.5755189887692058 0.8903042739578017 0
1801 0.5315192349399124 0.9961838730147659 0
1802 0.4657951513346828 0.904850059577321 0
1803 0.5075906750282598 0.8053777408750868 0
1804 0.4001299880106902 0.8177135487337194 0
1805 0.358809410470954 0.9161501760201425 0
1806 0.2950812138660869 0.8310940525947293 0
1807 0.2534772921675102 0.9262678014671654 0
1808 0.192284388356419 0.846057654280394 0
1809 0.149632076878454 0.9373543758342768 0
1810 0.08888043785503369 0.8603408498156733 0
1811 0.04575348583086668 0.9496995588349266 0
1812 -0.01572268288193033 0.8680663816166425 0
1813 -0.05886055727951094 0.9606122572907108 0
1814 -0.1200299837217532 0.8756748350350364 0
1815 -0.1641232885567816 0.9702611354784785 0
1816 -0.2265981072104107 0.8852212856578087 0
1817 -0.2696105642737057 0.9820199076913712 0
1818 -0.3345449475218448 0.8948133976951733 0
1819 -0.3738481578712965 0.9968655203902523 0
1820 -0.443403268460684 0.9057620365911792 0
1821 -0.3994089795382862 0.8062097282794433 0
1822 -0.5067416956296897 0.8152394083159025 0
1823 -0.5553255324278971 0.9151318980389996 0
1824 -0.6188544886874742 0.8221423020581689 0
1825 -0.6702207879073681 0.9258637309560011 0
1826 -0.7361168783337455 0.8290369234617447 0
1827 -0.6840867973533835 0.7253899193358146 0
1828 -0.7996088702510892 0.7319286344260681 0
1829 -0.7497340433535395 0.6287343128402398 0
1830 -0.8541240335794995 0.8352856278975139 0
1831 -0.8625362986085939 0.636027342475872 0
1832 -0.811259013548647 0.5336303525137116 0
1833 -0.9250288902428651 0.5377878172038706 0
1834 6.644319632354454 0.8852932138187348 0
1835 8.335117422759343 0.9262987970064256 0
1836 11.27628439785357 0.5545143630383713 0
1837 6.68209405903823 0.507176064999985 0
1838 9.029305647998829 0.5381195086526831 0
1839 11.90267169876281 0.8770530079507735 0
1840 12.02240891378214 0.7998612005757028 0
1841 12.01750203811048 0.6532620493622415 0
1842 12.14342113593767 0.719112143917916 0
1843 12.14840775511674 0.8621829702354901 0
1844 12.26840263874505 0.7845072031763124 0
1845 12.26238476257648 0.6383852723725962 0
1846 12.38866235202363 0.7063881947063986 0
1847 12.3962910072946 0.8484038516691244 0
1848 12.51684149768149 0.7722571709948103 0
1849 12.50794905213209 0.6281060965760025 0
1850 12.63693576272247 0.693002395004836 0
1851 12.64473397834116 0.8371540790804954 0
1852 12.76536898345434 0.7576502788343108 0
1853 12.75640096256577 0.6140870023559389 0
1854 12.88515226457463 0.6780367814930677 0
1855 12.89457910885755 0.8218455783304532 0
1856 13.01496423535575 0.7419126093526197 0
1857 13.02443493448962 0.8864749233533324 0
1858 13.14528356278622 0.8058556586597764 0
1859 13.13481620084314 0.6615890662486993 0
1860 13.26590472892638 0.7249520913079024 0
1861 13.27586057464641 0.8699225696170423 0
1862 13.39678946733488 0.7887165679530425 0
1863 13.38717007601328 0.6428220931194567 0
1864 13.5178972343831 0.706722169958524 0
1865 13.52665953829096 0.850626921052502 0
1866 13.64888053358847 0.770500399002755 0
1867 13.6387134488748 0.6247774516124454 0
1868 13.76996948816149 0.688786717961459 0
1869 13.78082845004378 0.834949976162486 0
1870 13.9025538451816 0.7522872182381619 0
1871 13.91586114683151 0.893833486912795 0
1872 14.03556687424126 0.8154412522723158 0
1873 14.02424882174156 0.669221127331458 0
1874 14.15707511796978 0.733162395405055 0
1875 14.14592711227978 0.586354952090952 0
1876 14.27895062823786 0.6502188303653775 0
1877 14.29007977780738 0.7975652645749123 0
1878 9.730240370088691 0.5300175742335427 0
1879 2.532868598228124 0.4308294043848241 0
1880 7.899130474248963 0.5112833868786149 0
1881 -0.4597300077066282 0.7198443255831616 0
1882 9.263269539487439 0.9366270938643858 0
1883 6.792757413650769 0.4571789028816832 0
1884 12.87584349223827 0.5349095221377993 0
1885 -0.703522935747908 0.528331204157177 0
1886 -0.7605965770003051 0.4393839671062427 0
1887 6.255138262408337 0.4648209497115636 0
1888 5.972924156917618 0.9369510407764159 0
1889 9.733461715896928 0.9390909543943218 0
1890 13.75943613703773 0.5428263957608337 0
1891 10.19536004572295 0.5243717441449629 0
1892 9.032089233974142 0.9356554126918876 0
1893 0.003580920604811955 1.046832270188711 0
1894 10.20731135801917 0.9327494840376866 0
1895 -0.9784303180415019 0.6438377603373289 0
1896 6.52510460225285 0.9394080949552787 0
1897 0.4415144966441057 0.7243702393950993 0
1898 6.076673397726831 1.016627997303114 0
1899 14.04599716806107 0.9636144824272247 0
1900 11.76262354933436 0.5306271195538603 0
1901 14.41230655776742 0.7141934811958168 0
1902 14.42353648557216 0.8620341898277475 0
1903 11.53900514294283 0.9793771489016062 0
1904 10.44416028950423 0.5104356421670326 0
1905 0.3147425803676558 1.013007517010363 0
1906 8.916483543081112 0.4730382555818542 0
1907 12.90340314691702 0.9671612772937928 0
1908 0.7795901009838738 0.2925989434912759 0
1909 14.40103220572348 0.5666854421308739 0
1910 4.477250705769261 0.3790592888115679 0
1911 7.760396648487562 0.9721792626832914 0
1912 7.874919473012806 1.045443380553418 0
1913 11.15439761659329 0.4904737272729323 0
1914 9.84388097729617 0.4625049180256771 0
1915 3.634025330103519 0.8523645237833777 0
1916 3.720813498639539 0.9388386660582398 0
1917 3.602900839559762 0.9710516703359181 0
1918 3.691697111508752 1.062122306816701 0
1919 3.811066122878055 1.025761851826284 0
1920 13.79120753748188 0.9833045703660919 0
1921 -0.07524451510505643 0.7864780778006242 0
1922 0.824823470239074 1.053039337266396 0
1923 11.30044771017626 0.9612924842492909 0
1924 2.614066099158001 0.8055096847629556 0
1925 2.693326034994574 0.8932608295291449 0
1926 2.575079505631318 0.9203298659897181 0
1927 0.234225682180834 0.7485163703276285 0
1928 4.592003795983168 0.3414941440416348 0
1929 6.633404384384776 1.017282988473006 0
1930 11.27042036460033 0.4174842457946916 0
1931 8.218068744510743 0.9898841903614573 0
1932 8.332007155888023 1.063343944150493 0
1933 -0.6036016653570095 1.023542610947535 0
1934 -0.7246137771236514 1.034908754143618 0
1935 6.693800177098105 0.3873902226969621 0
1936 6.157459780679671 0.3929339328297803 0
1937 2.659092278389756 1.011719567156987 0
1938 2.535594222756569 1.036772366274389 0
1939 2.776283712561456 0.9820150459664714 0
1940 -0.3598051283867423 0.7113259961406829 0
1941 12.74818857271856 0.4711670856437734 0
1942 11.63857460489075 0.466674409814585 0
1943 10.0895072205262 1.004382590006204 0
1944 -0.4142684453550285 0.6323488246717448 0
1945 -1.04242459659525 0.5447720846206074 0
1946 -0.986883417174477 0.4397954310990314 0
1947 13.03414743135062 1.032233556365982 0
1948 9.613073525250124 1.009978636192092 0
1949 13.62844058395831 0.4793719366023504 0
1950 9.734854718288108 1.079496618547574 0
1951 -0.6587410602139313 0.4361237918298187 0
1952 -0.7069646444324922 0.3531535526469178 0
1953 9.031805081198893 0.407866832760417 0
1954 13.74854471070686 0.3978442988333968 0
1955 10.21066936149336 1.073218193846625 0
1956 9.72913061811008 0.3979061897364322 0
1957 -1.106503511487719 0.4447635529209968 0
1958 6.278659290240899 0.3436873318081128 0
1959 11.75686280986293 0.3912739940453115 0
1960 -1.099017841893241 0.6523945526085195 0
1961 -0.2077436365692853 1.064558949773697 0
1962 6.802337020930296 0.3378610903806301 0
1963 14.53453592726645 0.630534985142471 0
1964 14.52055290042136 0.4790449294548234 0
1965 14.38910267502559 0.4188774708460334 0
1966 12.86670451061938 0.3924463453998602 0
1967 6.50976486386938 1.072268103573365 0
1968 2.745620044656288 1.105051860946739 0
1969 2.867107018155645 1.075807191791013 0
1970 5.953900695827542 1.067718832569388 0
1971 4.368794779133013 0.4163472168300466 0
1972 0.6009468729617488 1.090860663911432 0
1973 -0.6034375583657835 0.514414788792247 0
1974 0.5450193622914299 0.7092266513158025 0
1975 0.4804756765815719 0.634032902028366 0
1976 0.3897509391457455 0.6423993729395517 0
1977 0.4252751501724175 0.5602132411060097 0
1978 1.056000605614057 0.4631799828459898 0
1979 4.390917181664036 0.3083442938322282 0
1980 4.288799291612169 0.3420278829485058 0
1981 2.133811407866271 0.426615690224542 0
1982 2.065261425471427 0.350477637299999 0
1983 2.1547746380708 0.3264272492026077 0
1984 1.966465159633344 0.369629995498821 0
1985 1.998960927148299 0.2772957045086928 0
1986 1.90444279157196 0.295564975070753 0
1987 6.046179171514913 0.4404937295819021 0
1988 6.05998845476334 0.3250138017387555 0
1989 5.95429969948852 0.3697419436606225 0
1990 3.224082794193737 0.4510989679753116 0
1991 3.1480970780537 0.3750860686848275 0
1992 3.242891517007652 0.3459574923746851 0
1993 3.04599110476981 0.4005622643936988 0
1994 3.074181891419628 0.3012292944302958 0
1995 2.975247705453107 0.3257883532730272 0
1996 2.636168751554173 0.4076229286490327 0
1997 2.565570076624726 0.3316205599892262 0
1998 2.656169296462136 0.3091157432468996 0
1999 2.465608038193063 0.3529883575511931 0
2000 1.638100789962682 0.4380831048211032 0
2001 1.57209996106267 0.3622689901792929 0
2002 1.660408671074697 0.3408365138683227 0
2003 1.475539029107274 0.3806999853692175 0
2004 1.508294362815437 0.2897487094155768 0
2005 1.418226076285468 0.3040187185888636 0
2006 3.939826611818376 0.4476790873061865 0
2007 3.859608355365341 0.3724159542011493 0
2008 3.953407753273247 0.3413724853948279 0
2009 3.755858083017908 0.4019847854859929 0
2010 6.585213440654931 0.4357694595387361 0
2011 3.781427624952105 0.2991108647412584 0
2012 3.680658760521818 0.3276989930804439 0
2013 1.155156173769138 0.4431063393053831 0
2014 1.090834921951846 0.3723252831123395 0
2015 1.184773026523473 0.3537124917231763 0
2016 1.125323313389557 0.2825393027365499 0
2017 1.211814464705808 0.2658873062345605 0
2018 1.034994738819845 0.2979501631928575 0
2019 4.76021149159808 0.4925802254758058 0
2020 4.871100578659949 0.4548019919374462 0
2021 4.783820259716988 0.3807018226182969 0
2022 4.891004625422529 0.3429556751074767 0
2023 9.615750568690395 0.4641450727439336 0
2024 6.059350341456565 1.14670650473729 0
2025 6.179546375073306 1.091688956014774 0
2026 8.34792699803211 0.5300033736648905 0
2027 8.460266926906332 0.468763677927088 0
2028 8.352596066802352 0.4025626984329417 0
2029 -1.04975127662731 0.3409596036625758 0
2030 -0.9355702965280013 0.335734847301743 0
2031 8.918397366424713 0.3441733474832026 0
2032 8.804628354506407 0.4078927588758288 0
2033 6.619520411239542 1.152817321077075 0
2034 6.745343775702739 1.095913907550613 0
2035 4.976898873947722 0.4157308509564997 0
2036 4.996059298067164 0.3061991472282307 0
2037 5.08004496255689 0.3767118314783089 0
2038 3.573448234761864 1.094362643167601 0
2039 9.261370151277619 0.5360709726041626 0
2040 9.378687278103005 0.4702629915848844 0
2041 9.262945125082124 0.4055020565597832 0
2042 9.37541755233344 0.3398958643497779 0
2043 6.900625815062903 0.405987321980811 0
2044 8.462523623372553 0.3424684827479277 0
2045 3.78563500474859 1.154063793342126 0
2046 3.912826434456524 1.117525013399518 0
2047 9.840797190930841 0.3333017785633353 0
2048 9.95557632374306 0.3952630730383949 0
2049 11.88376023015581 0.4506643770066572 0
2050 14.01311164863648 0.522928235337679 0
2051 14.1346640542991 0.4399981348638809 0
2052 12.99445654108023 0.4555850537508788 0
2053 2.497053636459823 0.2586214617914363 0
2054 2.401508862269784 0.2788291854752232 0
2055 14.30079673875234 0.9455326083144052 0
2056 14.43682880434243 1.005738585247269 0
2057 14.55797430782173 0.9256893395748749 0
2058 14.57142644476338 1.069667062856507 0
2059 8.45108346825533 0.9976193068286396 0
2060 11.78483051240704 0.9499999887685602 0
2061 11.90971369114947 1.020064555815814 0
2062 8.449579138382349 1.136588083716817 0
2063 8.57091863204314 1.069999283815978 0
2064 10.4446724689279 0.9280153632787337 0
2065 10.56769055903574 0.996295013538 0
2066 6.596963756831106 0.3187182257083809 0
2067 5.848809389319534 0.9867109883977317 0
2068 5.829239784587266 1.118831465764933 0
2069 5.721859914275102 1.036179297760232 0
2070 5.702745660226118 1.17048606686425 0
2071 5.596084809663791 1.085635193038679 0
2072 -0.5636514771515242 0.4260510644805584 0
2073 12.9846111415493 0.3136579568395948 0
2074 13.11250542100683 0.3761763521874747 0
2075 10.44728909219793 1.069382240534146 0
2076 10.57132024589692 1.138505418538321 0
2077 10.69171602472452 1.064015877830442 0
2078 0.4801959238934016 1.107860271751226 0
2079 6.490371364741724 0.3659900102006954 0
2080 9.612270614390516 0.3357425520556648 0
2081 4.576670598987215 0.885299091521394 0
2082 4.670748051280876 0.9696887747580165 0
2083 4.54944005217492 1.011426588606324 0
2084 4.646318907876005 1.098348444055822 0
2085 4.773186666915074 1.043991607863122 0
2086 4.520114275508898 1.140163402791607 0
2087 4.427244253725473 1.051122206801172 0
2088 4.259584972790831 0.8777530798838469 0
2089 3.216644449154823 0.86379084244797 0
2090 3.29891859299813 0.9512235473183105 0
2091 3.185103211779584 0.9798376196171429 0
2092 3.268260698183246 1.068791924281436 0
2093 3.138293206921427 1.096163951545716 0
2094 12.91096922859891 1.111476899872425 0
2095 12.78088806592979 1.047707293811157 0
2096 12.78835688310674 1.192348679331308 0
2097 12.65832659170757 1.127733593821705 0
2098 4.80736329145406 0.2724333944456757 0
2099 14.31419860369486 1.102359297332293 0
2100 7.753457622672766 1.107745081500845 0
2101 7.872499514289489 1.190299717389672 0
2102 7.637256571628669 1.034297308521898 0
2103 7.992131253275382 1.11900759758405 0
2104 11.77450632281996 1.10664992260324 0
2105 13.99986315606473 0.3797036141720934 0
2106 11.14845569330231 0.3565533340337104 0
2107 11.0345903551904 0.4259708431226318 0
2108 11.02877334030398 0.2939109963879283 0
2109 10.91630114969061 0.3620161394526442 0
2110 8.575039515460805 0.4066589905209012 0
2111 -0.3222331078251686 0.620640116453255 0
2112 -0.2679056184244363 0.6966694270899293 0
2113 1.158503742648744 0.2005886737408208 0
2114 2.452183890323485 0.949149087734904 0
2115 2.411030483935491 1.064512715642546 0
2116 2.326607818679815 0.9753696341201042 0
2117 2.2858725108089 1.093587279067727 0
2118 2.199419054186058 0.9977191702879504 0
2119 2.370452708860148 1.190746148017713 0
2120 2.159282319638599 1.120409141873917 0
2121 2.071661578125747 1.024533547044747 0
2122 2.031474272678606 1.145799712569866 0
2123 1.945785919922391 1.050059151026508 0
2124 1.98555498115114 0.9280502541029743 0
2125 -0.3795665665056343 0.5473871671460665 0
2126 3.705048075248014 0.2267175067825576 0
2127 3.607073804091364 0.257186979879973 0
2128 3.57665037353628 0.356543844340494 0
2129 3.507878281501741 0.2826287842643963 0
2130 6.407578465097698 0.9914558622956353 0
2131 1.451720074652447 0.2203581091019073 0
2132 6.911024003064565 0.2903796700983987 0
2133 7.006535569573183 0.3551468509483856 0
2134 -1.032172502281033 0.7512992046629512 0
2135 3.001417781331861 0.2321033762919257 0
2136 2.905657215631924 0.2544704531409998 0
2137 5.099969811577825 0.2716609823352407 0
2138 5.182788323206355 0.339410860453755 0
2139 6.165481117557075 1.235666057571269 0
2140 -1.165938331900073 0.3416680219665511 0
2141 11.39456828194725 0.4796875734066851 0
2142 11.38702434071088 0.3424584203984458 0
2143 7.633803067185731 1.166237337560962 0
2144 7.512188591377134 1.095641534274219 0
2145 7.505777325227855 1.245346187498797 0
2146 7.38458790212913 1.155700881825402 0
2147 5.202691303220742 0.2352563323790899 0
2148 5.284607143254564 0.3009868264772947 0
2149 -0.6533639194633865 1.136019309270056 0
2150 -0.7801288818448545 1.148301481381826 0
2151 -0.5292406387744022 1.125052021829914 0
2152 -0.8519827640352384 1.041378721098061 0
2153 11.92277799231122 1.159967704825146 0
2154 12.03733061543355 1.081853126635754 0
2155 0.5126735985283252 0.5485571507257256 0
2156 0.4563477079761273 0.4790526768730522 0
2157 8.215518002518243 1.125354030475481 0
2158 10.08960659688247 1.139660338141196 0
2159 10.20645148249977 1.23190714205575 0
2160 11.62927537188552 0.331879970749251 0
2161 11.75008876510996 0.2442262732557855 0
2162 6.384502715159215 1.140913509662179 0
2163 -0.9111728353189985 1.155732123405963 0
2164 -0.9855320470580532 1.056153825038919 0
2165 -1.046237018526662 1.167514079813179 0
2166 -1.115060932237578 1.064755594855066 0
2167 -1.154924859771674 0.762773416974172 0
2168 1.366398493459113 0.2224048076158735 0
2169 1.860548801851938 0.9607718897244546 0
2170 1.820101299799948 1.076362848847537 0
2171 1.73644590764154 0.9832805398898034 0
2172 1.69431152424777 1.106055657231801 0
2173 1.610501781970969 1.003781045994402 0
2174 1.568090057974747 1.13004412596295 0
2175 1.483656098454366 1.026912213414892 0
2176 1.44148578534631 1.149163789906188 0
2177 1.356032080723467 1.051115697564594 0
2178 1.523615066636903 0.9094668291645183 0
2179 1.314284967373399 1.172504823292166 0
2180 1.230331892904198 1.073768045707768 0
2181 10.69533051358215 1.204885742993028 0
2182 10.81288212801901 1.14139096972765 0
2183 1.935639722409594 0.2093980013478763 0
2184 1.843459024768247 0.227242787736697 0
2185 9.854729684882955 1.007293887303378 0
2186 9.85762488836833 1.142291163440225 0
2187 9.740556359589968 1.235693588129333 0
2188 4.307823048505988 0.241745562173083 0
2189 4.210425812306243 0.2703659450917484 0
2190 7.397550134618147 1.01940002656125 0
2191 7.270065326250891 1.081443469754054 0
2192 1.537192709483974 0.2063667250440195 0
2193 5.619599348824427 0.9526065413255784 0
2194 5.492554725140922 1.004931910555959 0
2195 5.469217739237321 1.132806958237501 0
2196 5.365900178143861 1.053619335083584 0
2197 5.342398721096048 1.182085468246255 0
2198 5.236765699518346 1.098772259585617 0
2199 5.215439085912442 1.233736918063253 0
2200 5.110561594382281 1.144865934652909 0
2201 5.126460200092817 1.016461551925932 0
2202 5.005008785646532 1.061336384578463 0
2203 6.501046204962429 0.2554571299004489 0
2204 0.5537479706493049 1.200613150445717 0
2205 0.4239748567400274 1.221581971016179 0
2206 0.6760097287663127 1.175479703235087 0
2207 12.73698787669955 0.3347518624982291 0
2208 12.62140533041178 0.4075369506526424 0
2209 12.61299748865693 0.2668062638564183 0
2210 12.49535752900451 0.3444648609103388 0
2211 1.272289033637692 0.3342153651440308 0
2212 3.946829417122091 0.8672821118549608 0
2213 4.036221436065717 0.9520366279244984 0
2214 1.267634095333392 0.9591029367938698 0
2215 1.811542400003715 0.3121298117903499 0
2216 1.750898290585985 0.2409896438730907 0
2217 4.402464377628476 0.2095666008093114 0
2218 14.68608203675619 0.9893937601795217 0
2219 5.968656964112768 0.2605455683400825 0
2220 5.864049327652105 0.3011756210136923 0
2221 5.844766781912247 0.4142768060939415 0
2222 5.758725908425848 0.3426500667229265 0
2223 4.393258528734294 1.17558260356949 0
2224 4.285137439638133 1.092336301207586 0
2225 -0.5097557573828738 0.4993345719049523 0
2226 -0.512859508372755 0.6371221717610926 0
2227 4.486656750010372 1.269067091554299 0
2228 1.394808590386837 1.252234740113246 0
2229 2.914306941082325 0.8357353503650247 0
2230 3.00053642836301 0.9199577140779925 0
2231 -0.9906473257045711 0.2447596771875119 0
2232 -0.8822657536842883 0.2407411918141182 0
2233 7.99189362240671 1.260297541127018 0
2234 8.571733396643513 0.2820128337922094 0
2235 3.096332947865323 0.2104742821421786 0
2236 13.61480871508007 0.3414309960267322 0
2237 13.4977760574471 0.4168781282510199 0
2238 13.48253856709263 0.2785670912601167 0
2239 13.36801929072147 0.3538308818998797 0
2240 8.359318168530391 0.2827875423315759 0
2241 8.248176414643217 0.3371787788189181 0
2242 3.522071666602028 0.8816711863525901 0
2243 0.6708548633313965 0.1729031026303705 0
2244 1.238923711757943 0.1887638263435074 0
2245 13.04261478467343 1.170699818609713 0
2246 13.16567076641983 1.096151271507955 0
2247 13.191412931689 1.24631395575665 0
2248 13.28721476623442 1.138261688951208 0
2249 8.799551257686403 0.2865765035007762 0
2250 9.028686845122552 0.2816697022792026 0
2251 14.51558856135934 0.3410587858638642 0
2252 14.63902991783422 0.3909464818072061 0
2253 14.63361338428681 0.2513844116698 0
2254 -1.221259571889997 0.6596055570061633 0
2255 -1.189641480389982 1.162861286530118 0
2256 13.72023819474534 0.2419869809723483 0
2257 1.778464676499578 1.197314703433883 0
2258 10.91329587422201 0.2363363625415311 0
2259 10.80260669214247 0.3058392388316564 0
2260 10.80158255034253 0.4341833204277817 0
2261 10.68605791766891 0.3699210589744256 0
2262 9.260417077815617 0.2833297388147959 0
2263 5.017391775113834 0.2063768431206107 0
2264 5.771532155518341 0.2388026394736111 0
2265 5.669490484110428 0.2764891150144264 0
2266 5.64808728195935 0.3852457619039145 0
2267 5.566974609060257 0.3138743064291992 0
2268 13.35702841226979 0.2214486716183166 0
2269 2.431886791953828 0.1881976014344566 0
2270 2.3388490847168 0.212091614067044 0
2271 2.307505769224128 0.2973175762714983 0
2272 2.250646098200957 0.2218713279982426 0
2273 -1.096913783455843 0.8617019195143623 0
2274 1.150889359536373 0.9785424375954379 0
2275 1.106659449702031 1.105473756094789 0
2276 4.984501724861312 1.185033692679491 0
2277 3.536499826123771 0.1790286074182522 0
2278 3.439498478463797 0.2147148969573161 0
2279 3.412362033882517 0.3064593237756406 0
2280 3.350114485276409 0.2306396628411698 0
2281 14.66794003122211 0.8420491600853338 0
2282 3.389274146117689 1.038907484146582 0
2283 3.340410167193038 1.1534218793216 0
2284 14.1229015626721 0.2718582238940176 0
2285 5.009607019227808 0.9413406847737462 0
2286 2.828937107135282 1.203706109543099 0
2287 2.951632483077231 1.171116498146401 0
2288 1.18808202753267 0.8785620995302131 0
2289 2.02952316827705 0.1935255402308719 0
2290 7.018962266325109 0.2443801946797864 0
2291 7.112945897555975 0.3055659273721807 0
2292 7.107435778157506 0.4217153297785298 0
2293 7.20980580060547 0.3708687408385543 0
2294 7.221400682495937 0.259619245440958 0
2295 7.31693537820218 0.3201537056760465 0
2296 7.316636164246249 0.4350019153720637 0
2297 7.415547103829941 0.3851622980887205 0
2298 7.425838257406963 0.2722691228101589 0
2299 7.523139345198332 0.3326872708876409 0
2300 7.5274997443067 0.4461561038224515 0
2301 7.623439916414019 0.3973105353216893 0
2302 7.626704248652271 0.2820277492960011 0
2303 7.725539766763758 0.3430889271816926 0
2304 7.713194393148088 0.4445649922738761 0
2305 7.722773033456002 0.2115936557920975 0
2306 7.8369120568963 0.2897423704300639 0
2307 0.376667986871184 0.4927259197602835 0
2308 4.760528898948714 1.16540752019586 0
2309 0.5006468370322621 1.322900595984887 0
2310 -0.8346610460304957 1.272020700108522 0
2311 9.952937470933668 0.2751495173288411 0
2312 10.09138383064612 0.3329532621711378 0
2313 14.39269009808224 0.2605013666585878 0
2314 1.777220299915153 0.1561565451570413 0
2315 1.692691143296896 0.1687713760928498 0
2316 6.075999508161464 0.1957913283544966 0
2317 3.807921374958133 0.2066121910863243 0
2318 9.366122287420954 0.211318715354027 0
2319 6.39307508204306 0.2988600029234664 0
2320 0.4016095905825903 0.4081061345703672 0
2321 0.5327164538166732 0.3285287266069841 0
2322 -0.4485678650376234 0.3355559553590923 0
2323 -0.3436507807347957 0.4656588109678583 0
2324 -0.2667792915918037 0.4971186926534828 0
2325 6.377576437654511 0.4138569120809812 0
2326 6.286660628023716 0.2139559438230824 0
2327 -1.24027367114842 0.8849544931573742 0
2328 0.196824361158059 0.5236263704428639 0
2329 0.2697690114065386 0.5680457512690449 0
2330 0.1949262537324531 0.6004099070715739 0
2331 -0.1155019381166389 0.5575103220767232 0
2332 -0.1848182580508201 0.5994745337517552 0
2333 -0.1156425198461311 0.6444539162337179 0
2334 -0.03410935995979549 0.5585216021080606 0
2335 0.002777768608019023 0.6254172669394886 0
2336 0.07646573658750058 0.6281793291228785 0
2337 0.03654469793943905 0.6870558346270498 0
2338 0.1140762524340896 0.7000746788137204 0
2339 5.576277231185991 0.1923348072878516 0
2340 5.482707493893563 0.244577256026385 0
2341 5.459980722689331 0.3647183045182524 0
2342 -0.5268950279912648 0.1935009607058507 0
2343 -0.5932732264478556 0.1837898326759691 0
2344 -0.5817711319894985 0.2667159274178262 0
2345 -0.6553986006023987 0.2139241758623064 0
2346 -0.613157603742658 0.352159511946334 0
2347 5.164420554422675 0.4474662781537312 0
2348 8.258943188147812 0.2088430622040013 0
2349 8.147401200926307 0.2745366562209769 0
2350 10.69287891212076 0.2281375371857981 0
2351 10.56952165875522 0.3056714867741864 0
2352 4.700563576871029 0.3079711250421294 0
2353 -0.586412999508598 1.242511613762559 0
2354 -0.4504982213163035 1.22878120553954 0
2355 6.815828764055712 0.2104182326511131 0
2356 -0.8079878612196034 0.3278833495440456 0
2357 -0.7908425556861265 0.2252027943816098 0
2358 10.56997064257823 0.4385895457287192 0
2359 10.57152869640337 1.279228119186083 0
2360 -1.246278133646547 0.446470302712492 0
2361 -0.4264703482303113 0.477798376245144 0
2362 0.3338445923652439 0.720623082621656 0
2363 4.895197351358555 0.9868599888009746 0
2364 0.1225733292669054 0.5606727479037797 0
2365 -0.8699544380264095 0.4287199676730549 0
2366 2.877447148525132 0.3486537333906949 0
2367 2.808883856039594 0.2764871490216383 0
2368 2.835322295449633 0.1700767180382493 0
2369 2.750701972151793 0.2047185932021238 0
2370 1.385680412837475 0.3907843286359913 0
2371 14.68607207188458 1.133359337748913 0
2372 12.49303403870496 0.2049728895461891 0
2373 12.36918852272991 0.2770656668285644 0
2374 12.24208260158745 0.2156841192546053 0
2375 12.24983720677088 0.3532643534033514 0
2376 12.12773757706173 0.2902391760100161 0
2377 12.13344328708262 0.4274421138810227 0
2378 12.00901061936012 0.3673871459045078 0
2379 4.726105299447415 0.2060685276868723 0
2380 4.838369904132356 0.161643617711647 0
2381 4.630990235422606 0.2371495385058976 0
2382 4.515256962672159 0.2557348822607498 0
2383 4.23012018791755 0.1714025512261258 0
2384 4.134994785848646 0.1974834016121725 0
2385 4.112484218002187 0.300565589747121 0
2386 4.04001160305835 0.2286226930996787 0
2387 2.247647832983242 0.8722120290077169 0
2388 12.66430228770133 1.273135525448702 0
2389 12.53177608042299 1.206858834576282 0
2390 12.39974933168382 1.276941014462665 0
2391 12.4063957193664 1.13282335119225 0
2392 12.27944575572008 1.203541603612819 0
2393 12.28026722209187 1.064488319238762 0
2394 8.576839294091204 1.209867261942251 0
2395 8.695511594151931 1.141506615933566 0
2396 8.692951576729271 1.003085446476266 0
2397 8.813896696426921 1.075852919386018 0
2398 8.813164437982113 1.216619659988782 0
2399 8.930452064528819 1.146140677794117 0
2400 8.454938806012089 1.279512107531878 0
2401 1.484036664270527 0.1333255469945841 0
2402 12.13250962546455 0.1548977732692393 0
2403 8.685850071481772 0.3447763628234758 0
2404 8.68175891075821 0.2193474312022629 0
2405 0.2570019667403565 0.6572315367763979 0
2406 6.726432990510095 1.243130509829877 0
2407 6.857218420420491 1.18129649616169 0
2408 6.870837647179372 1.036544376959917 0
2409 6.984610262467591 1.116483948999867 0
2410 6.979149349052833 1.276454565402041 0
2411 7.09651253024114 1.219193779475532 0
2412 6.993303912552138 0.9796520761517449 0
2413 6.608648996259824 1.273174023360357 0
2414 7.093649460184623 1.063780174018829 0
2415 -0.610235910647975 0.06438827768782678 0
2416 12.80651435470048 1.351414887864312 0
2417 5.327270080815625 1.306522118796885 0
2418 9.48898708808624 0.2798026034973186 0
2419 4.673368908496863 0.4181759536984012 0
2420 5.811444751346889 1.255258730305717 0
2421 5.68867137024586 1.314102246171482 0
2422 10.4520358351329 0.3666476870594516 0
2423 10.30763108506636 0.4368032832900171 0
2424 10.32585966625798 0.297260847672038 0
2425 10.22679503275813 0.3491122434748009 0
2426 6.170603362985795 0.2745623914700019 0
2427 -1.377630741503677 0.3792903061151183 0
2428 6.607315077074725 0.1947794913687929 0
2429 1.289448128291159 1.2984163384055 0
2430 4.059587857449117 0.1357271096307066 0
2431 2.692454427749237 1.236785121523752 0
2432 -0.6233157725310609 0.6181784007683131 0
2433 3.319867411179553 0.4189875740905358 0
2434 -0.5218635448675717 1.362708014175214 0
2435 2.223488868478467 0.3985035757929675 0
2436 2.727522965608995 0.378851276994479 0
2437 4.033808970318462 0.412072273505393 0
2438 1.726556239920353 0.4116153666158613 0
2439 9.147118792858063 0.3437381639659335 0
2440 9.152687783411078 0.220116082232455 0
2441 12.37416711595732 0.4188176162092524 0
2442 1.393305912982774 0.9285156768764107 0
2443 10.07317162365994 0.463870684779358 0
2444 -0.1739126806367844 0.7998608132392678 0
2445 0.3618617567296578 1.358511345015936 0
2446 0.277437016784897 1.224301966305711 0
2447 0.1418993714041455 1.260083015843521 0
2448 0.1774462611968608 1.130930930204364 0
2449 4.259217242785835 0.4490797813824468 0
2450 1.627080805112853 0.1141921149114597 0
2451 8.929428211349157 1.289381210806067 0
2452 2.111102928390922 0.9040288299724941 0
2453 2.03591979027736 0.8129453894009179 0
2454 12.01197794511753 0.5098890733582199 0
2455 0.6128451784282047 0.7874345537404512 0
2456 0.6373053438634164 0.6908818465510441 0
2457 0.7278399279493981 0.7601425881750142 0
2458 -0.2823134777828435 0.7899468263178396 0
2459 13.24130734280082 0.3014298091613312 0
2460 1.921658730789288 0.4686312910502243 0
2461 1.071562979875396 0.2150968443006055 0
2462 0.9829909516910285 0.2274260389462647 0
2463 0.9482834394068358 0.3067925391058527 0
2464 0.9015359554609983 0.2394606439555247 0
2465 0.9351865777025383 0.1613691582822301 0
2466 0.8603003378818155 0.1824699804888523 0
2467 0.8624235092897684 0.3144485159237106 0
2468 0.9918231448434766 0.3904976749362549 0
2469 -1.35782886092695 0.6677830354898892 0
2470 8.134637240298261 0.3971138493526238 0
2471 8.032584338209269 0.3322858710579174 0
2472 4.648801667064953 0.5317931305169682 0
2473 0.06262639847700997 1.155693419167353 0
2474 0.01192494730861909 1.279652726851812 0
2475 -0.06716187092958446 1.178703047685056 0
2476 13.24644462293394 0.4375703568217124 0
2477 2.42247065757303 0.4535303701127881 0
2478 4.915866550883629 0.2418945499626636 0
2479 2.587930627223182 0.2377512872764329 0
2480 0.5430724882104775 0.4687096433173216 0
2481 9.146039736072904 0.4720492209535366 0
2482 2.089045129235844 0.2557710664977705 0
2483 2.118017441750635 0.1641425110142597 0
2484 -0.477083032859713 0.4112806690004919 0
2485 1.653113788573402 0.8943133117028819 0
2486 2.277405044837133 0.1439873261622573 0
2487 1.594777739901342 0.2717037589836664 0
2488 3.882643544674384 1.253160426620836 0
2489 3.741320353737976 1.273409205759832 0
2490 4.01916855971197 1.221160360539194 0
2491 4.099822990894103 1.297957432128095 0
2492 4.159703219939042 1.182514094778933 0
2493 6.355054906434741 0.533287530625541 0
2494 3.168411222010635 0.2741223211718862 0
2495 3.187865817562989 0.1669702389167792 0
2496 0.5709231145210607 0.6190033072249843 0
2497 3.532474779930421 0.4637984977668331 0
2498 3.876931397840244 0.2706479943613354 0
2499 3.902752537402325 0.1677921116102126 0
2500 -0.1899570054219655 0.6714028961164594 0
2501 11.88156795035522 0.3147261826027867 0
2502 1.447999188396829 0.8140551579063939 0
2503 -0.5675980450468318 0.7229860879704086 0
2504 5.528930469978279 0.872760510071011 0
2505 11.51109889503817 0.4045754293677019 0
2506 11.4985660105971 0.2787287954970817 0
2507 11.36448724150863 0.2113162296221085 0
2508 10.71120587610258 1.35972460752381 0
2509 5.39087576131636 0.4707638716944306 0
2510 -0.3741492228683472 1.352395623350594 0
2511 -0.3164909872950024 1.210042749371504 0
2512 -1.299419635959749 0.1098058612615204 0
2513 8.687353004113419 0.4720525241561336 0
2514 1.744193739099047 1.35349245237756 0
2515 8.043336915511645 0.209244097285055 0
2516 11.02399600620943 0.173821562928212 0
2517 2.03819799310021 1.375074512699929 0
2518 -0.5284837681897346 0.3416272798589275 0
2519 -1.097065835771688 0.2475011366597178 0
2520 -1.216350938775646 0.2163329747216698 0
2521 2.794100664533383 1.350482501641014 0
2522 2.5619834384519 1.250538719949349 0
2523 2.487390190450482 1.374006498037594 0
2524 2.340988519169066 1.343795353101564 0
2525 5.301189722107946 0.1945424395608782 0
2526 2.524138446418291 0.1623756388052887 0
2527 2.609585801797259 0.1510663038096651 0
2528 3.083194482213025 1.377719061427277 0
2529 3.013578741608555 0.5055666475844831 0
2530 3.365098271406989 1.376175800959204 0
2531 -1.370888118099158 0.9730927979555111 0
2532 8.014498643250461 0.4576090310079288 0
2533 3.726326728125889 0.5104329854135706 0
2534 9.056988232700769 1.21643874206855 0
2535 9.194959727270028 1.280773348006527 0
2536 9.169023959489515 1.138528108661711 0
2537 9.323765590369597 1.211709776909198 0
2538 9.319738400896085 1.36826597328434 0
2539 0.831324195065519 1.376185999787617 0
2540 0.9719440214149427 1.371860559495454 0
2541 0.903410846496142 1.249558216527252 0
2542 1.047081202551018 1.235434601780859 0
2543 0.9841284257192191 1.129639866906448 0
2544 7.267804947733715 1.218310127586542 0
2545 5.254975968280076 0.9583637769934539 0
2546 4.871260796065281 1.369384270745534 0
2547 6.703842057756935 0.269668862180934 0
2548 -0.9299029484498003 0.1550926798648166 0
2549 1.227642316714116 0.5154235601437221 0
2550 8.918715237455384 0.209312289788094 0
2551 8.232852382537711 0.59105404904057 0
2552 9.722863157830247 0.277141575858347 0
2553 9.60055798021048 0.2060252433204193 0
2554 10.56313413184442 0.575939077977396 0
2555 6.226480230993141 1.374345443429286 0
2556 6.083987253055483 1.371077167880812 0
2557 8.480486809533097 0.2119991965456652 0
2558 5.217751858531885 0.1369578918053411 0
2559 5.397966887051965 0.1700395238336775 0
2560 6.027781769654426 0.5610139956058013 0
2561 9.145520790766746 0.603535760475792 0
2562 -1.182802964956439 0.09660010069832556 0
2563 6.570480973192369 0.5576789831743014 0
2564 12.50117822312247 0.4848772161821711 0
2565 -0.7753261838946721 0.07320920001604876 0
2566 -0.7280262832969465 0.1553473515219873 0
2567 11.51889838355788 0.5429833029383571 0
2568 8.800470190413201 0.5375585771239081 0
2569 9.495672382282825 0.534256702759777 0
2570 -1.117878739910182 1.287150564992549 0
2571 7.909849073603806 0.3889882763175559 0
2572 -0.1860467914220541 1.236669252739243 0
2573 6.410368792513093 0.1856346944122532 0
2574 6.242779934445972 0.1309040651115824 0
2575 8.572756047319452 0.5352910701084345 0
2576 12.28409893796264 1.341955251075275 0
2577 7.766826235042402 0.5503131567466925 0
2578 7.294935973238511 0.9412235732090382 0
2579 14.55990477947438 1.226624764280916 0
2580 2.934696042520443 0.1611163816388334 0
2581 5.874640056912588 0.1848869939647221 0
2582 1.022258929343953 0.1350253532690351 0
2583 0.9608860545218929 0.08308728111903189 0
2584 11.03805956209796 0.5629777342851845 0
2585 12.13817449115241 0.5710529746113064 0
2586 9.614194500691532 0.598047603866292 0
2587 7.119342771109322 1.368317879311351 0
2588 7.427604692375512 1.374622395446021 0
2589 7.574117782346537 1.380168881768308 0
2590 12.38147073364043 0.5612037171187175 0
2591 7.872170371350871 1.351020822255017 0
2592 3.149141132520652 1.243255803312659 0
2593 8.326948184436706 1.359814892303203 0
2594 8.784717611344353 1.36543631207431 0
2595 11.90896584122393 1.375936611277315 0
2596 0.6129936038776149 0.06529317288013502 0
2597 13.86809261705002 0.3162646064988929 0
2598 13.84505481335746 0.170118749784606 0
2599 0.5991156382757025 0.5358730308201228 0
2600 9.819347440737378 1.370568651656224 0
2601 9.676770374545455 1.37009926706261 0
2602 10.13064208204291 1.369795764241566 0
2603 10.27700517943312 1.371407654743952 0
2604 12.6289145483848 0.5494957259530365 0
2605 6.753210767190216 0.9607883647934607 0
2606 9.498558211044369 0.404323713728587 0
2607 12.84654104978324 0.2367874565277571 0
2608 12.97522034063654 0.172419073415517 0
2609 13.50809847220812 0.5607905501926581 0
2610 6.892643971645947 0.5271388806871841 0
2611 0.7577565858538 0.07413997609387304 0
2612 11.02402476423138 1.370861471841703 0
2613 10.93770149390625 1.227144139850611 0
2614 11.09520573221155 1.239848887250323 0
2615 11.02358651575338 1.114970643688738 0
2616 11.16304860806867 1.119447637562203 0
2617 11.091821634781 0.9981435481430112 0
2618 10.9648328444274 0.989276053216583 0
2619 11.2432343929458 1.240309011817689 0
2620 10.07973103599189 0.5936740813924496 0
2621 11.89019605691644 0.5917009436610271 0
2622 4.959429743210408 0.528887860185222 0
2623 11.40040248417459 0.618448560782716 0
2624 11.47415508469502 1.370764106782171 0
2625 11.39910340796198 1.241963342837669 0
2626 11.54744744542321 1.242094051109712 0
2627 11.47214190376188 1.118751663630415 0
2628 11.6168561385639 1.115593549814391 0
2629 11.6922222945914 1.243024838889871 0
2630 11.31140173229807 1.101938075840465 0
2631 4.023956901793901 0.5220276993268457 0
2632 14.33284819593899 0.1265956408618465 0
2633 14.87678172049538 0.3751439775618416 0
2634 5.749728191408344 0.9049146211993631 0
2635 3.304719066808669 0.5273279441218583 0
2636 5.191247451071719 1.373932703319926 0
2637 13.0047088686667 0.5985224186765217 0
2638 14.25931940344955 0.3549958403991177 0
2639 0.4890076323791454 0.4055297584352777 0
2640 14.87721219848439 0.6750222890581703 0
2641 14.76555957563872 0.605489334548257 0
2642 7.529973909709037 0.2247931211491197 0
2643 5.822114242715242 0.532637489798546 0
2644 7.336189216586007 0.1999469683963014 0
2645 13.27901740846954 1.375611462539805 0
2646 13.57550038147249 1.370655389247757 0
2647 13.50364990564976 1.238368085588593 0
2648 13.64971533389004 1.240511554263873 0
2649 13.57547961561447 1.112397687945967 0
2650 13.72438295929972 1.369878990657542 0
2651 13.79831828851469 1.240185359017476 0
2652 13.94795323736877 1.239411373076514 0
2653 13.87001212212392 1.116561037192873 0
2654 14.02386593988708 1.368701008894783 0
2655 14.0992096345625 1.245052714925244 0
2656 14.17532056661269 1.37027852250327 0
2657 14.25306569858094 1.238250301216099 0
2658 14.39777095802585 1.240057697115994 0
2659 2.498302473933649 0.8339933697467683 0
2660 2.711569693366388 0.4832934499627674 0
2661 12.61903802691995 0.1286752593991364 0
2662 10.8017910198604 0.569913219679124 0
2663 7.130389818427032 0.1883329995143374 0
2664 13.89140921261515 0.6061466311661694 0
2665 14.18623862605686 0.1255862654012288 0
2666 0.9568395540078671 0.4800106997297321 0
2667 11.17329558587261 1.371080233395673 0
2668 14.87591348620994 0.9750030987401138 0
2669 11.81320067766381 0.1115087095226143 0
2670 5.598676338859486 0.4982722162136498 0
2671 2.206141409199395 0.5000957917709059 0
2672 11.62349785410156 1.370963453777504 0
2673 7.104596867909819 0.5426487531491531 0
2674 14.87009857976399 1.274995859822491 0
2675 12.65192937302888 0.9812501940380627 0
2676 13.25608742373506 0.5802637598416626 0
2677 1.438591617105498 0.4741217963843012 0
2678 13.37726599050983 0.4986926283543982 0
2679 7.535881564814884 0.5661224453189496 0
2680 11.25563280391542 0.2920144848973946 0
2681 14.26816601316922 0.5028551117827058 0
2682 1.707540634602644 0.5114668343331872 0
2683 13.40502830009731 0.9313039996974625 0
2684 11.68094622379563 0.111204134439794 0
2685 14.54291829597017 0.7805575345336241 0
2686 13.65434287164553 0.9089524456966283 0
2687 11.2869575146951 0.1015344657274843 0
2688 12.77348377608812 0.9021281168980453 0
2689 10.63967286357603 0.1099998895906974 0
2690 8.808922918719254 0.9364053038090571 0
2691 10.3860969436928 0.1039815946406034 0
2692 14.16795454718121 0.880339111852435 0
2693 10.13510494481902 0.1050978733541071 0
2694 10.20496054061205 0.2273770647956354 0
2695 9.888577705178118 0.09742435618773146 0
2696 14.03671505700307 1.107934719121803 0
2697 7.52645198189233 0.9588620779040247 0
2698 13.88007624701849 0.4609522969615108 0
2699 5.16579218563568 0.5642413567588653 0
2700 13.72222630060266 1.120193626327322 0
2701 7.319337241379423 0.555466076939909 0
2702 1.968404963830811 0.1243107647702582 0
2703 13.15522986610162 0.9509003654338227 0
2704 14.17355068812591 1.024622254871406 0
2705 13.11856297935097 0.2235527052271468 0
2706 8.439251974376337 0.09955887253023973 0
2707 0.4924477495393054 0.2650610225511317 0
2708 8.686794378404251 0.8666230020692303 0
2709 8.21800638693689 0.09918873836638015 0
2710 10.91853973483901 0.4985321470693951 0
2711 7.989120107291353 0.09900109327326902 0
2712 13.12483651304431 0.5182845012544915 0
2713 7.769408912737129 0.09910981524330204 0
2714 7.535242981206355 0.1122750451227445 0
2715 6.878424360292859 0.09534298845992906 0
2716 4.342624233080842 0.5284091192747824 0
2717 6.664991423752836 0.09235087377620517 0
2718 12.02911786992552 0.9407061473951326 0
2719 6.034349080641253 0.08944016081135348 0
2720 8.240022097389785 0.463643250432653 0
2721 5.827547465626304 0.08470386684467418 0
2722 5.626177161104512 0.08975077414860352 0
2723 7.99382462817627 0.9812416120498458 0
2724 1.151847590508214 0.06631253824362696 0
2725 5.026137167527365 0.09594502232240051 0
2726 11.65778231695704 0.8869591166772476 0
2727 1.872168602986899 0.3849617233232945 0
2728 0.3503896441163463 0.5681174693248754 0
2729 4.632132083034771 0.08176354185919037 0
2730 4.054390583756745 1.08052312179424 0
2731 4.443386607397213 0.07538694402306442 0
2732 2.370485489733222 0.370225381183062 0
2733 10.4491592382216 1.209343072829582 0
2734 14.47500000000326 1.371850561004157 0
2735 3.692829311683468 0.07769744993480504 0
2736 1.583573579162155 0.8053994221996931 0
2737 3.512297310346773 0.07833275779452359 0
2738 10.68585684730585 0.9218720862837468 0
2739 2.939903001704711 0.4256822526820647 0
2740 3.332868170712887 0.07718373496947374 0
2741 1.311151119893803 0.06771936175355232 0
2742 1.348708126813303 0.1398429674613732 0
2743 3.647737379577586 0.4337706794201677 0
2744 4.188066456598547 0.3717703260170792 0
2745 10.32512031929958 0.8607065591500999 0
2746 6.472312710509489 0.4857631254430584 0
2747 3.15459469759902 0.07658395858920684 0
2748 2.978037035386772 0.07579574443413684 0
2749 2.803296534609055 0.07501564554178239 0
2750 9.959555303722917 0.5278192805953537 0
2751 5.934481043941448 0.4878370201418106 0
2752 2.453426502530845 0.08942718663237534 0
2753 9.613203771320494 1.150348822631238 0
2754 9.495499297410861 1.075004341307792 0
2755 9.484581814563322 1.215170626241107 0
2756 9.850721365297938 0.866967454845249 0
2757 -0.04344424922492607 0.6948174222040906 0
2758 2.123861000062579 0.08315062164872591 0
2759 1.18682541818156 1.200865871153556 0
2760 9.495039847708664 0.939931821264669 0
2761 13.28400438373618 1.010700393875425 0
2762 6.192872733870081 0.9630335492268616 0
2763 1.805721547145993 0.07494783750767886 0
2764 3.287976525107922 0.1571717726980179 0
2765 8.451930830923409 0.8604549893931916 0
2766 13.47318974916484 0.1350967436549985 0
2767 10.4492442371938 0.2244105311497235 0
2768 12.52432258906588 0.9144846877707935 0
2769 7.995283495871425 0.8462247305967742 0
2770 5.565703422074272 1.245102907356498 0
2771 7.647840877841326 0.8995205106374105 0
2772 6.760480337074698 0.8304541954639617 0
2773 -0.2584110832858475 0.570243633667318 0
2774 6.207850357059733 0.8343835605912338 0
2775 1.651146388061123 1.249423474281648 0
2776 9.152253278407445 1.000910130769435 0
2777 8.332209949589696 1.202848331321075 0
2778 -0.4912836217235411 1.007426485638114 0
2779 6.42407005916913 0.8616071814344518 0
2780 0.3645670725965434 1.109914030058943 0
2781 5.266323484632172 0.4085314152080323 0
2782 -0.4112385608872829 1.107241110072332 0
2783 7.09488759759022 0.9233584483834545 0
2784 5.87126025447854 0.8581017513982727 0
2785 6.505958871114073 1.214652910562785 0
2786 5.935674732855743 1.201359668127856 0
2787 6.986344315623446 0.8497401516179305 0
2788 8.918653649886329 0.08264635116453964 0
2789 1.246410266617515 0.4230485546535585 0
2790 9.379475745344923 0.8698896405345706 0
2791 4.80714661725478 0.8018779831322769 0
2792 12.52963794575172 1.058580895278042 0
2793 -0.05938863052886535 1.382659586013874 0
2794 4.489268604111409 0.8026719503627806 0
2795 0.6848887828823323 0.524115290080498 0
2796 12.05050488374284 1.213806230311423 0
2797 4.173447660598081 0.7967273574545484 0
2798 3.861740884926149 0.7850755067162836 0
2799 2.113313004562599 1.247079583954737 0
2800 3.554424215331345 0.7662638047857384 0
2801 6.452953786070593 0.09002250939342027 0
2802 12.25598054138733 0.4937763123326629 0
2803 13.42331705900543 1.096225664403494 0
2804 3.13679182397557 0.7791047965170257 0
2805 2.836386589227195 0.7520439007447914 0
2806 9.97024393731415 0.935358695616631 0
2807 8.682798082875296 0.1151437903946129 0
2808 10.32754013421776 1.000524299217209 0
2809 1.933968945999921 0.7470953154106695 0
2810 2.543038072956435 0.7178749918337434 0
2811 10.68399175857425 0.5052519862351302 0
2812 4.789000196054532 0.9192504868402027 0
2813 7.304744561381718 0.09289518622892051 0
2814 4.641912167425844 1.244141164798083 0
2815 1.90358722201729 1.165831270955842 0
2816 10.82650018656379 0.9913634888611594 0
2817 -0.8297250437484955 0.1539140307533007 0
2818 7.001548983843037 0.4751235021545868 0
2819 1.018257506819617 0.8240422780003175 0
2820 3.659431478463276 1.186762591653757 0
2821 3.531772736529706 1.227678517358043 0
2822 0.5774594695801638 0.3953818410326777 0
2823 0.718207114679867 0.2293928251451862 0
2824 0.7464727118735294 0.1575286270893813 0
2825 8.570218743328688 0.932504608243265 0
2826 2.241507620941492 1.227045871013279 0
2827 1.052445062395468 0.7267081446138663 0
2828 2.614789427706119 1.131093565863176 0
2829 -0.7893436968212941 0.9352264477450678 0
2830 3.879377813309642 0.07813737598595639 0
2831 0.7930682879916746 0.6750908722225218 0
2832 5.066557618622593 0.4895689134423115 0
2833 8.106966131441343 0.917048667687281 0
2834 -0.9169319590673191 0.9466691223033782 0
2835 5.38149047681522 0.2740697820448013 0
2836 10.3297933215454 1.141499609261043 0
2837 12.15486526762123 1.001108210271493 0
2838 13.12489889305708 1.380815201992292 0
2839 -0.9143255484360042 0.7388603161701073 0
2840 12.00195727878696 0.218665603332704 0
2841 0.7145783332680933 1.070243090461681 0
2842 0.4204458484289151 1.007572095468593 0
2843 12.40140813662071 0.9900643386591096 0
2844 4.25470945363475 0.07969480201788093 0
2845 3.480828847208878 0.378408531378822 0
2846 2.998017091640254 1.052316291216143 0
2847 10.90437594228476 0.1119836101183018 0
2848 5.729075901699025 0.4589293142609162 0
2849 -1.37531954228477 1.274261381240305 0
2850 -1.161251305024031 0.5500301915591415 0
2851 9.9726488993362 1.072364366285817 0
2852 9.154252684114157 0.1148136924764209 0
2853 4.572944463136163 1.377744112040076 0
2854 9.406386762630689 0.09840505366540245 0
2855 14.77260239015451 1.383834141387138 0
2856 9.381634360263277 0.9999348307903548 0
2857 14.7668462850849 0.136343039970059 0
2858 0.1083090241521404 1.040137878913048 0
2859 3.639021029538728 0.164581864136423 0
2860 7.932257557960323 0.1923962212569685 0
2861 -0.1086339251865904 1.062237389596885 0
2862 0.2108150019248392 1.020316719248655 0
2863 1.525883437445793 1.242417478429207 0
2864 -1.243334606162152 1.035834955157156 0
2865 1.111457425049754 0.1359440591758811 0
2866 6.307888124592475 0.9127094608135616 0
2867 4.462428559632936 0.925715274916203 0
2868 7.417234598284933 0.8847166019474397 0
2869 4.88175881358236 1.111276073188579 0
2870 7.096050526502478 0.08769005038927949 0
2871 0.08230238851284796 1.382484902851451 0
2872 3.440408896398653 0.799478975179901 0
2873 12.27494033791503 0.9251258155417151 0
2874 4.146020226189936 0.9087264826567989 0
2875 6.873077126575877 0.9057202056193506 0
2876 10.05721340521198 0.2022726113252684 0
2877 9.832476163036798 0.2070618471681609 0
2878 4.340257585909358 0.9632800603507559 0
2879 5.550941611233391 0.4060124284907038 0
2880 3.835417556515202 0.9027593925870563 0
2881 2.429934321983311 0.7462273353950939 0
2882 5.362490891893948 0.3695543418523199 0
2883 -0.705913369368933 1.233789858790975 0
2884 5.651518670138523 0.8257256887167929 0
2885 3.107252936526167 0.8901777152600254 0
2886 8.103860807747182 1.053605252292117 0
2887 14.61796484655509 0.1189724991405781 0
2888 2.805495057421615 0.8642954560420251 0
2889 7.748875875318223 1.246057944395254 0
2890 4.42323413515015 1.388037141258548 0
2891 8.918213163302866 0.8697647489620746 0
2892 7.212296680599108 0.4898091424766624 0
2893 13.97510347402607 0.2358445777607612 0
2894 5.691146438032495 0.1719787027773086 0
2895 6.301349967546829 1.259662100438111 0
2896 1.705437427175674 0.7934386208709262 0
2897 12.92193308690429 1.24850254611319 0
2898 4.828506753311001 0.06822282505920539 0
2899 9.644861771491769 0.09612606507494097 0
2900 4.480234310335345 0.1523423827679213 0
2901 11.13745322746163 0.2344068313238305 0
2902 0.03403986310668215 0.7684628353889483 0
2903 1.615165911176152 0.1877726624779439 0
2904 12.16209407482841 1.137713943904991 0
2905 3.668345787153256 1.381903915292642 0
2906 13.73915811773263 0.1064405270077136 0
2907 3.828109518605261 1.379916347988412 0
2908 6.938102635878477 0.1822949967836055 0
2909 8.025000000031934 1.388665821412904 0
2910 13.53221269165077 0.986605050478186 0
2911 1.778638323796341 0.8770899980915045 0
2912 8.100235140576816 1.187441562590871 0
2913 3.383529641732124 0.1490897449537528 0
2914 14.65948235871153 0.703618784186352 0
2915 14.75995684161034 0.3048827051611294 0
2916 5.795669052965217 1.384555513639633 0
2917 9.974197759106705 1.205821086150911 0
2918 8.922173057439883 1.007664865900715 0
2919 3.031119867503261 0.1474133299429736 0
2920 6.515368336849315 1.365751094330425 0
2921 1.193471486800651 0.1296437881259479 0
2922 0.7784882458779397 1.25746718990145 0
2923 1.874253800107842 0.1489497047235543 0
2924 4.867656678389653 1.233474443545468 0
2925 4.278584149150882 1.20737430898297 0
2926 3.932791925132388 0.9909813532310926 0
2927 9.043829971090094 1.074222989647736 0
2928 1.472748666033998 0.05791345148640166 0
2929 11.41639154250856 0.097572112756872 0
2930 4.222607291064144 0.9881661039276943 0
2931 11.17938377590705 0.9015200430770589 0
2932 2.636789339183581 0.07142089319614818 0
2933 3.259200772700884 0.2453458682882881 0
2934 2.37318670279836 0.8678344972113243 0
2935 3.280974581321843 1.259646622051835 0
2936 3.410057993832939 0.9153885989040833 0
2937 6.292168717993089 1.041093686503632 0
2938 5.438434502624242 0.7950388656286789 0
2939 1.896070292281824 0.8551650076880721 0
2940 5.124423917654651 0.1785897435544986 0
2941 2.893624374870717 0.9550211749097782 0
2942 6.684116233268018 1.377924054054986 0
2943 0.7904840520449247 0.2067203324787137 0
2944 2.294694864618634 0.06529396635846878 0
2945 2.196683635599955 0.1515589368929441 0
2946 -0.6410167366539976 0.1312069345782406 0
2947 12.16994951214211 1.276848736049812 0
2948 11.59659482789612 0.2065138832693661 0
2949 5.397319756584765 0.9288624515582282 0
2950 4.576835008382472 0.160505055350101 0
2951 6.717455963286623 0.1732745163482001 0
2952 5.09059702129561 1.269668304500684 0
2953 -0.8264815948397868 1.403671400785874 0
2954 11.82888133377489 1.252441229215545 0
2955 10.8114114872912 1.259461093152078 0
2956 14.7608656559144 0.4530416328488546 0
2957 8.69444181611412 1.258931222645052 0
2958 7.425100125319599 0.5023469579469715 0
2959 1.41889481590183 1.377329310585091 0
2960 0.3309691311681786 0.4421229969656963 0
2961 1.120475163225145 0.8014962601619391 0
2962 14.25867421469564 0.228539038539191 0
2963 1.972559274215897 1.263092239831095 0
2964 0.9432695985559209 1.029741069626317 0
2965 -0.4652156190714539 0.5605456180416536 0
2966 5.434250044351856 1.247601559605955 0
2967 8.209582036733233 1.256453326409893 0
2968 2.155713393956491 0.8154852739767888 0
2969 -0.9696963335361661 0.07579648887179755 0
2970 0.8096128597806191 0.1251054436495598 0
2971 2.491301466534647 1.155467283372775 0
2972 3.987585867656863 0.1707885875703214 0
2973 3.493029913470952 1.000816533998024 0
2974 5.982382340368159 0.1654996884644511 0
2975 7.204471631102466 0.8632956566769406 0
2976 -1.269687766551257 0.7610211779620297 0
2977 5.425287833923859 0.07774969020467996 0
2978 7.827824983465104 0.177733538054538 0
2979 7.941894454763471 0.291585924825251 0
2980 5.214163799936472 0.8483792589302199 0
2981 0.1377172154669448 0.774238731278882 0
2982 4.901701029958796 0.8712776011102055 0
2983 12.23407210152257 0.0995009572978761 0
2984 14.70882693073798 1.265947298763213 0
2985 0.6582249279717172 0.6065924691589923 0
2986 -0.9787938966523824 0.8511809587155269 0
2987 0.6288555139723995 0.1253619682652424 0
2988 9.279327351046279 1.067758434261132 0
2989 9.61131499459561 1.2669037662702 0
2990 -0.3048881127635575 1.082555822109604 0
2991 8.475000000029265 1.399869257970134 0
2992 3.744356206184444 0.1473042388639694 0
2993 1.085720722999439 0.9030077901234552 0
2994 0.8935499360847022 0.1046432146027081 0
2995 14.64326547688758 0.5311983251130959 0
2996 10.33993922261555 1.263255558794755 0
2997 2.173649546745003 0.2366261657953491 0
2998 13.32236451407073 0.1048100968292753 0
2999 2.027607200994409 0.7107827803356015 0
3000 5.016120481286409 0.8294411296223887 0
3001 10.57277577497402 0.1948355206803382 0
3002 11.67393794164561 1.006369513992289 0
3003 12.67500000000329 1.400217749675844 0
3004 2.692128860021498 0.1447966092374781 0
3005 0.1864392882592857 0.6779535859687036 0
3006 11.40511819934073 1.015727210180625 0
3007 12.87952185475345 0.1054948865522197 0
3008 12.49023631043664 0.09091678885950569 0
3009 14.45602591806018 1.128889481366596 0
3010 1.675527381871586 0.2467188186492687 0
3011 13.36492498246397 1.250395747942431 0
3012 7.637426649643707 0.5068334893691693 0
3013 6.164852516045688 0.1759920102657844 0
3014 10.32528721449494 0.1915473727059026 0
3015 3.030976554605758 1.264550105343436 0
3016 -1.275219698478785 0.322295000155669 0
3017 3.329642290531604 0.3206819667476193 0
3018 13.07384459091686 0.1000869735942701 0
3019 1.289563292318206 0.2503865772413782 0
3020 0.5512827943378573 0.0544589369079226 0
3021 0.7743318417975988 1.140281404078224 0
3022 6.033733026546585 1.263034914563351 0
3023 5.593203430154429 1.388453947607661 0
3024 10.57500000001628 1.404308977959191 0
3025 1.047821838067315 1.010468181709617 0
3026 8.160403552072545 0.1760090800796721 0
3027 4.323399591546636 0.1522033687806561 0
3028 1.563834633567991 0.140794804403419 0
3029 3.459311245524024 1.128724553456649 0
3030 3.421070131969213 1.261547692116278 0
3031 3.463294241383312 0.1397571787789022 0
3032 11.87932949731029 0.2016116327621003 0
3033 12.39276614975225 1.397168100300251 0
3034 1.960177982177858 0.05079359775014847 0
3035 9.214867046990566 1.403336451771371 0
3036 14.77396193396483 0.7522270326649392 0
3037 -0.9765393135923629 1.251731516541829 0
3038 1.223457731079145 0.7849959937319282 0
3039 10.07605290379822 1.261937722076002 0
3040 7.808575333283885 0.421330184971416 0
3041 -0.5518575686794095 0.05557873658208596 0
3042 7.364093179480384 1.272147578188111 0
3043 6.5055162910828 0.1624636407693714 0
3044 12.7149612481543 0.2197629707140178 0
3045 -1.270926983336744 0.5654778097446991 0
3046 7.614860816443048 0.1861394125294638 0
3047 9.87352912852282 1.262892938645633 0
3048 1.284366456483369 0.860515563902134 0
3049 14.17564201406294 1.147953310180274 0
3050 1.271466459405882 0.1292900168069364 0
3051 3.085840575046088 0.9876906583434037 0
3052 7.181662585326903 1.143823758384728 0
3053 2.670762369071795 0.2201448900195473 0
3054 8.925000000026461 1.408764844744514 0
3055 13.93950926058264 1.013903206999099 0
3056 5.123733737723886 0.9026542725299447 0
3057 4.167079854123883 1.069049817758446 0
3058 8.375410453962921 0.1830008411941759 0
3059 1.341158237055355 0.3112405297162165 0
3060 10.90945565039301 0.8869127306630488 0
3061 -1.407077195648499 0.09750385130491732 0
3062 -1.03055714842832 0.1602882300448462 0
3063 6.975894403791963 1.405663954449607 0
3064 -0.1353699754993772 0.7220900436194554 0
3065 5.484693106989025 0.161294954241262 0
3066 1.737347814656561 0.3184347471136447 0
3067 7.640525383508599 1.283305767273742 0
3068 2.367044332742137 0.1351117683949938 0
3069 -0.6608483096199858 0.2986035239327029 0
3070 2.76379193255056 0.1356504174978602 0
3071 -0.5483730885821206 0.5692825965209217 0
3072 9.392961682730666 1.113915601901917 0
3073 0.6266971572581295 1.277697571196921 0
3074 1.429083841234422 0.7240871002244152 0
3075 1.412950364826161 0.1586579830957037 0
3076 3.965913738260936 0.2480341202454578 0
3077 -1.390192378864042 1.39019237886447 0
3078 1.275000000009319 1.413584294136846 0
3079 14.89019028574572 1.390190285745295 0
3080 3.396095064230741 0.3845255254949378 0
3081 2.23320394064948 0.3021845197985465 0
3082 1.521818996156464 0.7224537359108003 0
3083 14.89151913574065 0.1085849859689846 0
3084 8.773090103271459 0.1926220290267391 0
3085 -1.124999999998787 1.412354571961305 0
3086 14.77739803860295 0.905612877897501 0
3087 6.276455288506698 1.148594413096768 0
3088 4.344636802584395 1.288142824947014 0
3089 0.3203676510043806 0.6308610505414677 0
3090 -1.041871272710523 0.957248296304774 0
3091 8.590808478819362 0.1906531408305059 0
3092 3.108039886731851 0.1341928397154897 0
3093 -0.2446650146016476 0.6316861214157433 0
3094 0.8139410792523669 0.3623010793858167 0
3095 10.81521745468328 0.1994782153609527 0
3096 2.735140169192764 0.2848023193035258 0
3097 0.8369514919631043 0.25386760127919 0
3098 4.945010411111832 0.1617586221623409 0
3099 9.062410881948381 0.1937117071428761 0
3100 4.660091351715022 0.1566329598213793 0
3101 9.470855269678347 0.1804105935566218 0
3102 0.912738708629445 0.0466787222459539 0
3103 7.447228807308832 0.1814669974388756 0
3104 5.777862391831588 0.1522416529204907 0
3105 2.450423264693249 1.262910800495799 0
3106 1.858097420484565 1.271552186957317 0
3107 13.58824188793313 0.230038015671422 0
3108 -0.7187771660359653 0.2621927546711083 0
3109 2.228761218347396 0.7734072139320276 0
3110 13.64862490599095 1.028201549177655 0
3111 13.05441515285314 1.290526507006112 0
3112 0.6979317468942243 0.1196746763029346 0
3113 10.17004567919854 0.4252215233229368 0
3114 7.189945428948936 1.002820846737841 0
3115 0.8777594308365747 1.145177699526505 0
3116 0.7162362156076931 0.6712048399435713 0
3117 2.909591665973256 1.273689227843089 0
3118 -1.261549730694816 1.255257326096308 0
3119 4.035139648766007 0.3113459875450819 0
3120 9.430283577594514 1.314379297243095 0
3121 -0.09419469959221914 1.277903547630914 0
3122 -0.1634294184802519 1.138848096364237 0
3123 4.064845643042879 0.05750811331786055 0
3124 3.229847202981136 1.165536775633306 0
3125 1.629310522708151 0.0485474482583142 0
3126 8.093721007262175 1.298178168299623 0
3127 -1.119898708360069 0.1603107226083157 0
3128 14.78210297070355 1.054728038885766 0
3129 4.953851833116264 1.291929859305999 0
3130 6.4068918133738 1.267923704055955 0
3131 7.242193214429255 0.1696624498262143 0
3132 14.52667902763687 0.2265207052574041 0
3133 1.014312590818366 0.05615572529101182 0
3134 1.79696379031241 0.3826967678581162 0
3135 10.91612599449248 1.092191074054719 0
3136 7.043061828940195 0.1581775730477726 0
3137 3.834048191174309 0.1335116707180091 0
3138 2.802926930129259 0.3507998934638075 0
3139 11.2321585349491 0.1905921260708019 0
3140 0.2676704939600547 1.086215923227085 0
3141 3.619257579185412 1.283721809058691 0
3142 13.9373740190595 0.1017795547449189 0
3143 9.70500464956389 0.1781209660252356 0
3144 2.295340207890255 0.3689004710772841 0
3145 1.31099409302716 0.3957106471042521 0
3146 -0.31412816598865 0.5402096841775961 0
3147 9.241908027430465 0.1881054693809453 0
3148 -1.152635750113871 0.9619419769913691 0
3149 3.053612093753064 1.165480529912871 0
3150 0.1388961720560469 0.6334580497761313 0
3151 -0.2415195014632783 1.149246909396383 0
3152 0.5753254660659062 1.399151610808179 0
3153 2.057777843812469 0.1289385959498273 0
3154 5.222935784320329 0.0565013286546758 0
3155 11.20581705705979 1.015898565635761 0
3156 4.108655851641784 0.3766165969894266 0
3157 5.489280116709975 0.4635620906195626 0
3158 9.948283456867321 0.1736146157794485 0
3159 14.78843567701428 1.185104746128896 0
3160 12.04428118636773 0.09429500841216383 0
3161 4.131438635743042 1.408506071814268 0
3162 6.242689874443256 0.05498240234708372 0
3163 4.398568694093218 0.1336677387456215 0
3164 11.9555673646158 1.273665924635633 0
3165 1.365633638795609 0.8435585325284688 0
3166 -0.05831579941842938 0.6149942485917262 0
3167 7.178004025250341 1.28193926653565 0
3168 13.25203699192811 0.1906470522562212 0
3169 1.303012016750889 0.1861376390938138 0
3170 -0.2129445566451152 0.7356486649527527 0
3171 4.771787034772415 1.277765958399173 0
3172 11.47379592046225 0.1734504208137648 0
3173 4.116607160112109 1.001186498458349 0
3174 11.02474102395416 0.07243433017729607 0
3175 5.32603855006181 1.418301072497087 0
3176 12.18567542196851 1.397437757748249 0
3177 4.212467048754222 1.293767994029137 0
3178 0.3199571041353467 0.5137486328717052 0
3179 15.1462500097529 1.117741446824371 0
3180 -1.609790771935977 1.110000000002825 0
3181 -3.728860470699989 0.6239279487155438 0
3182 17.06884771979809 0.5862262340080926 0
3183 15.13481051182026 0.6749999999974766 0
3184 -1.631854269194918 0.6690496294558412 0
3185 -2.481350343611091 0.3307414368814347 0
3186 15.92757396655093 0.306029288952923 0
3187 15.12990381056715 0.3749999999984582 0
3188 -1.632375702680149 0.380448609429322 0
3189 12.56873867010259 1.703187703715605 0
3190 13.15931509985356 1.733931307951716 0
3191 13.73150770512808 1.644241939020407 0
3192 11.90222303207803 1.619687552168126 0
3193 11.33317371226213 1.649464896356466 0
3194 10.77192835721527 1.694650448535836 0
3195 10.10222303208916 1.619687552168126 0
3196 9.534020951043868 1.642740782863181 0
3197 8.925000000026483 1.629903810566861 0
3198 8.314925775419766 1.669463364213639 0
3199 7.692857142889719 1.643463477294425 0
3200 7.07142857146161 1.648674482778591 0
3201 6.541665468748473 1.689429299404248 0
3202 5.957142857172576 1.637519592732017 0
3203 5.325000000026821 1.62990381056826 0
3204 4.731833090403115 1.63822940324369 0
3205 4.127568775781971 1.655604874387405 0
3206 3.510460346787247 1.67998132788428 0
3207 2.92500000001584 1.62990381056826 0
3208 2.358222782318434 1.683446712143908 0
3209 1.710714683348382 1.648597646550732 0
3210 1.092857142865872 1.638988741011103 0
3211 0.4864515899606574 1.690189092722905 0
3212 -0.1105297879272051 1.645784396273323 0
3213 -0.6749999999973302 1.629903810568086 0
3214 14.32500000000418 1.629903810566861 0
3215 15.26475647572377 0.1555280882748654 0
3216 -2.105641094784648 0.3318430014599462 0
3217 -2.227996540341028 0.6344047974289958 0
3218 -2.656590588395647 0.6367607059847071 0
3219 -2.464005296351017 1.006775178030111 0
3220 -2.042789883101426 0.974674197916134 0
3221 -2.166950480280965 1.364364470651948 0
3222 -2.631977363799911 1.43963251506204 0
3223 -1.633518775029404 1.405406915921969 0
3224 -1.736185389271191 1.611337691791286 0
3225 -1.766318964806716 0.1431399689857504 0
3226 -1.936492294347918 0.6746233353924079 0
3227 15.5976925481352 0.3220973548555699 0
3228 15.73435734848885 0.6154572999046738 0
3229 16.10403714875251 0.607299218926627 0
3230 15.91179000601747 0.944544283463968 0
3231 15.55461742540301 0.8570237640532489 0
3232 15.59814001356399 1.220581191926031 0
3233 16.0595136539499 1.343893603589597 0
3234 15.42673672867772 0.5696899736378523 0
3235 -4.75367403940308 0.8646873524198531 0
3236 -4.036304523959929 1.693455433651915 0
3237 -5.954911318105056 1.111516922912155 0
3238 17.85709941900678 0.6180884513605397 0
3239 17.35739096050961 1.383890721936055 0
3240 15.51033476111317 3.404522872899375 0
3241 14.87354549731649 1.637700736277049 0
3242 15.68302220234873 1.701145227139762 0
3243 13.80803337430006 3.273965989707999 0
3244 12.04982520062777 3.483953233570316 0
3245 10.22021325207658 3.403822040612768 0
3246 8.495534733844833 3.347068581612808 0
3247 16.38331486709052 1.940843898242018 0
3248 17.60468181674842 2.710414814088148 0
3249 -1.812504277669142 0.8508585053652221 0
3250 -1.768498648048662 0.5328203916344119 0
3251 0.4403866129722055 3.667430755383304 0
3252 -1.200716023939681 3.248159567023675 0
3253 2.159590835226992 3.314671355858235 0
3254 3.937417048074372 3.487447610877707 0
3255 5.816492711945578 3.45843780674173 0
3256 7.287109748896836 3.062775339885903 0
3257 -1.833082429465991 1.280130546047731 0
3258 15.12498940521193 0.2313321161210049 0
3259 15.13482341344799 0.5249999999979287 0
3260 -3.086812321510456 3.33650198041025 0
3261 -1.632130512166591 0.2298699250215178 0
3262 15.12990381056753 0.8249999999974202 0
3263 15.30509141692733 0.7555270697727884 0
3264 -1.637404171359848 0.8150301423376524 0
3265 15.12273942582623 1.297990702166667 0
3266 15.29642977596123 1.208994969720916 0
3267 15.33193406693211 1.462266322343083 0
3268 12.85757266744444 2.728860073464724 0
3269 -1.634120440554148 0.9704985816176442 0
3270 -1.781654315997315 1.056991957821778 0
3271 3.128346474598074 2.738537281160105 0
3272 15.11982217593539 0.9798380255541767 0
3273 18.71219426464312 1.11007128785543 0
3274 11.09062921084583 2.644616200687536 0
3275 11.9227998277448 2.506023671315076 0
3276 4.790055554353842 2.680384368829136 0
3277 3.919760517206979 2.465810199443907 0
3278 9.45254983444608 2.649404330645863 0
3279 -5.019889155522632 3.357726383355898 0
3280 14.7056298891183 2.718514069765451 0
3281 -0.2042426039601105 2.68164423718579 0
3282 0.8630063335663787 2.654927128743634 0
3283 1.781544743941968 2.505444434566336 0
3284 2.480299120397741 2.397636559300957 0
3285 -1.634679286090784 1.259968988084007 0
3286 15.26447365327844 0.4457228748010296 0
3287 -2.15801191113444 2.638436768125128 0
3288 16.41092374466713 0.3886724201364805 0
3289 16.54099063246247 0.9037007247758964 0
3290 -2.993928806938704 0.3874970443845165 0
3291 -3.109610985381298 0.9864930268014794 0
3292 6.272189585824332 2.568460560627885 0
3293 5.532567390570336 2.401428295743089 0
3294 8.029137196821637 2.609028608572946 0
3295 8.673942359789486 2.434932907528941 0
3296 10.22166786196386 2.584153428626281 0
3297 13.96818411943364 2.419387281340712 0
3298 -0.9941728302004098 2.307600775361899 0
3299 -1.321689464088925 1.720971000536223 0
3300 -1.606545723984746 0.5264637261047639 0
3301 -1.831532116010903 0.3227793571626729 0
3302 13.36551754350649 2.344646651201657 0
3303 13.42500000000388 1.62990381056826 0
3304 14.05195916721021 1.958211123206997 0
3305 14.54127291918972 2.183450746547032 0
3306 14.61642424955499 1.667175131875002 0
3307 13.59638466285397 1.904291764787006 0
3308 12.84705244526756 2.040452560170882 0
3309 12.87918436920514 1.662928595306367 0
3310 14.02500000000577 1.629903810567078 0
3311 12.33670976096787 2.0891524551515 0
3312 12.22500000000606 1.629903810566861 0
3313 -5.231570681157061 2.003204002339994 0
3314 0.2983587272292337 2.183770515193774 0
3315 0.1501536336759079 1.614607873097879 0
3316 0.08963014923221968 1.836002651378119 0
3317 -0.2146870782362804 1.989337388893658 0
3318 -0.3780020078739772 1.67005706257278 0
3319 -0.647597115749259 2.066848825748406 0
3320 -0.974999999998301 1.629903810568085 0
3321 6.939243627340627 2.305541921113009 0
3322 7.590251881715155 2.238905211264736 0
3323 7.380612244930798 1.642138212579622 0
3324 6.836221267477443 1.869182438671515 0
3325 7.232126265493056 1.925976171733268 0
3326 6.783219217964431 1.617881036809059 0
3327 6.382077967797205 2.044737120460951 0
3328 6.265126613406054 1.674728682370145 0
3329 5.918639157379755 2.117570684017896 0
3330 4.984495451109438 2.047835170821324 0
3331 5.661734693905915 1.658115252368846 0
3332 5.034891882802976 1.662893630739817 0
3333 4.460822427418607 2.191794294251353 0
3334 4.365294471669022 1.665897492301326 0
3335 5.475000000027507 1.987968599287845 0
3336 -2.226657454027508 1.897045212630157 0
3337 -2.921960128855941 2.020583532140341 0
3338 15.32295705935653 1.006448680953121 0
3339 15.25935308316177 0.5984870844529965 0
3340 15.27137337010107 2.260249061930982 0
3341 15.15581252278329 1.735462685280198 0
3342 0.8247426632194174 2.099303496438204 0
3343 0.8101072853162422 1.667717016709815 0
3344 1.373534271462694 2.119613352484262 0
3345 1.406716464772466 1.624257826520706 0
3346 9.216954079832046 2.114205719333473 0
3347 9.23155000656824 1.649810542716348 0
3348 8.625000000028335 1.938063553209983 0
3349 9.816448512032697 2.129291825016987 0
3350 9.825000000020902 1.629903810566861 0
3351 8.151272598848605 2.099139125362637 0
3352 8.003794133928697 1.658749382639579 0
3353 8.625000000028326 1.629903810566861 0
3354 -1.616504812706403 2.244940635818071 0
3355 14.77500000000138 1.851414763990314 0
3356 -1.975570626055639 0.1726431472056884 0
3357 15.3831034419866 0.3117378591654343 0
3358 11.4431722954833 2.177670370066435 0
3359 11.65207934887371 1.624113442503052 0
3360 11.81481203851435 1.885711993602183 0
3361 11.03206701270635 1.981656412063564 0
3362 11.03743381644214 1.665154351391173 0
3363 10.47610585068588 2.073669555641104 0
3364 10.4250000000172 1.629903810566861 0
3365 2.050616514499353 1.990659885306109 0
3366 2.668877478824257 1.91012042855101 0
3367 2.069925663367082 1.637117374000124 0
3368 3.168003934507443 2.158297551666085 0
3369 3.255065763841453 1.648899224678547 0
3370 2.640420052237493 1.644694190252635 0
3371 3.350945113070118 1.854236739088422 0
3372 3.662717178345173 1.94567514391829 0
3373 4.124196362925959 1.956790057558025 0
3374 3.929859775240539 1.707997432918066 0
3375 3.720201784547718 1.663908295016494 0
3376 18.65117045418915 3.802603703522313 0
3377 10.12895547896917 1.816491310791988 0
3378 6.070990555821245 1.855001656101559 0
3379 9.375000000023693 1.851414763990473 0
3380 15.23344535735358 0.3038641876721585 0
3381 14.46566519085243 1.865459791002541 0
3382 4.55373895955494 1.876258906667954 0
3383 5.204846833491684 1.832150302854311 0
3384 15.11041304791671 0.1073720408790501 0
3385 3.073578458051822 1.840291550910465 0
3386 7.560121076446697 1.86376207954152 0
3387 7.836560901427135 1.896992312713021 0
3388 1.011533627036905 1.860908028470375 0
3389 -1.612005028891205 0.1060015992583184 0
3390 -1.774990250538794 0.6983718807720557 0
3391 -1.946687195783317 0.473249244024314 0
3392 -0.501439566561827 1.845231618917359 0
3393 15.46387442802238 0.1578726604591739 0
3394 1.286472104832296 1.840034473819106 0
3395 5.816701452861399 1.851235156901633 0
$EndNodes
$Elements
6788
1 1 2 2 1 1 16
2 1 2 2 1 16 17
3 1 2 2 1 17 18
4 1 2 2 1 18 19
5 1 2 2 1 19 20
6 1 2 2 1 20 21
7 1 2 2 1 21 22
8 1 2 2 1 22 23
9 1 2 2 1 23 24
10 1 2 2 1 24 25
11 1 2 2 1 25 26
12 1 2 2 1 26 27
13 1 2 2 1 27 28
14 1 2 2 1 28 29
15 1 2 2 1 29 30
16 1 2 2 1 30 31
17 1 2 2 1 31 32
18 1 2 2 1 32 33
19 1 2 2 1 33 34
20 1 2 2 1 34 35
21 1 2 2 1 35 36
22 1 2 2 1 36 37
23 1 2 2 1 37 38
24 1 2 2 1 38 39
25 1 2 2 1 39 40
26 1 2 2 1 40 41
27 1 2 2 1 41 42
28 1 2 2 1 42 43
29 1 2 2 1 43 44
30 1 2 2 1 44 45
31 1 2 2 1 45 2
32 1 2 2 5 5 56
33 1 2 2 5 56 57
34 1 2 2 5 57 58
35 1 2 2 5 58 59
36 1 2 2 5 59 60
37 1 2 2 5 60 61
38 1 2 2 5 61 62
39 1 2 2 5 62 63
40 1 2 2 5 63 64
41 1 2 2 5 64 65
42 1 2 2 5 65 66
43 1 2 2 5 66 67
44 1 2 2 5 67 68
45 1 2 2 5 68 69
46 1 2 2 5 69 70
47 1 2 2 5 70 71
48 1 2 2 5 71 72
49 1 2 2 5 72 73
50 1 2 2 5 73 74
51 1 2 2 5 74 75
52 1 2 2 5 75 76
53 1 2 2 5 76 77
54 1 2 2 5 77 78
55 1 2 2 5 78 79
56 1 2 2 5 79 80
57 1 2 2 5 80 81
58 1 2 2 5 81 82
59 1 2 2 5 82 83
60 1 2 2 5 83 84
61 1 2 2 5 84 85
62 1 2 2 5 85 86
63 1 2 2 5 86 87
64 1 2 2 5 87 88
65 1 2 2 5 88 89
66 1 2 2 5 89 90
67 1 2 2 5 90 91
68 1 2 2 5 91 92
69 1 2 2 5 92 93
70 1 2 2 5 93 94
71 1 2 2 5 94 95
72 1 2 2 5 95 96
73 1 2 2 5 96 97
74 1 2 2 5 97 98
75 1 2 2 5 98 99
76 1 2 2 5 99 100
77 1 2 2 5 100 101
78 1 2 2 5 101 102
79 1 2 2 5 102 103
80 1 2 2 5 103 104
81 1 2 2 5 104 105
82 1 2 2 5 105 106
83 1 2 2 5 106 107
84 1 2 2 5 107 108
85 1 2 2 5 108 109
86 1 2 2 5 109 110
87 1 2 2 5 110 111
88 1 2 2 5 111 112
89 1 2 2 5 112 113
90 1 2 2 5 113 114
91 1 2 2 5 114 6
92 1 2 3 6 6 115
93 1 2 3 6 115 116
94 1 2 3 6 116 117
95 1 2 3 6 117 118
96 1 2 3 6 118 119
97 1 2 3 6 119 120
98 1 2 3 6 120 121
99 1 2 3 6 121 122
100 1 2 3 6 122 7
101 1 2 4 7 7 123
102 1 2 4 7 123 124
103 1 2 4 7 124 125
104 1 2 4 7 125 126
105 1 2 4 7 126 127
106 1 2 4 7 127 128
107 1 2 4 7 128 129
108 1 2 4 7 129 130
109 1 2 4 7 130 131
110 1 2 4 7 131 132
111 1 2 4 7 132 133
112 1 2 4 7 133 134
113 1 2 4 7 134 135
114 1 2 4 7 135 136
115 1 2 4 7 136 137
116 1 2 4 7 137 138
117 1 2 4 7 138 139
118 1 2 4 7 139 140
119 1 2 4 7 140 141
120 1 2 4 7 141 142
121 1 2 4 7 142 143
122 1 2 4 7 143 144
123 1 2 4 7 144 145
124 1 2 4 7 145 146
125 1 2 4 7 146 147
126 1 2 4 7 147 148
127 1 2 4 7 148 149
128 1 2 4 7 149 150
129 1 2 4 7 150 151
130 1 2 4 7 151 152
131 1 2 4 7 152 153
132 1 2 4 7 153 154
133 1 2 4 7 154 155
134 1 2 4 7 155 156
135 1 2 4 7 156 157
136 1 2 4 7 157 158
137 1 2 4 7 158 159
138 1 2 4 7 159 160
139 1 2 4 7 160 161
140 1 2 4 7 161 162
141 1 2 4 7 162 163
142 1 2 4 7 163 164
143 1 2 4 7 164 165
144 1 2 4 7 165 166
145 1 2 4 7 166 167
146 1 2 4 7 167 168
147 1 2 4 7 168 169
148 1 2 4 7 169 170
149 1 2 4 7 170 171
150 1 2 4 7 171 172
151 1 2 4 7 172 173
152 1 2 4 7 173 174
153 1 2 4 7 174 175
154 1 2 4 7 175 176
155 1 2 4 7 176 177
156 1 2 4 7 177 178
157 1 2 4 7 178 179
158 1 2 4 7 179 180
159 1 2 4 7 180 181
160 1 2 4 7 181 182
161 1 2 4 7 182 183
162 1 2 4 7 183 184
163 1 2 4 7 184 185
164 1 2 4 7 185 186
165 1 2 4 7 186 187
166 1 2 4 7 187 188
167 1 2 4 7 188 189
168 1 2 4 7 189 190
169 1 2 4 7 190 191
170 1 2 4 7 191 192
171 1 2 4 7 192 193
172 1 2 4 7 193 194
173 1 2 4 7 194 195
174 1 2 4 7 195 196
175 1 2 4 7 196 197
176 1 2 4 7 197 198
177 1 2 4 7 198 199
178 1 2 4 7 199 200
179 1 2 4 7 200 201
180 1 2 4 7 201 202
181 1 2 4 7 202 203
182 1 2 4 7 203 204
183 1 2 4 7 204 205
184 1 2 4 7 205 206
185 1 2 4 7 206 207
186 1 2 4 7 207 208
187 1 2 4 7 208 209
188 1 2 4 7 209 210
189 1 2 4 7 210 211
190 1 2 4 7 211 212
191 1 2 4 7 212 213
192 1 2 4 7 213 214
193 1 2 4 7 214 215
194 1 2 4 7 215 216
195 1 2 4 7 216 217
196 1 2 4 7 217 218
197 1 2 4 7 218 219
198 1 2 4 7 219 220
199 1 2 4 7 220 221
200 1 2 4 7 221 8
201 1 2 1 8 8 222
202 1 2 1 8 222 223
203 1 2 1 8 223 224
204 1 2 1 8 224 225
205 1 2 1 8 225 226
206 1 2 1 8 226 227
207 1 2 1 8 227 228
208 1 2 1 8 228 229
209 1 2 1 8 229 1
210 1 2 2 9 12 230
211 1 2 2 9 230 231
212 1 2 2 9 231 232
213 1 2 2 9 232 233
214 1 2 2 9 233 234
215 1 2 2 9 234 235
216 1 2 2 9 235 236
217 1 2 2 9 236 237
218 1 2 2 9 237 238
219 1 2 2 9 238 9
220 1 2 5 10 9 239
221 1 2 5 10 239 240
222 1 2 5 10 240 241
223 1 2 5 10 241 242
224 1 2 5 10 242 243
225 1 2 5 10 243 244
226 1 2 5 10 244 245
227 1 2 5 10 245 246
228 1 2 5 10 246 247
229 1 2 5 10 247 248
230 1 2 5 10 248 10
231 1 2 5 11 10 249
232 1 2 5 11 249 250
233 1 2 5 11 250 251
234 1 2 5 11 251 252
235 1 2 5 11 252 253
236 1 2 5 11 253 254
237 1 2 5 11 254 255
238 1 2 5 11 255 256
239 1 2 5 11 256 257
240 1 2 5 11 257 258
241 1 2 5 11 258 11
242 1 2 2 12 11 259
243 1 2 2 12 259 260
244 1 2 2 12 260 261
245 1 2 2 12 261 262
246 1 2 2 12 262 263
247 1 2 2 12 263 264
248 1 2 2 12 264 265
249 1 2 2 12 265 266
250 1 2 2 12 266 267
251 1 2 2 12 267 268
252 1 2 2 12 268 269
253 1 2 2 12 269 270
254 1 2 2 12 270 271
255 1 2 2 12 271 272
256 1 2 2 12 272 273
257 1 2 2 12 273 274
258 1 2 2 12 274 275
259 1 2 2 12 275 276
260 1 2 2 12 276 277
261 1 2 2 12 277 278
262 1 2 2 12 278 279
263 1 2 2 12 279 280
264 1 2 2 12 280 281
265 1 2 2 12 281 282
266 1 2 2 12 282 283
267 1 2 2 12 283 284
268 1 2 2 12 284 285
269 1 2 2 12 285 286
270 1 2 2 12 286 287
271 1 2 2 12 287 288
272 1 2 2 12 288 289
273 1 2 2 12 289 290
274 1 2 2 12 290 291
275 1 2 2 12 291 292
276 1 2 2 12 292 293
277 1 2 2 12 293 294
278 1 2 2 12 294 295
279 1 2 2 12 295 296
280 1 2 2 12 296 297
281 1 2 2 12 297 298
282 1 2 2 12 298 299
283 1 2 2 12 299 300
284 1 2 2 12 300 301
285 1 2 2 12 301 302
286 1 2 2 12 302 303
287 1 2 2 12 303 304
288 1 2 2 12 304 305
289 1 2 2 12 305 306
290 1 2 2 12 306 307
291 1 2 2 12 307 308
292 1 2 2 12 308 309
293 1 2 2 12 309 310
294 1 2 2 12 310 311
295 1 2 2 12 311 312
296 1 2 2 12 312 313
297 1 2 2 12 313 314
298 1 2 2 12 314 315
299 1 2 2 12 315 316
300 1 2 2 12 316 317
301 1 2 2 12 317 318
302 1 2 2 12 318 319
303 1 2 2 12 319 320
304 1 2 2 12 320 321
305 1 2 2 12 321 322
306 1 2 2 12 322 323
307 1 2 2 12 323 324
308 1 2 2 12 324 325
309 1 2 2 12 325 326
310 1 2 2 12 326 327
311 1 2 2 12 327 328
312 1 2 2 12 328 329
313 1 2 2 12 329 330
314 1 2 2 12 330 331
315 1 2 2 12 331 332
316 1 2 2 12 332 333
317 1 2 2 12 333 334
318 1 2 2 12 334 335
319 1 2 2 12 335 336
320 1 2 2 12 336 337
321 1 2 2 12 337 338
322 1 2 2 12 338 339
323 1 2 2 12 339 340
324 1 2 2 12 340 341
325 1 2 2 12 341 342
326 1 2 2 12 342 343
327 1 2 2 12 343 344
328 1 2 2 12 344 345
329 1 2 2 12 345 346
330 1 2 2 12 346 347
331 1 2 2 12 347 348
332 1 2 2 12 348 349
333 1 2 2 12 349 350
334 1 2 2 12 350 351
335 1 2 2 12 351 352
336 1 2 2 12 352 353
337 1 2 2 12 353 354
338 1 2 2 12 354 355
339 1 2 2 12 355 356
340 1 2 2 12 356 357
341 1 2 2 12 357 358
342 1 2 2 12 358 359
343 1 2 2 12 359 360
344 1 2 2 12 360 361
345 1 2 2 12 361 362
346 1 2 2 12 362 363
347 1 2 2 12 363 364
348 1 2 2 12 364 365
349 1 2 2 12 365 366
350 1 2 2 12 366 367
351 1 2 2 12 367 368
352 1 2 2 12 368 369
353 1 2 2 12 369 370
354 1 2 2 12 370 371
355 1 2 2 12 371 372
356 1 2 2 12 372 373
357 1 2 2 12 373 374
358 1 2 2 12 374 375
359 1 2 2 12 375 376
360 1 2 2 12 376 377
361 1 2 2 12 377 378
362 1 2 2 12 378 379
363 1 2 2 12 379 380
364 1 2 2 12 380 381
365 1 2 2 12 381 382
366 1 2 2 12 382 383
367 1 2 2 12 383 384
368 1 2 2 12 384 385
369 1 2 2 12 385 386
370 1 2 2 12 386 387
371 1 2 2 12 387 388
372 1 2 2 12 388 389
373 1 2 2 12 389 390
374 1 2 2 12 390 391
375 1 2 2 12 391 15
376 1 2 2 16 2 519
377 1 2 2 16 519 520
378 1 2 2 16 520 521
379 1 2 2 16 521 522
380 1 2 2 16 522 523
381 1 2 2 16 523 524
382 1 2 2 16 524 525
383 1 2 2 16 525 12
384 1 2 2 17 15 526
385 1 2 2 17 526 527
386 1 2 2 17 527 528
387 1 2 2 17 528 529
388 1 2 2 17 529 530
389 1 2 2 17 530 531
390 1 2 2 17 531 532
391 1 2 2 17 532 5
392 2 2 6 101 998 573 999
393 2 2 6 101 1004 814 1193
394 2 2 6 101 1006 997 1298
395 2 2 6 101 899 581 934
396 2 2 6 101 560 891 905
397 2 2 6 101 573 104 999
398 2 2 6 101 1220 802 1233
399 2 2 6 101 1021 1220 1233
400 2 2 6 101 193 560 905
401 2 2 6 101 615 898 934
402 2 2 6 101 648 646 1348
403 2 2 6 101 822 757 1143
404 2 2 6 101 659 661 1119
405 2 2 6 101 898 615 901
406 2 2 6 101 849 1009 1205
407 2 2 6 101 898 899 934
408 2 2 6 101 1141 822 1143
409 2 2 6 101 1009 1010 1205
410 2 2 6 101 1220 1024 1352
411 2 2 6 101 931 806 1248
412 2 2 6 101 806 931 1244
413 2 2 6 101 1020 1021 1240
414 2 2 6 101 1021 1233 1240
415 2 2 6 101 802 1220 1352
416 2 2 6 101 646 1026 1348
417 2 2 6 101 1033 1029 1305
418 2 2 6 101 824 751 1137
419 2 2 6 101 573 998 1000
420 2 2 6 101 803 901 1320
421 2 2 6 101 892 616 1276
422 2 2 6 101 1135 824 1137
423 2 2 6 101 104 105 999
424 2 2 6 101 579 1031 1213
425 2 2 6 101 901 615 902
426 2 2 6 101 1213 1031 1411
427 2 2 6 101 581 899 935
428 2 2 6 101 826 745 1127
429 2 2 6 101 930 931 1252
430 2 2 6 101 931 1248 1252
431 2 2 6 101 1112 539 1115
432 2 2 6 101 608 1122 1207
433 2 2 6 101 1106 821 1108
434 2 2 6 101 1125 826 1127
435 2 2 6 101 963 819 965
436 2 2 6 101 1020 806 1244
437 2 2 6 101 806 1020 1240
438 2 2 6 101 1128 1257 1299
439 2 2 6 101 1039 1036 1307
440 2 2 6 101 132 133 1030
441 2 2 6 101 132 1030 1418
442 2 2 6 101 820 1202 1308
443 2 2 6 101 22 23 1297
444 2 2 6 101 613 970 978
445 2 2 6 101 821 1106 1109
446 2 2 6 101 814 1004 1194
447 2 2 6 101 548 1006 1298
448 2 2 6 101 1107 825 1112
449 2 2 6 101 669 671 973
450 2 2 6 101 759 761 1313
451 2 2 6 101 1242 921 1251
452 2 2 6 101 930 807 1251
453 2 2 6 101 920 869 922
454 2 2 6 101 807 1242 1251
455 2 2 6 101 135 136 1037
456 2 2 6 101 807 930 1252
457 2 2 6 101 191 192 1295
458 2 2 6 101 976 608 1207
459 2 2 6 101 901 902 1320
460 2 2 6 101 135 1037 1423
461 2 2 6 101 819 963 964
462 2 2 6 101 869 920 1224
463 2 2 6 101 192 193 905
464 2 2 6 101 891 560 1409
465 2 2 6 101 540 1033 1305
466 2 2 6 101 753 755 1315
467 2 2 6 101 741 743 1129
468 2 2 6 101 616 957 1276
469 2 2 6 101 828 1117 1412
470 2 2 6 101 920 921 1224
471 2 2 6 101 757 759 1143
472 2 2 6 101 825 1107 1111
473 2 2 6 101 1117 828 1119
474 2 2 6 101 894 624 1309
475 2 2 6 101 1224 921 1242
476 2 2 6 101 747 749 1316
477 2 2 6 101 535 1039 1307
478 2 2 6 101 1139 822 1141
479 2 2 6 101 828 659 1119
480 2 2 6 101 192 905 1295
481 2 2 6 101 984 1214 1324
482 2 2 6 101 831 972 974
483 2 2 6 101 826 1125 1128
484 2 2 6 101 1107 1112 1115
485 2 2 6 101 624 894 1225
486 2 2 6 101 1145 820 1308
487 2 2 6 101 751 753 1137
488 2 2 6 101 552 21 977
489 2 2 6 101 1010 1213 1411
490 2 2 6 101 611 1173 1323
491 2 2 6 101 1212 965 1398
492 2 2 6 101 613 978 1419
493 2 2 6 101 963 965 1212
494 2 2 6 101 1143 759 1313
495 2 2 6 101 533 932 1230
496 2 2 6 101 1126 824 1135
497 2 2 6 101 972 831 973
498 2 2 6 101 977 22 1297
499 2 2 6 101 579 132 1418
500 2 2 6 101 109 110 936
501 2 2 6 101 831 669 973
502 2 2 6 101 102 103 1001
503 2 2 6 101 745 747 1127
504 2 2 6 101 661 833 1119
505 2 2 6 101 563 906 1177
506 2 2 6 101 833 1118 1119
507 2 2 6 101 1137 753 1315
508 2 2 6 101 772 770 1289
509 2 2 6 101 611 1132 1191
510 2 2 6 101 1118 833 1207
511 2 2 6 101 1129 1128 1299
512 2 2 6 101 1132 1131 1191
513 2 2 6 101 540 135 1423
514 2 2 6 101 1254 880 1270
515 2 2 6 101 1214 682 1324
516 2 2 6 101 1056 805 1368
517 2 2 6 101 805 1056 1371
518 2 2 6 101 1359 1062 1361
519 2 2 6 101 801 1359 1361
520 2 2 6 101 1353 1068 1356
521 2 2 6 101 800 1353 1356
522 2 2 6 101 1127 747 1316
523 2 2 6 101 1345 1074 1349
524 2 2 6 101 797 1345 1349
525 2 2 6 101 1122 1118 1207
526 2 2 6 101 1257 553 1299
527 2 2 6 101 741 1129 1130
528 2 2 6 101 1131 553 1191
529 2 2 6 101 1340 1080 1343
530 2 2 6 101 794 1340 1343
531 2 2 6 101 971 838 978
532 2 2 6 101 838 971 973
533 2 2 6 101 1050 835 1375
534 2 2 6 101 835 1050 1378
535 2 2 6 101 1334 1089 1335
536 2 2 6 101 823 1334 1335
537 2 2 6 101 671 838 973
538 2 2 6 101 970 971 978
539 2 2 6 101 896 614 1301
540 2 2 6 101 818 774 1002
541 2 2 6 101 113 114 902
542 2 2 6 101 1177 906 1178
543 2 2 6 101 1293 837 1312
544 2 2 6 101 870 1172 1201
545 2 2 6 101 810 1099 1294
546 2 2 6 101 539 1112 1403
547 2 2 6 101 1172 1171 1201
548 2 2 6 101 816 1326 1327
549 2 2 6 101 1326 988 1327
550 2 2 6 101 829 1216 1227
551 2 2 6 101 743 826 1129
552 2 2 6 101 1216 1168 1227
553 2 2 6 101 1117 1120 1412
554 2 2 6 101 1171 829 1201
555 2 2 6 101 1132 611 1323
556 2 2 6 101 830 1241 1246
557 2 2 6 101 829 1171 1216
558 2 2 6 101 1241 1164 1246
559 2 2 6 101 832 1253 1259
560 2 2 6 101 21 22 977
561 2 2 6 101 1253 1160 1259
562 2 2 6 101 615 113 902
563 2 2 6 101 1227 1168 1237
564 2 2 6 101 834 1264 1266
565 2 2 6 101 614 896 1372
566 2 2 6 101 1168 1167 1237
567 2 2 6 101 1264 1156 1266
568 2 2 6 101 836 1271 1273
569 2 2 6 101 1271 1152 1273
570 2 2 6 101 841 1281 1282
571 2 2 6 101 1281 1148 1282
572 2 2 6 101 997 999 1298
573 2 2 6 101 878 1287 1290
574 2 2 6 101 1287 1175 1290
575 2 2 6 101 978 917 1419
576 2 2 6 101 1246 1164 1249
577 2 2 6 101 1099 810 1399
578 2 2 6 101 1164 1163 1249
579 2 2 6 101 601 109 936
580 2 2 6 101 554 1212 1398
581 2 2 6 101 1167 830 1237
582 2 2 6 101 830 1167 1241
583 2 2 6 101 553 1131 1299
584 2 2 6 101 866 1239 1255
585 2 2 6 101 972 552 977
586 2 2 6 101 893 892 1276
587 2 2 6 101 560 922 1409
588 2 2 6 101 1259 1160 1260
589 2 2 6 101 1160 1159 1260
590 2 2 6 101 103 573 1001
591 2 2 6 101 110 581 936
592 2 2 6 101 756 1103 1404
593 2 2 6 101 847 935 1226
594 2 2 6 101 1103 756 1390
595 2 2 6 101 935 899 1226
596 2 2 6 101 102 1001 1003
597 2 2 6 101 1266 1156 1268
598 2 2 6 101 1163 832 1249
599 2 2 6 101 1156 1155 1268
600 2 2 6 101 832 1163 1253
601 2 2 6 101 1002 772 1289
602 2 2 6 101 808 950 1328
603 2 2 6 101 23 608 1297
604 2 2 6 101 843 685 1178
605 2 2 6 101 1029 1030 1305
606 2 2 6 101 1273 1152 1277
607 2 2 6 101 616 892 1347
608 2 2 6 101 1152 1151 1277
609 2 2 6 101 596 903 911
610 2 2 6 101 1283 885 1285
611 2 2 6 101 950 808 1339
612 2 2 6 101 1230 932 1321
613 2 2 6 101 895 894 1309
614 2 2 6 101 1159 834 1260
615 2 2 6 101 932 533 1322
616 2 2 6 101 834 1159 1264
617 2 2 6 101 1291 1177 1296
618 2 2 6 101 837 907 1312
619 2 2 6 101 1282 1148 1284
620 2 2 6 101 675 191 1295
621 2 2 6 101 1148 1147 1284
622 2 2 6 101 1036 1037 1307
623 2 2 6 101 1001 1000 1194
624 2 2 6 101 927 866 1255
625 2 2 6 101 1003 1001 1194
626 2 2 6 101 774 772 1002
627 2 2 6 101 998 818 1002
628 2 2 6 101 893 1276 1374
629 2 2 6 101 999 105 1298
630 2 2 6 101 900 1254 1270
631 2 2 6 101 1004 1003 1194
632 2 2 6 101 866 927 1229
633 2 2 6 101 842 1291 1296
634 2 2 6 101 1155 836 1268
635 2 2 6 101 1202 1039 1308
636 2 2 6 101 836 1155 1271
637 2 2 6 101 1108 1401 1405
638 2 2 6 101 1111 1108 1405
639 2 2 6 101 555 960 961
640 2 2 6 101 927 795 1229
641 2 2 6 101 675 900 1270
642 2 2 6 101 761 820 1313
643 2 2 6 101 573 1000 1001
644 2 2 6 101 885 906 1285
645 2 2 6 101 608 976 1297
646 2 2 6 101 903 596 945
647 2 2 6 101 1151 841 1277
648 2 2 6 101 38 39 959
649 2 2 6 101 841 1151 1281
650 2 2 6 101 54 4 583
651 2 2 6 101 596 911 1256
652 2 2 6 101 863 909 941
653 2 2 6 101 1000 998 1002
654 2 2 6 101 880 941 1270
655 2 2 6 101 1004 1193 1420
656 2 2 6 101 821 1109 1250
657 2 2 6 101 965 819 966
658 2 2 6 101 1194 1000 1289
659 2 2 6 101 880 863 941
660 2 2 6 101 1239 790 1255
661 2 2 6 101 3 584 585
662 2 2 6 101 755 822 1315
663 2 2 6 101 44 45 1236
664 2 2 6 101 4 55 1329
665 2 2 6 101 876 1293 1312
666 2 2 6 101 555 959 960
667 2 2 6 101 685 687 1178
668 2 2 6 101 906 843 1178
669 2 2 6 101 581 935 936
670 2 2 6 101 3 47 584
671 2 2 6 101 679 949 1330
672 2 2 6 101 1147 878 1284
673 2 2 6 101 878 1147 1287
674 2 2 6 101 1109 967 1250
675 2 2 6 101 35 36 1212
676 2 2 6 101 770 814 1289
677 2 2 6 101 826 1128 1129
678 2 2 6 101 831 974 975
679 2 2 6 101 909 593 941
680 2 2 6 101 974 972 977
681 2 2 6 101 597 53 908
682 2 2 6 101 1006 548 1400
683 2 2 6 101 949 679 1304
684 2 2 6 101 1112 825 1113
685 2 2 6 101 39 955 959
686 2 2 6 101 968 850 1392
687 2 2 6 101 665 667 975
688 2 2 6 101 842 1175 1291
689 2 2 6 101 1175 842 1290
690 2 2 6 101 1030 133 1305
691 2 2 6 101 749 824 1316
692 2 2 6 101 900 675 1295
693 2 2 6 101 36 962 1212
694 2 2 6 101 906 563 1285
695 2 2 6 101 911 1254 1256
696 2 2 6 101 555 38 959
697 2 2 6 101 813 954 1355
698 2 2 6 101 1128 1125 1133
699 2 2 6 101 1205 1010 1411
700 2 2 6 101 667 831 975
701 2 2 6 101 904 903 945
702 2 2 6 101 39 40 955
703 2 2 6 101 36 37 962
704 2 2 6 101 799 648 1348
705 2 2 6 101 954 813 1373
706 2 2 6 101 916 1413 1419
707 2 2 6 101 976 1207 1232
708 2 2 6 101 1037 136 1307
709 2 2 6 101 606 910 942
710 2 2 6 101 596 589 945
711 2 2 6 101 943 586 1223
712 2 2 6 101 593 909 969
713 2 2 6 101 1173 1172 1323
714 2 2 6 101 739 741 1130
715 2 2 6 101 868 739 1130
716 2 2 6 101 917 916 1419
717 2 2 6 101 984 986 1214
718 2 2 6 101 1031 579 1418
719 2 2 6 101 795 944 1229
720 2 2 6 101 554 35 1212
721 2 2 6 101 943 884 944
722 2 2 6 101 601 936 937
723 2 2 6 101 586 942 1209
724 2 2 6 101 947 946 949
725 2 2 6 101 975 976 1232
726 2 2 6 101 1110 33 1314
727 2 2 6 101 926 1302 1303
728 2 2 6 101 865 893 912
729 2 2 6 101 1024 1026 1352
730 2 2 6 101 541 147 1133
731 2 2 6 101 1039 535 1308
732 2 2 6 101 910 606 1211
733 2 2 6 101 1009 849 1424
734 2 2 6 101 589 584 945
735 2 2 6 101 37 555 962
736 2 2 6 101 560 919 922
737 2 2 6 101 942 910 1209
738 2 2 6 101 978 838 1235
739 2 2 6 101 557 951 952
740 2 2 6 101 560 194 919
741 2 2 6 101 606 969 1211
742 2 2 6 101 557 41 951
743 2 2 6 101 187 188 969
744 2 2 6 101 819 641 966
745 2 2 6 101 641 643 966
746 2 2 6 101 583 4 588
747 2 2 6 101 555 961 962
748 2 2 6 101 945 584 1292
749 2 2 6 101 559 925 926
750 2 2 6 101 559 180 925
751 2 2 6 101 557 952 953
752 2 2 6 101 586 1209 1223
753 2 2 6 101 884 943 1223
754 2 2 6 101 40 557 955
755 2 2 6 101 919 920 922
756 2 2 6 101 612 946 947
757 2 2 6 101 665 975 1232
758 2 2 6 101 917 978 1235
759 2 2 6 101 198 576 929
760 2 2 6 101 911 880 1254
761 2 2 6 101 820 1145 1313
762 2 2 6 101 125 614 923
763 2 2 6 101 18 613 924
764 2 2 6 101 612 43 946
765 2 2 6 101 868 1130 1131
766 2 2 6 101 984 985 986
767 2 2 6 101 862 863 879
768 2 2 6 101 879 880 911
769 2 2 6 101 606 187 969
770 2 2 6 101 795 182 944
771 2 2 6 101 593 940 941
772 2 2 6 101 585 589 590
773 2 2 6 101 918 1310 1319
774 2 2 6 101 848 1318 1365
775 2 2 6 101 178 1283 1285
776 2 2 6 101 676 865 912
777 2 2 6 101 915 625 1351
778 2 2 6 101 975 974 976
779 2 2 6 101 928 197 929
780 2 2 6 101 903 879 911
781 2 2 6 101 827 888 932
782 2 2 6 101 929 576 930
783 2 2 6 101 1125 541 1133
784 2 2 6 101 147 148 1133
785 2 2 6 101 1033 540 1423
786 2 2 6 101 944 884 1229
787 2 2 6 101 41 42 951
788 2 2 6 101 798 912 913
789 2 2 6 101 572 101 1003
790 2 2 6 101 101 102 1003
791 2 2 6 101 219 616 939
792 2 2 6 101 673 676 798
793 2 2 6 101 865 892 893
794 2 2 6 101 789 788 827
795 2 2 6 101 789 827 882
796 2 2 6 101 188 593 969
797 2 2 6 101 919 600 920
798 2 2 6 101 1214 988 1325
799 2 2 6 101 837 4 1329
800 2 2 6 101 798 676 912
801 2 2 6 101 1302 872 1303
802 2 2 6 101 1112 1114 1403
803 2 2 6 101 196 197 928
804 2 2 6 101 882 827 932
805 2 2 6 101 123 124 886
806 2 2 6 101 16 17 887
807 2 2 6 101 969 909 1211
808 2 2 6 101 581 111 934
809 2 2 6 101 43 44 946
810 2 2 6 101 179 180 559
811 2 2 6 101 193 194 560
812 2 2 6 101 56 57 907
813 2 2 6 101 195 600 919
814 2 2 6 101 825 653 1113
815 2 2 6 101 653 655 1113
816 2 2 6 101 881 879 903
817 2 2 6 101 886 124 923
818 2 2 6 101 887 17 924
819 2 2 6 101 965 966 967
820 2 2 6 101 616 220 957
821 2 2 6 101 59 60 985
822 2 2 6 101 787 788 789
823 2 2 6 101 186 606 942
824 2 2 6 101 925 795 927
825 2 2 6 101 197 198 929
826 2 2 6 101 1109 1106 1110
827 2 2 6 101 1325 988 1326
828 2 2 6 101 58 558 933
829 2 2 6 101 190 191 675
830 2 2 6 101 879 863 880
831 2 2 6 101 953 952 954
832 2 2 6 101 850 968 1396
833 2 2 6 101 673 672 676
834 2 2 6 101 181 795 925
835 2 2 6 101 993 897 1218
836 2 2 6 101 52 597 958
837 2 2 6 101 60 605 985
838 2 2 6 101 862 861 863
839 2 2 6 101 907 57 933
840 2 2 6 101 593 189 940
841 2 2 6 101 676 864 865
842 2 2 6 101 883 882 894
843 2 2 6 101 860 861 862
844 2 2 6 101 948 947 950
845 2 2 6 101 914 913 915
846 2 2 6 101 42 43 612
847 2 2 6 101 787 786 788
848 2 2 6 101 862 881 918
849 2 2 6 101 190 675 940
850 2 2 6 101 791 993 1218
851 2 2 6 101 195 196 600
852 2 2 6 101 112 615 934
853 2 2 6 101 671 672 673
854 2 2 6 101 220 221 957
855 2 2 6 101 572 1003 1004
856 2 2 6 101 194 195 919
857 2 2 6 101 586 185 942
858 2 2 6 101 219 220 616
859 2 2 6 101 112 113 615
860 2 2 6 101 184 185 586
861 2 2 6 101 860 862 918
862 2 2 6 101 180 181 925
863 2 2 6 101 582 218 939
864 2 2 6 101 601 937 938
865 2 2 6 101 950 873 1328
866 2 2 6 101 933 558 983
867 2 2 6 101 184 586 943
868 2 2 6 101 926 925 927
869 2 2 6 101 52 53 597
870 2 2 6 101 827 844 888
871 2 2 6 101 862 879 881
872 2 2 6 101 970 552 971
873 2 2 6 101 962 961 963
874 2 2 6 101 217 582 982
875 2 2 6 101 913 912 1262
876 2 2 6 101 1112 1113 1114
877 2 2 6 101 183 943 944
878 2 2 6 101 816 1327 1331
879 2 2 6 101 182 183 944
880 2 2 6 101 985 605 986
881 2 2 6 101 979 537 980
882 2 2 6 101 946 44 1236
883 2 2 6 101 888 898 901
884 2 2 6 101 981 1008 1009
885 2 2 6 101 181 182 795
886 2 2 6 101 125 126 614
887 2 2 6 101 18 19 613
888 2 2 6 101 929 930 1251
889 2 2 6 101 671 673 838
890 2 2 6 101 868 1131 1132
891 2 2 6 101 110 111 581
892 2 2 6 101 217 218 582
893 2 2 6 101 20 552 970
894 2 2 6 101 127 537 979
895 2 2 6 101 1207 833 1232
896 2 2 6 101 218 219 939
897 2 2 6 101 124 125 923
898 2 2 6 101 17 18 924
899 2 2 6 101 128 129 1008
900 2 2 6 101 600 196 928
901 2 2 6 101 785 786 787
902 2 2 6 101 53 54 908
903 2 2 6 101 865 889 892
904 2 2 6 101 991 867 1013
905 2 2 6 101 614 126 979
906 2 2 6 101 613 19 970
907 2 2 6 101 1210 816 1331
908 2 2 6 101 186 187 606
909 2 2 6 101 930 576 931
910 2 2 6 101 51 52 958
911 2 2 6 101 42 612 951
912 2 2 6 101 557 953 955
913 2 2 6 101 111 112 934
914 2 2 6 101 676 672 864
915 2 2 6 101 798 913 914
916 2 2 6 101 684 843 872
917 2 2 6 101 587 50 989
918 2 2 6 101 992 991 1013
919 2 2 6 101 216 982 994
920 2 2 6 101 782 848 990
921 2 2 6 101 185 186 942
922 2 2 6 101 129 602 1008
923 2 2 6 101 671 670 672
924 2 2 6 101 789 882 883
925 2 2 6 101 51 958 989
926 2 2 6 101 785 784 786
927 2 2 6 101 558 59 985
928 2 2 6 101 920 600 921
929 2 2 6 101 822 1139 1315
930 2 2 6 101 783 784 785
931 2 2 6 101 986 987 988
932 2 2 6 101 963 961 964
933 2 2 6 101 669 670 671
934 2 2 6 101 1176 563 1177
935 2 2 6 101 986 605 987
936 2 2 6 101 108 109 601
937 2 2 6 101 585 590 679
938 2 2 6 101 183 184 943
939 2 2 6 101 783 782 784
940 2 2 6 101 971 972 973
941 2 2 6 101 669 668 670
942 2 2 6 101 776 818 996
943 2 2 6 101 1210 1331 1332
944 2 2 6 101 216 217 982
945 2 2 6 101 572 1004 1005
946 2 2 6 101 791 992 993
947 2 2 6 101 556 1215 1219
948 2 2 6 101 612 947 948
949 2 2 6 101 666 867 991
950 2 2 6 101 57 58 933
951 2 2 6 101 955 953 956
952 2 2 6 101 996 818 997
953 2 2 6 101 537 128 1008
954 2 2 6 101 189 190 940
955 2 2 6 101 960 956 968
956 2 2 6 101 667 668 669
957 2 2 6 101 684 872 1228
958 2 2 6 101 33 1110 1421
959 2 2 6 101 996 997 1006
960 2 2 6 101 785 787 846
961 2 2 6 101 667 666 668
962 2 2 6 101 827 788 844
963 2 2 6 101 1008 602 1009
964 2 2 6 101 670 668 791
965 2 2 6 101 790 678 1228
966 2 2 6 101 781 782 783
967 2 2 6 101 660 658 1016
968 2 2 6 101 1017 1016 1204
969 2 2 6 101 1019 577 1020
970 2 2 6 101 786 784 847
971 2 2 6 101 781 780 782
972 2 2 6 101 561 215 994
973 2 2 6 101 215 216 994
974 2 2 6 101 603 1174 1175
975 2 2 6 101 782 780 848
976 2 2 6 101 778 776 996
977 2 2 6 101 202 203 1022
978 2 2 6 101 779 778 780
979 2 2 6 101 931 576 1018
980 2 2 6 101 1022 203 1023
981 2 2 6 101 556 1092 1093
982 2 2 6 101 665 664 666
983 2 2 6 101 126 127 979
984 2 2 6 101 19 20 970
985 2 2 6 101 556 63 1092
986 2 2 6 101 665 666 667
987 2 2 6 101 871 660 1016
988 2 2 6 101 201 577 1019
989 2 2 6 101 867 1012 1013
990 2 2 6 101 1016 658 1204
991 2 2 6 101 63 64 1092
992 2 2 6 101 779 780 781
993 2 2 6 101 50 51 989
994 2 2 6 101 1027 852 1031
995 2 2 6 101 603 174 1174
996 2 2 6 101 174 175 1174
997 2 2 6 101 1011 871 1014
998 2 2 6 101 662 871 1011
999 2 2 6 101 777 776 778
1000 2 2 6 101 1009 602 1010
1001 2 2 6 101 176 563 1176
1002 2 2 6 101 980 537 981
1003 2 2 6 101 610 1087 1088
1004 2 2 6 101 64 65 1090
1005 2 2 6 101 777 778 779
1006 2 2 6 101 1020 577 1021
1007 2 2 6 101 781 849 1205
1008 2 2 6 101 877 860 918
1009 2 2 6 101 1088 1087 1089
1010 2 2 6 101 1174 175 1176
1011 2 2 6 101 784 782 990
1012 2 2 6 101 576 199 1018
1013 2 2 6 101 204 575 1023
1014 2 2 6 101 1023 575 1024
1015 2 2 6 101 849 783 1007
1016 2 2 6 101 971 552 972
1017 2 2 6 101 203 204 1023
1018 2 2 6 101 1215 987 1219
1019 2 2 6 101 666 664 867
1020 2 2 6 101 663 662 664
1021 2 2 6 101 1090 1088 1091
1022 2 2 6 101 64 1090 1092
1023 2 2 6 101 577 202 1022
1024 2 2 6 101 997 818 998
1025 2 2 6 101 663 664 665
1026 2 2 6 101 783 785 1007
1027 2 2 6 101 779 781 1205
1028 2 2 6 101 549 1146 1147
1029 2 2 6 101 547 1150 1151
1030 2 2 6 101 785 846 1007
1031 2 2 6 101 1014 871 1015
1032 2 2 6 101 668 666 991
1033 2 2 6 101 549 1147 1148
1034 2 2 6 101 547 169 1150
1035 2 2 6 101 781 783 849
1036 2 2 6 101 610 1086 1087
1037 2 2 6 101 564 1084 1085
1038 2 2 6 101 170 1149 1150
1039 2 2 6 101 610 1088 1090
1040 2 2 6 101 777 852 1027
1041 2 2 6 101 170 171 1149
1042 2 2 6 101 1105 1108 1111
1043 2 2 6 101 66 67 1086
1044 2 2 6 101 1024 1025 1026
1045 2 2 6 101 1185 1025 1203
1046 2 2 6 101 610 66 1086
1047 2 2 6 101 65 610 1090
1048 2 2 6 101 1105 1106 1108
1049 2 2 6 101 775 777 1027
1050 2 2 6 101 775 776 777
1051 2 2 6 101 775 774 776
1052 2 2 6 101 776 774 818
1053 2 2 6 101 1024 575 1025
1054 2 2 6 101 169 170 1150
1055 2 2 6 101 575 205 1203
1056 2 2 6 101 664 662 1011
1057 2 2 6 101 1105 550 1106
1058 2 2 6 101 199 200 1018
1059 2 2 6 101 564 1083 1084
1060 2 2 6 101 564 68 1083
1061 2 2 6 101 547 1151 1152
1062 2 2 6 101 68 69 1083
1063 2 2 6 101 1018 200 1019
1064 2 2 6 101 1086 1085 1087
1065 2 2 6 101 167 1153 1154
1066 2 2 6 101 546 1154 1155
1067 2 2 6 101 175 176 1176
1068 2 2 6 101 1107 1105 1111
1069 2 2 6 101 167 168 1153
1070 2 2 6 101 546 166 1154
1071 2 2 6 101 1028 1027 1031
1072 2 2 6 101 1092 1091 1093
1073 2 2 6 101 1025 575 1203
1074 2 2 6 101 69 70 1081
1075 2 2 6 101 763 765 1202
1076 2 2 6 101 1015 871 1016
1077 2 2 6 101 1181 1180 1183
1078 2 2 6 101 565 1078 1079
1079 2 2 6 101 1184 1181 1185
1080 2 2 6 101 1104 550 1105
1081 2 2 6 101 574 1180 1181
1082 2 2 6 101 1079 1078 1080
1083 2 2 6 101 539 29 1115
1084 2 2 6 101 206 207 1184
1085 2 2 6 101 817 1035 1036
1086 2 2 6 101 765 1038 1202
1087 2 2 6 101 69 1081 1083
1088 2 2 6 101 166 167 1154
1089 2 2 6 101 1184 1185 1203
1090 2 2 6 101 1104 1105 1107
1091 2 2 6 101 1081 1079 1082
1092 2 2 6 101 815 775 1027
1093 2 2 6 101 817 1034 1035
1094 2 2 6 101 765 767 1038
1095 2 2 6 101 997 998 999
1096 2 2 6 101 564 1085 1086
1097 2 2 6 101 780 778 995
1098 2 2 6 101 769 771 1034
1099 2 2 6 101 565 1077 1078
1100 2 2 6 101 574 1181 1184
1101 2 2 6 101 820 763 1202
1102 2 2 6 101 565 71 1077
1103 2 2 6 101 29 30 1115
1104 2 2 6 101 546 1155 1156
1105 2 2 6 101 565 1079 1081
1106 2 2 6 101 210 580 1186
1107 2 2 6 101 71 72 1077
1108 2 2 6 101 817 769 1034
1109 2 2 6 101 545 1158 1159
1110 2 2 6 101 70 565 1081
1111 2 2 6 101 767 817 1038
1112 2 2 6 101 545 163 1158
1113 2 2 6 101 205 206 1203
1114 2 2 6 101 164 1157 1158
1115 2 2 6 101 1015 1016 1017
1116 2 2 6 101 1180 1179 1182
1117 2 2 6 101 574 1179 1180
1118 2 2 6 101 67 564 1086
1119 2 2 6 101 771 1032 1034
1120 2 2 6 101 72 73 1075
1121 2 2 6 101 164 165 1157
1122 2 2 6 101 200 201 1019
1123 2 2 6 101 566 1072 1073
1124 2 2 6 101 28 539 1121
1125 2 2 6 101 209 210 1186
1126 2 2 6 101 1073 1072 1074
1127 2 2 6 101 72 1075 1077
1128 2 2 6 101 817 1036 1038
1129 2 2 6 101 1036 1035 1037
1130 2 2 6 101 30 31 1104
1131 2 2 6 101 31 550 1104
1132 2 2 6 101 163 164 1158
1133 2 2 6 101 1117 1116 1120
1134 2 2 6 101 1075 1073 1076
1135 2 2 6 101 27 28 1121
1136 2 2 6 101 566 1071 1072
1137 2 2 6 101 1083 1082 1084
1138 2 2 6 101 551 1116 1117
1139 2 2 6 101 566 74 1071
1140 2 2 6 101 545 1159 1160
1141 2 2 6 101 566 1073 1075
1142 2 2 6 101 574 208 1179
1143 2 2 6 101 208 209 1179
1144 2 2 6 101 168 547 1153
1145 2 2 6 101 74 75 1071
1146 2 2 6 101 1118 1117 1119
1147 2 2 6 101 73 566 1075
1148 2 2 6 101 161 1161 1162
1149 2 2 6 101 544 1162 1163
1150 2 2 6 101 161 162 1161
1151 2 2 6 101 544 160 1162
1152 2 2 6 101 207 574 1184
1153 2 2 6 101 771 773 1032
1154 2 2 6 101 75 76 1069
1155 2 2 6 101 567 1066 1067
1156 2 2 6 101 1067 1066 1068
1157 2 2 6 101 26 27 1116
1158 2 2 6 101 551 26 1116
1159 2 2 6 101 75 1069 1071
1160 2 2 6 101 1038 1036 1039
1161 2 2 6 101 160 161 1162
1162 2 2 6 101 206 1184 1203
1163 2 2 6 101 1069 1067 1070
1164 2 2 6 101 608 24 1122
1165 2 2 6 101 1077 1076 1078
1166 2 2 6 101 567 1065 1066
1167 2 2 6 101 567 77 1065
1168 2 2 6 101 544 1163 1164
1169 2 2 6 101 567 1067 1069
1170 2 2 6 101 77 78 1065
1171 2 2 6 101 543 1166 1167
1172 2 2 6 101 76 567 1069
1173 2 2 6 101 543 157 1166
1174 2 2 6 101 24 25 1122
1175 2 2 6 101 551 1117 1118
1176 2 2 6 101 158 1165 1166
1177 2 2 6 101 78 79 1063
1178 2 2 6 101 158 159 1165
1179 2 2 6 101 568 1060 1061
1180 2 2 6 101 1061 1060 1062
1181 2 2 6 101 78 1063 1065
1182 2 2 6 101 157 158 1166
1183 2 2 6 101 1063 1061 1064
1184 2 2 6 101 1071 1070 1072
1185 2 2 6 101 568 1059 1060
1186 2 2 6 101 568 80 1059
1187 2 2 6 101 543 1167 1168
1188 2 2 6 101 568 1061 1063
1189 2 2 6 101 162 545 1161
1190 2 2 6 101 80 81 1059
1191 2 2 6 101 79 568 1063
1192 2 2 6 101 542 1170 1171
1193 2 2 6 101 155 1169 1170
1194 2 2 6 101 155 156 1169
1195 2 2 6 101 542 154 1170
1196 2 2 6 101 81 82 1057
1197 2 2 6 101 569 1054 1055
1198 2 2 6 101 1055 1054 1056
1199 2 2 6 101 154 155 1170
1200 2 2 6 101 81 1057 1059
1201 2 2 6 101 1057 1055 1058
1202 2 2 6 101 1065 1064 1066
1203 2 2 6 101 569 1053 1054
1204 2 2 6 101 569 83 1053
1205 2 2 6 101 569 1055 1057
1206 2 2 6 101 542 1171 1172
1207 2 2 6 101 82 569 1057
1208 2 2 6 101 83 84 1053
1209 2 2 6 101 84 85 1051
1210 2 2 6 101 1049 1048 1050
1211 2 2 6 101 562 1048 1049
1212 2 2 6 101 611 152 1173
1213 2 2 6 101 1051 1049 1052
1214 2 2 6 101 84 1051 1053
1215 2 2 6 101 1059 1058 1060
1216 2 2 6 101 152 153 1173
1217 2 2 6 101 562 1047 1048
1218 2 2 6 101 156 543 1169
1219 2 2 6 101 562 1049 1051
1220 2 2 6 101 604 1045 1046
1221 2 2 6 101 85 562 1051
1222 2 2 6 101 562 86 1047
1223 2 2 6 101 86 87 1047
1224 2 2 6 101 536 1141 1142
1225 2 2 6 101 1047 1046 1048
1226 2 2 6 101 138 139 1196
1227 2 2 6 101 578 1043 1044
1228 2 2 6 101 1053 1052 1054
1229 2 2 6 101 1044 1043 1045
1230 2 2 6 101 141 142 1140
1231 2 2 6 101 139 1144 1196
1232 2 2 6 101 536 1140 1141
1233 2 2 6 101 604 1044 1045
1234 2 2 6 101 1124 1125 1127
1235 2 2 6 101 578 1041 1043
1236 2 2 6 101 142 1138 1140
1237 2 2 6 101 139 140 1144
1238 2 2 6 101 1124 541 1125
1239 2 2 6 101 536 141 1140
1240 2 2 6 101 535 138 1196
1241 2 2 6 101 142 143 1138
1242 2 2 6 101 1042 1094 1095
1243 2 2 6 101 1094 570 1095
1244 2 2 6 101 140 536 1144
1245 2 2 6 101 92 570 1094
1246 2 2 6 101 89 578 1044
1247 2 2 6 101 604 88 1044
1248 2 2 6 101 88 89 1044
1249 2 2 6 101 1142 1141 1143
1250 2 2 6 101 536 1142 1144
1251 2 2 6 101 1041 1040 1042
1252 2 2 6 101 538 1134 1135
1253 2 2 6 101 538 1135 1136
1254 2 2 6 101 1123 1124 1126
1255 2 2 6 101 1123 541 1124
1256 2 2 6 101 578 1040 1041
1257 2 2 6 101 1134 1126 1135
1258 2 2 6 101 143 538 1138
1259 2 2 6 101 91 92 1094
1260 2 2 6 101 1099 1100 1101
1261 2 2 6 101 1123 1126 1134
1262 2 2 6 101 1095 1096 1097
1263 2 2 6 101 1136 1135 1137
1264 2 2 6 101 94 95 1100
1265 2 2 6 101 95 571 1100
1266 2 2 6 101 1095 570 1096
1267 2 2 6 101 1100 571 1101
1268 2 2 6 101 90 91 1040
1269 2 2 6 101 578 90 1040
1270 2 2 6 101 538 144 1134
1271 2 2 6 101 145 1123 1134
1272 2 2 6 101 1096 1098 1099
1273 2 2 6 101 1144 1142 1145
1274 2 2 6 101 146 541 1123
1275 2 2 6 101 145 146 1123
1276 2 2 6 101 604 1046 1047
1277 2 2 6 101 1101 1102 1103
1278 2 2 6 101 1098 94 1100
1279 2 2 6 101 144 145 1134
1280 2 2 6 101 1138 1136 1139
1281 2 2 6 101 1101 571 1102
1282 2 2 6 101 571 96 1198
1283 2 2 6 101 1096 570 1098
1284 2 2 6 101 570 93 1098
1285 2 2 6 101 93 94 1098
1286 2 2 6 101 1187 607 1188
1287 2 2 6 101 1102 571 1198
1288 2 2 6 101 98 607 1187
1289 2 2 6 101 97 98 1187
1290 2 2 6 101 129 130 602
1291 2 2 6 101 549 172 1146
1292 2 2 6 101 172 173 1146
1293 2 2 6 101 85 86 562
1294 2 2 6 101 134 135 540
1295 2 2 6 101 87 88 604
1296 2 2 6 101 60 61 605
1297 2 2 6 101 31 32 550
1298 2 2 6 101 89 90 578
1299 2 2 6 101 146 147 541
1300 2 2 6 101 173 603 1146
1301 2 2 6 101 173 174 603
1302 2 2 6 101 62 63 556
1303 2 2 6 101 207 208 574
1304 2 2 6 101 188 189 593
1305 2 2 6 101 171 172 549
1306 2 2 6 101 580 211 1189
1307 2 2 6 101 92 93 570
1308 2 2 6 101 95 96 571
1309 2 2 6 101 98 99 607
1310 2 2 6 101 100 101 572
1311 2 2 6 101 609 213 1190
1312 2 2 6 101 131 132 579
1313 2 2 6 101 204 205 575
1314 2 2 6 101 127 128 537
1315 2 2 6 101 176 177 563
1316 2 2 6 101 103 104 573
1317 2 2 6 101 212 609 1189
1318 2 2 6 101 214 561 1190
1319 2 2 6 101 210 211 580
1320 2 2 6 101 214 215 561
1321 2 2 6 101 212 213 609
1322 2 2 6 101 201 202 577
1323 2 2 6 101 211 212 1189
1324 2 2 6 101 198 199 576
1325 2 2 6 101 25 26 551
1326 2 2 6 101 213 214 1190
1327 2 2 6 101 76 77 567
1328 2 2 6 101 70 71 565
1329 2 2 6 101 67 68 564
1330 2 2 6 101 82 83 569
1331 2 2 6 101 79 80 568
1332 2 2 6 101 73 74 566
1333 2 2 6 101 65 66 610
1334 2 2 6 101 58 59 558
1335 2 2 6 101 165 166 546
1336 2 2 6 101 153 154 542
1337 2 2 6 101 168 169 547
1338 2 2 6 101 156 157 543
1339 2 2 6 101 159 160 544
1340 2 2 6 101 162 163 545
1341 2 2 6 101 23 24 608
1342 2 2 6 101 34 35 554
1343 2 2 6 101 40 41 557
1344 2 2 6 101 20 21 552
1345 2 2 6 101 37 38 555
1346 2 2 6 101 106 107 548
1347 2 2 6 101 151 152 611
1348 2 2 6 101 140 141 536
1349 2 2 6 101 137 138 535
1350 2 2 6 101 143 144 538
1351 2 2 6 101 49 50 587
1352 2 2 6 101 150 151 1191
1353 2 2 6 101 149 150 553
1354 2 2 6 101 28 29 539
1355 2 2 6 101 151 611 1191
1356 2 2 6 101 553 150 1191
1357 2 2 6 101 773 775 815
1358 2 2 6 101 773 774 775
1359 2 2 6 101 773 772 774
1360 2 2 6 101 771 772 773
1361 2 2 6 101 767 769 817
1362 2 2 6 101 771 770 772
1363 2 2 6 101 764 762 1192
1364 2 2 6 101 769 770 771
1365 2 2 6 101 770 768 814
1366 2 2 6 101 538 1136 1138
1367 2 2 6 101 769 768 770
1368 2 2 6 101 1040 91 1094
1369 2 2 6 101 767 768 769
1370 2 2 6 101 766 764 845
1371 2 2 6 101 845 764 1192
1372 2 2 6 101 767 766 768
1373 2 2 6 101 1187 1188 1195
1374 2 2 6 101 1195 1102 1198
1375 2 2 6 101 1099 1098 1100
1376 2 2 6 101 1144 1145 1196
1377 2 2 6 101 814 768 1193
1378 2 2 6 101 765 766 767
1379 2 2 6 101 766 845 1193
1380 2 2 6 101 768 766 1193
1381 2 2 6 101 1140 1139 1141
1382 2 2 6 101 765 764 766
1383 2 2 6 101 761 763 820
1384 2 2 6 101 763 764 765
1385 2 2 6 101 96 97 1198
1386 2 2 6 101 1187 1195 1198
1387 2 2 6 101 762 760 1197
1388 2 2 6 101 763 762 764
1389 2 2 6 101 761 762 763
1390 2 2 6 101 1138 1139 1140
1391 2 2 6 101 760 811 1197
1392 2 2 6 101 761 760 762
1393 2 2 6 101 1192 762 1197
1394 2 2 6 101 97 1187 1198
1395 2 2 6 101 759 760 761
1396 2 2 6 101 760 758 811
1397 2 2 6 101 759 758 760
1398 2 2 6 101 1042 1040 1094
1399 2 2 6 101 755 757 822
1400 2 2 6 101 757 758 759
1401 2 2 6 101 757 756 758
1402 2 2 6 101 755 756 757
1403 2 2 6 101 755 754 756
1404 2 2 6 101 753 754 755
1405 2 2 6 101 754 752 810
1406 2 2 6 101 753 752 754
1407 2 2 6 101 749 751 824
1408 2 2 6 101 87 604 1047
1409 2 2 6 101 751 752 753
1410 2 2 6 101 751 750 752
1411 2 2 6 101 744 840 1199
1412 2 2 6 101 746 744 1199
1413 2 2 6 101 749 750 751
1414 2 2 6 101 749 748 750
1415 2 2 6 101 747 748 749
1416 2 2 6 101 748 746 809
1417 2 2 6 101 747 746 748
1418 2 2 6 101 743 745 826
1419 2 2 6 101 745 746 747
1420 2 2 6 101 744 742 840
1421 2 2 6 101 1051 1052 1053
1422 2 2 6 101 809 746 1199
1423 2 2 6 101 745 744 746
1424 2 2 6 101 743 744 745
1425 2 2 6 101 743 742 744
1426 2 2 6 101 840 742 1200
1427 2 2 6 101 741 742 743
1428 2 2 6 101 740 738 835
1429 2 2 6 101 741 740 742
1430 2 2 6 101 740 835 1200
1431 2 2 6 101 153 542 1173
1432 2 2 6 101 742 740 1200
1433 2 2 6 101 739 740 741
1434 2 2 6 101 1057 1058 1059
1435 2 2 6 101 737 739 868
1436 2 2 6 101 739 738 740
1437 2 2 6 101 159 544 1165
1438 2 2 6 101 737 738 739
1439 2 2 6 101 542 1172 1173
1440 2 2 6 101 737 736 738
1441 2 2 6 101 735 736 737
1442 2 2 6 101 543 1168 1169
1443 2 2 6 101 733 735 870
1444 2 2 6 101 735 734 736
1445 2 2 6 101 734 732 805
1446 2 2 6 101 733 734 735
1447 2 2 6 101 1063 1064 1065
1448 2 2 6 101 733 732 734
1449 2 2 6 101 729 731 829
1450 2 2 6 101 731 732 733
1451 2 2 6 101 733 870 1201
1452 2 2 6 101 829 731 1201
1453 2 2 6 101 731 733 1201
1454 2 2 6 101 731 730 732
1455 2 2 6 101 544 1164 1165
1456 2 2 6 101 729 730 731
1457 2 2 6 101 1034 1033 1035
1458 2 2 6 101 729 728 730
1459 2 2 6 101 727 728 729
1460 2 2 6 101 728 726 801
1461 2 2 6 101 1069 1070 1071
1462 2 2 6 101 727 726 728
1463 2 2 6 101 165 546 1157
1464 2 2 6 101 723 725 830
1465 2 2 6 101 725 726 727
1466 2 2 6 101 1179 209 1186
1467 2 2 6 101 1116 27 1121
1468 2 2 6 101 1120 1116 1121
1469 2 2 6 101 725 724 726
1470 2 2 6 101 25 551 1122
1471 2 2 6 101 545 1160 1161
1472 2 2 6 101 723 724 725
1473 2 2 6 101 1038 1039 1202
1474 2 2 6 101 1032 1033 1034
1475 2 2 6 101 723 722 724
1476 2 2 6 101 722 720 800
1477 2 2 6 101 721 722 723
1478 2 2 6 101 1075 1076 1077
1479 2 2 6 101 721 720 722
1480 2 2 6 101 717 719 832
1481 2 2 6 101 719 720 721
1482 2 2 6 101 551 1118 1122
1483 2 2 6 101 719 718 720
1484 2 2 6 101 773 815 1032
1485 2 2 6 101 662 660 871
1486 2 2 6 101 1182 1179 1186
1487 2 2 6 101 661 663 833
1488 2 2 6 101 546 1156 1157
1489 2 2 6 101 30 1104 1115
1490 2 2 6 101 717 718 719
1491 2 2 6 101 171 549 1149
1492 2 2 6 101 1032 1029 1033
1493 2 2 6 101 717 716 718
1494 2 2 6 101 661 662 663
1495 2 2 6 101 716 714 797
1496 2 2 6 101 715 716 717
1497 2 2 6 101 1081 1082 1083
1498 2 2 6 101 657 659 828
1499 2 2 6 101 715 714 716
1500 2 2 6 101 661 660 662
1501 2 2 6 101 711 713 834
1502 2 2 6 101 713 714 715
1503 2 2 6 101 659 660 661
1504 2 2 6 101 659 658 660
1505 2 2 6 101 777 779 852
1506 2 2 6 101 713 712 714
1507 2 2 6 101 656 654 796
1508 2 2 6 101 657 658 659
1509 2 2 6 101 1104 1107 1115
1510 2 2 6 101 547 1152 1153
1511 2 2 6 101 711 712 713
1512 2 2 6 101 657 656 658
1513 2 2 6 101 656 796 1204
1514 2 2 6 101 815 1029 1032
1515 2 2 6 101 1029 1028 1030
1516 2 2 6 101 711 710 712
1517 2 2 6 101 655 656 657
1518 2 2 6 101 658 656 1204
1519 2 2 6 101 710 708 794
1520 2 2 6 101 709 710 711
1521 2 2 6 101 655 654 656
1522 2 2 6 101 709 708 710
1523 2 2 6 101 651 653 825
1524 2 2 6 101 549 1148 1149
1525 2 2 6 101 705 707 836
1526 2 2 6 101 653 654 655
1527 2 2 6 101 815 1027 1028
1528 2 2 6 101 707 708 709
1529 2 2 6 101 653 652 654
1530 2 2 6 101 707 706 708
1531 2 2 6 101 700 823 1206
1532 2 2 6 101 650 648 799
1533 2 2 6 101 702 700 1206
1534 2 2 6 101 651 652 653
1535 2 2 6 101 1090 1091 1092
1536 2 2 6 101 705 706 707
1537 2 2 6 101 705 704 706
1538 2 2 6 101 815 1028 1029
1539 2 2 6 101 651 650 652
1540 2 2 6 101 704 702 793
1541 2 2 6 101 703 704 705
1542 2 2 6 101 649 650 651
1543 2 2 6 101 703 702 704
1544 2 2 6 101 995 778 996
1545 2 2 6 101 649 648 650
1546 2 2 6 101 645 647 821
1547 2 2 6 101 699 701 841
1548 2 2 6 101 607 1221 1222
1549 2 2 6 101 701 702 703
1550 2 2 6 101 647 648 649
1551 2 2 6 101 959 956 960
1552 2 2 6 101 700 698 823
1553 2 2 6 101 852 779 1205
1554 2 2 6 101 793 702 1206
1555 2 2 6 101 701 700 702
1556 2 2 6 101 1021 577 1022
1557 2 2 6 101 647 646 648
1558 2 2 6 101 644 642 802
1559 2 2 6 101 699 700 701
1560 2 2 6 101 645 646 647
1561 2 2 6 101 897 864 1218
1562 2 2 6 101 995 996 1006
1563 2 2 6 101 699 698 700
1564 2 2 6 101 867 1011 1012
1565 2 2 6 101 1012 1011 1014
1566 2 2 6 101 697 698 699
1567 2 2 6 101 645 644 646
1568 2 2 6 101 667 669 831
1569 2 2 6 101 697 696 698
1570 2 2 6 101 643 644 645
1571 2 2 6 101 867 664 1011
1572 2 2 6 101 955 956 959
1573 2 2 6 101 848 780 995
1574 2 2 6 101 643 642 644
1575 2 2 6 101 838 673 1235
1576 2 2 6 101 962 963 1212
1577 2 2 6 101 639 641 819
1578 2 2 6 101 695 696 697
1579 2 2 6 101 690 816 1210
1580 2 2 6 101 641 642 643
1581 2 2 6 101 791 991 992
1582 2 2 6 101 692 690 1210
1583 2 2 6 101 584 47 1292
1584 2 2 6 101 865 864 889
1585 2 2 6 101 695 694 696
1586 2 2 6 101 693 695 878
1587 2 2 6 101 791 668 991
1588 2 2 6 101 641 640 642
1589 2 2 6 101 864 672 1218
1590 2 2 6 101 983 984 1324
1591 2 2 6 101 694 692 792
1592 2 2 6 101 693 694 695
1593 2 2 6 101 792 1210 1332
1594 2 2 6 101 602 130 1213
1595 2 2 6 101 131 579 1213
1596 2 2 6 101 638 636 806
1597 2 2 6 101 847 784 990
1598 2 2 6 101 1010 602 1213
1599 2 2 6 101 693 692 694
1600 2 2 6 101 639 640 641
1601 2 2 6 101 689 691 842
1602 2 2 6 101 670 791 1218
1603 2 2 6 101 628 626 1224
1604 2 2 6 101 626 869 1224
1605 2 2 6 101 639 638 640
1606 2 2 6 101 691 692 693
1607 2 2 6 101 690 688 816
1608 2 2 6 101 635 637 850
1609 2 2 6 101 872 843 885
1610 2 2 6 101 981 537 1008
1611 2 2 6 101 857 855 1209
1612 2 2 6 101 637 638 639
1613 2 2 6 101 792 692 1210
1614 2 2 6 101 691 690 692
1615 2 2 6 101 1021 1022 1220
1616 2 2 6 101 637 636 638
1617 2 2 6 101 860 859 861
1618 2 2 6 101 858 860 877
1619 2 2 6 101 130 131 1213
1620 2 2 6 101 987 605 1219
1621 2 2 6 101 910 857 1209
1622 2 2 6 101 1169 1168 1216
1623 2 2 6 101 1171 1170 1216
1624 2 2 6 101 859 857 910
1625 2 2 6 101 605 61 1219
1626 2 2 6 101 62 556 1219
1627 2 2 6 101 635 636 637
1628 2 2 6 101 689 690 691
1629 2 2 6 101 572 1005 1221
1630 2 2 6 101 858 859 860
1631 2 2 6 101 851 866 1229
1632 2 2 6 101 1023 1024 1220
1633 2 2 6 101 100 572 1221
1634 2 2 6 101 607 99 1221
1635 2 2 6 101 689 688 690
1636 2 2 6 101 1221 1005 1222
1637 2 2 6 101 556 1093 1215
1638 2 2 6 101 859 910 1211
1639 2 2 6 101 986 988 1214
1640 2 2 6 101 687 688 689
1641 2 2 6 101 901 803 1321
1642 2 2 6 101 635 634 636
1643 2 2 6 101 883 894 895
1644 2 2 6 101 687 686 688
1645 2 2 6 101 1236 45 1377
1646 2 2 6 101 844 788 1226
1647 2 2 6 101 684 685 843
1648 2 2 6 101 632 630 807
1649 2 2 6 101 861 859 1211
1650 2 2 6 101 681 683 684
1651 2 2 6 101 888 844 898
1652 2 2 6 101 881 903 904
1653 2 2 6 101 678 681 1228
1654 2 2 6 101 854 856 890
1655 2 2 6 101 1170 1169 1216
1656 2 2 6 101 729 829 1227
1657 2 2 6 101 914 915 916
1658 2 2 6 101 633 634 635
1659 2 2 6 101 983 558 984
1660 2 2 6 101 899 844 1226
1661 2 2 6 101 685 686 687
1662 2 2 6 101 672 670 1218
1663 2 2 6 101 61 62 1219
1664 2 2 6 101 786 847 1226
1665 2 2 6 101 631 633 813
1666 2 2 6 101 663 665 1232
1667 2 2 6 101 798 914 1235
1668 2 2 6 101 789 883 1234
1669 2 2 6 101 960 968 1392
1670 2 2 6 101 1022 1023 1220
1671 2 2 6 101 868 1132 1238
1672 2 2 6 101 99 100 1221
1673 2 2 6 101 846 787 1234
1674 2 2 6 101 884 851 1229
1675 2 2 6 101 633 632 634
1676 2 2 6 101 802 642 1233
1677 2 2 6 101 1188 607 1222
1678 2 2 6 101 685 683 686
1679 2 2 6 101 854 890 1208
1680 2 2 6 101 858 857 859
1681 2 2 6 101 599 678 790
1682 2 2 6 101 830 725 1237
1683 2 2 6 101 590 594 595
1684 2 2 6 101 737 868 1238
1685 2 2 6 101 870 735 1238
1686 2 2 6 101 674 853 854
1687 2 2 6 101 684 683 685
1688 2 2 6 101 921 928 1251
1689 2 2 6 101 856 857 858
1690 2 2 6 101 984 558 985
1691 2 2 6 101 631 632 633
1692 2 2 6 101 890 856 1217
1693 2 2 6 101 885 843 906
1694 2 2 6 101 621 623 873
1695 2 2 6 101 863 861 909
1696 2 2 6 101 788 786 1226
1697 2 2 6 101 856 855 857
1698 2 2 6 101 858 877 1217
1699 2 2 6 101 951 948 952
1700 2 2 6 101 851 619 866
1701 2 2 6 101 921 600 928
1702 2 2 6 101 631 630 632
1703 2 2 6 101 627 629 808
1704 2 2 6 101 856 858 1217
1705 2 2 6 101 1167 1166 1241
1706 2 2 6 101 1165 1164 1241
1707 2 2 6 101 889 864 897
1708 2 2 6 101 585 584 589
1709 2 2 6 101 727 729 1227
1710 2 2 6 101 931 1018 1244
1711 2 2 6 101 854 855 856
1712 2 2 6 101 673 798 1235
1713 2 2 6 101 1209 855 1223
1714 2 2 6 101 883 896 1234
1715 2 2 6 101 674 851 853
1716 2 2 6 101 638 806 1240
1717 2 2 6 101 1019 1020 1244
1718 2 2 6 101 680 677 876
1719 2 2 6 101 909 861 1211
1720 2 2 6 101 629 630 631
1721 2 2 6 101 914 917 1235
1722 2 2 6 101 1091 1088 1243
1723 2 2 6 101 854 853 855
1724 2 2 6 101 904 945 1292
1725 2 2 6 101 617 674 1208
1726 2 2 6 101 681 682 683
1727 2 2 6 101 723 830 1246
1728 2 2 6 101 853 851 884
1729 2 2 6 101 727 1227 1237
1730 2 2 6 101 855 853 1223
1731 2 2 6 101 833 663 1232
1732 2 2 6 101 787 789 1234
1733 2 2 6 101 225 226 534
1734 2 2 6 101 118 119 533
1735 2 2 6 101 898 844 899
1736 2 2 6 101 940 675 1270
1737 2 2 6 101 119 120 1225
1738 2 2 6 101 120 121 624
1739 2 2 6 101 227 228 625
1740 2 2 6 101 916 915 1351
1741 2 2 6 101 674 854 1208
1742 2 2 6 101 681 684 1228
1743 2 2 6 101 908 583 1272
1744 2 2 6 101 642 640 1233
1745 2 2 6 101 823 1335 1336
1746 2 2 6 101 966 643 1250
1747 2 2 6 101 853 884 1223
1748 2 2 6 101 832 719 1249
1749 2 2 6 101 117 118 1230
1750 2 2 6 101 224 225 1231
1751 2 2 6 101 674 619 851
1752 2 2 6 101 612 948 951
1753 2 2 6 101 629 628 630
1754 2 2 6 101 645 821 1250
1755 2 2 6 101 725 727 1237
1756 2 2 6 101 1206 823 1336
1757 2 2 6 101 735 737 1238
1758 2 2 6 101 1333 1089 1334
1759 2 2 6 101 806 636 1248
1760 2 2 6 101 681 680 682
1761 2 2 6 101 597 908 1286
1762 2 2 6 101 628 1224 1242
1763 2 2 6 101 598 592 599
1764 2 2 6 101 599 592 677
1765 2 2 6 101 1310 587 1319
1766 2 2 6 101 598 599 1239
1767 2 2 6 101 116 117 803
1768 2 2 6 101 223 224 804
1769 2 2 6 101 1233 640 1240
1770 2 2 6 101 1161 1160 1253
1771 2 2 6 101 1163 1162 1253
1772 2 2 6 101 883 895 896
1773 2 2 6 101 630 628 1242
1774 2 2 6 101 621 873 1245
1775 2 2 6 101 678 680 681
1776 2 2 6 101 1206 1336 1338
1777 2 2 6 101 617 619 674
1778 2 2 6 101 599 790 1239
1779 2 2 6 101 914 916 917
1780 2 2 6 101 1318 938 1365
1781 2 2 6 101 149 553 1257
1782 2 2 6 101 1082 1079 1258
1783 2 2 6 101 824 1126 1316
1784 2 2 6 101 949 946 1236
1785 2 2 6 101 1108 821 1401
1786 2 2 6 101 627 628 629
1787 2 2 6 101 54 583 908
1788 2 2 6 101 793 1206 1338
1789 2 2 6 101 717 832 1259
1790 2 2 6 101 866 619 1239
1791 2 2 6 101 626 622 869
1792 2 2 6 101 640 638 1240
1793 2 2 6 101 595 618 620
1794 2 2 6 101 599 677 678
1795 2 2 6 101 1166 1165 1241
1796 2 2 6 101 595 620 621
1797 2 2 6 101 812 874 891
1798 2 2 6 101 625 915 1267
1799 2 2 6 101 678 677 680
1800 2 2 6 101 591 592 598
1801 2 2 6 101 619 598 1239
1802 2 2 6 101 632 807 1252
1803 2 2 6 101 834 713 1260
1804 2 2 6 101 1231 534 1262
1805 2 2 6 101 1076 1073 1261
1806 2 2 6 101 807 630 1242
1807 2 2 6 101 1243 1089 1333
1808 2 2 6 101 1113 655 1263
1809 2 2 6 101 967 966 1250
1810 2 2 6 101 590 589 594
1811 2 2 6 101 627 626 628
1812 2 2 6 101 591 598 617
1813 2 2 6 101 657 828 1263
1814 2 2 6 101 1159 1158 1264
1815 2 2 6 101 1157 1156 1264
1816 2 2 6 101 874 839 900
1817 2 2 6 101 1225 894 1322
1818 2 2 6 101 1088 1089 1243
1819 2 2 6 101 1018 1019 1244
1820 2 2 6 101 1369 1314 1398
1821 2 2 6 101 721 723 1246
1822 2 2 6 101 533 119 1225
1823 2 2 6 101 617 598 619
1824 2 2 6 101 120 624 1225
1825 2 2 6 101 1070 1067 1265
1826 2 2 6 101 711 834 1266
1827 2 2 6 101 812 618 839
1828 2 2 6 101 1292 48 1311
1829 2 2 6 101 623 626 627
1830 2 2 6 101 808 954 1339
1831 2 2 6 101 118 533 1230
1832 2 2 6 101 225 534 1231
1833 2 2 6 101 912 893 1262
1834 2 2 6 101 1114 1113 1263
1835 2 2 6 101 721 1246 1249
1836 2 2 6 101 928 929 1251
1837 2 2 6 101 836 707 1268
1838 2 2 6 101 623 622 626
1839 2 2 6 101 891 874 905
1840 2 2 6 101 1064 1061 1269
1841 2 2 6 101 719 721 1249
1842 2 2 6 101 812 839 874
1843 2 2 6 101 643 645 1250
1844 2 2 6 101 636 634 1248
1845 2 2 6 101 1153 1152 1271
1846 2 2 6 101 1155 1154 1271
1847 2 2 6 101 591 588 592
1848 2 2 6 101 803 117 1230
1849 2 2 6 101 804 224 1231
1850 2 2 6 101 583 591 1272
1851 2 2 6 101 620 618 812
1852 2 2 6 101 1254 839 1256
1853 2 2 6 101 705 836 1273
1854 2 2 6 101 1058 1055 1274
1855 2 2 6 101 595 594 618
1856 2 2 6 101 621 622 623
1857 2 2 6 101 814 1194 1289
1858 2 2 6 101 1248 634 1252
1859 2 2 6 101 841 701 1277
1860 2 2 6 101 1162 1161 1253
1861 2 2 6 101 1337 1080 1340
1862 2 2 6 101 634 632 1252
1863 2 2 6 101 1052 1049 1280
1864 2 2 6 101 621 620 622
1865 2 2 6 101 926 927 1255
1866 2 2 6 101 1151 1150 1281
1867 2 2 6 101 1149 1148 1281
1868 2 2 6 101 1133 148 1257
1869 2 2 6 101 1128 1133 1257
1870 2 2 6 101 148 149 1257
1871 2 2 6 101 1079 1080 1258
1872 2 2 6 101 819 964 1395
1873 2 2 6 101 594 589 596
1874 2 2 6 101 1314 554 1398
1875 2 2 6 101 699 841 1282
1876 2 2 6 101 590 595 1245
1877 2 2 6 101 563 177 1285
1878 2 2 6 101 715 717 1259
1879 2 2 6 101 1130 1129 1299
1880 2 2 6 101 1275 804 1276
1881 2 2 6 101 1176 1177 1291
1882 2 2 6 101 603 1175 1287
1883 2 2 6 101 878 695 1284
1884 2 2 6 101 178 179 1283
1885 2 2 6 101 1147 1146 1287
1886 2 2 6 101 715 1259 1260
1887 2 2 6 101 1175 1174 1291
1888 2 2 6 101 1042 1095 1288
1889 2 2 6 101 900 839 1254
1890 2 2 6 101 693 878 1290
1891 2 2 6 101 580 1017 1341
1892 2 2 6 101 882 932 1322
1893 2 2 6 101 713 715 1260
1894 2 2 6 101 842 691 1290
1895 2 2 6 101 534 226 1267
1896 2 2 6 101 869 622 1247
1897 2 2 6 101 1099 1101 1294
1898 2 2 6 101 227 625 1267
1899 2 2 6 101 812 891 1247
1900 2 2 6 101 932 888 1321
1901 2 2 6 101 1073 1074 1261
1902 2 2 6 101 1272 1208 1286
1903 2 2 6 101 622 620 1247
1904 2 2 6 101 620 812 1247
1905 2 2 6 101 983 876 1312
1906 2 2 6 101 1342 1074 1345
1907 2 2 6 101 964 850 1395
1908 2 2 6 101 1258 1080 1337
1909 2 2 6 101 655 657 1263
1910 2 2 6 101 614 979 1301
1911 2 2 6 101 936 935 1391
1912 2 2 6 101 1158 1157 1264
1913 2 2 6 101 902 114 1366
1914 2 2 6 101 105 106 1298
1915 2 2 6 101 974 977 1297
1916 2 2 6 101 601 938 1300
1917 2 2 6 101 108 601 1300
1918 2 2 6 101 583 588 591
1919 2 2 6 101 679 590 1245
1920 2 2 6 101 56 907 1329
1921 2 2 6 101 588 4 837
1922 2 2 6 101 1042 1288 1386
1923 2 2 6 101 1131 1130 1299
1924 2 2 6 101 954 808 1355
1925 2 2 6 101 839 618 1256
1926 2 2 6 101 1067 1068 1265
1927 2 2 6 101 709 711 1266
1928 2 2 6 101 548 107 1300
1929 2 2 6 101 941 940 1270
1930 2 2 6 101 226 227 1267
1931 2 2 6 101 592 588 1293
1932 2 2 6 101 617 1208 1272
1933 2 2 6 101 595 621 1245
1934 2 2 6 101 709 1266 1268
1935 2 2 6 101 937 936 1391
1936 2 2 6 101 790 1228 1302
1937 2 2 6 101 908 1272 1286
1938 2 2 6 101 624 121 1278
1939 2 2 6 101 625 228 1279
1940 2 2 6 101 904 1292 1311
1941 2 2 6 101 707 709 1268
1942 2 2 6 101 947 949 1380
1943 2 2 6 101 46 3 875
1944 2 2 6 101 594 596 1256
1945 2 2 6 101 1182 796 1344
1946 2 2 6 101 1346 1068 1353
1947 2 2 6 101 618 594 1256
1948 2 2 6 101 933 983 1312
1949 2 2 6 101 876 677 1293
1950 2 2 6 101 223 804 1275
1951 2 2 6 101 875 1236 1377
1952 2 2 6 101 1061 1062 1269
1953 2 2 6 101 1154 1153 1271
1954 2 2 6 101 976 974 1297
1955 2 2 6 101 1261 1074 1342
1956 2 2 6 101 1052 1280 1371
1957 2 2 6 101 133 134 1305
1958 2 2 6 101 222 223 1275
1959 2 2 6 101 136 137 1307
1960 2 2 6 101 926 1255 1302
1961 2 2 6 101 703 705 1273
1962 2 2 6 101 957 1275 1276
1963 2 2 6 101 1055 1056 1274
1964 2 2 6 101 1058 1274 1361
1965 2 2 6 101 121 122 1278
1966 2 2 6 101 228 229 1279
1967 2 2 6 101 1178 687 1296
1968 2 2 6 101 535 1196 1308
1969 2 2 6 101 918 881 1310
1970 2 2 6 101 703 1273 1277
1971 2 2 6 101 907 837 1329
1972 2 2 6 101 850 964 1392
1973 2 2 6 101 1145 1142 1313
1974 2 2 6 101 33 34 1314
1975 2 2 6 101 1354 1062 1359
1976 2 2 6 101 1255 790 1302
1977 2 2 6 101 701 703 1277
1978 2 2 6 101 1064 1269 1356
1979 2 2 6 101 687 689 1296
1980 2 2 6 101 1139 1136 1315
1981 2 2 6 101 825 1111 1405
1982 2 2 6 101 874 900 1295
1983 2 2 6 101 1126 1124 1316
1984 2 2 6 101 5 56 1393
1985 2 2 6 101 848 995 1318
1986 2 2 6 101 1049 1050 1280
1987 2 2 6 101 1183 652 1350
1988 2 2 6 101 873 950 1380
1989 2 2 6 101 1070 1265 1349
1990 2 2 6 101 591 617 1272
1991 2 2 6 101 179 559 1283
1992 2 2 6 101 1150 1149 1281
1993 2 2 6 101 1000 1002 1289
1994 2 2 6 101 1265 1068 1346
1995 2 2 6 101 1076 1261 1343
1996 2 2 6 101 697 699 1282
1997 2 2 6 101 872 885 1303
1998 2 2 6 101 689 842 1296
1999 2 2 6 101 1082 1258 1338
2000 2 2 6 101 1358 1056 1368
2001 2 2 6 101 697 1282 1284
2002 2 2 6 101 876 983 1324
2003 2 2 6 101 990 937 1391
2004 2 2 6 101 1091 1243 1332
2005 2 2 6 101 695 697 1284
2006 2 2 6 101 1288 809 1386
2007 2 2 6 101 1114 1120 1403
2008 2 2 6 101 177 178 1285
2009 2 2 6 101 954 952 1339
2010 2 2 6 101 1185 799 1348
2011 2 2 6 101 835 1378 1379
2012 2 2 6 101 1146 603 1287
2013 2 2 6 101 47 48 1292
2014 2 2 6 101 1095 1097 1288
2015 2 2 6 101 1200 835 1379
2016 2 2 6 101 813 968 1373
2017 2 2 6 101 1208 890 1286
2018 2 2 6 101 1283 559 1303
2019 2 2 6 101 691 693 1290
2020 2 2 6 101 56 1329 1393
2021 2 2 6 101 1200 1379 1382
2022 2 2 6 101 1174 1176 1291
2023 2 2 6 101 840 1200 1382
2024 2 2 6 101 680 876 1324
2025 2 2 6 101 1269 1062 1354
2026 2 2 6 101 1367 1050 1375
2027 2 2 6 101 1280 805 1371
2028 2 2 6 101 840 1382 1384
2029 2 2 6 101 1101 1103 1294
2030 2 2 6 101 682 1214 1325
2031 2 2 6 101 1172 870 1323
2032 2 2 6 101 816 688 1326
2033 2 2 6 101 1286 890 1306
2034 2 2 6 101 1199 840 1384
2035 2 2 6 101 1243 792 1332
2036 2 2 6 101 1274 801 1361
2037 2 2 6 101 1231 1262 1374
2038 2 2 6 101 588 837 1293
2039 2 2 6 101 1199 1384 1386
2040 2 2 6 101 1269 800 1356
2041 2 2 6 101 968 813 1396
2042 2 2 6 101 694 792 1333
2043 2 2 6 101 809 1199 1386
2044 2 2 6 101 885 1283 1303
2045 2 2 6 101 1258 793 1338
2046 2 2 6 101 823 698 1334
2047 2 2 6 101 1265 797 1349
2048 2 2 6 101 1089 1087 1335
2049 2 2 6 101 1261 794 1343
2050 2 2 6 101 683 682 1325
2051 2 2 6 101 870 1238 1323
2052 2 2 6 101 1177 1178 1296
2053 2 2 6 101 1026 646 1352
2054 2 2 6 101 704 793 1337
2055 2 2 6 101 627 808 1328
2056 2 2 6 101 794 708 1340
2057 2 2 6 101 1186 580 1341
2058 2 2 6 101 116 803 1320
2059 2 2 6 101 710 794 1342
2060 2 2 6 101 677 592 1293
2061 2 2 6 101 988 987 1327
2062 2 2 6 101 1080 1078 1343
2063 2 2 6 101 45 2 1377
2064 2 2 6 101 1110 1106 1421
2065 2 2 6 101 1180 1182 1344
2066 2 2 6 101 797 714 1345
2067 2 2 6 101 948 950 1339
2068 2 2 6 101 716 797 1346
2069 2 2 6 101 1017 1204 1408
2070 2 2 6 101 1025 1185 1348
2071 2 2 6 101 1074 1072 1349
2072 2 2 6 101 652 650 1350
2073 2 2 6 101 968 956 1373
2074 2 2 6 101 1035 1033 1423
2075 2 2 6 101 800 720 1353
2076 2 2 6 101 722 800 1354
2077 2 2 6 101 1181 1183 1422
2078 2 2 6 101 646 644 1352
2079 2 2 6 101 1068 1066 1356
2080 2 2 6 101 1106 550 1421
2081 2 2 6 101 32 33 1421
2082 2 2 6 101 1028 1031 1418
2083 2 2 6 101 796 654 1415
2084 2 2 6 101 728 801 1358
2085 2 2 6 101 801 726 1359
2086 2 2 6 101 852 1205 1411
2087 2 2 6 101 106 548 1298
2088 2 2 6 101 1062 1060 1361
2089 2 2 6 101 1274 1056 1358
2090 2 2 6 101 734 805 1367
2091 2 2 6 101 651 825 1405
2092 2 2 6 101 805 732 1368
2093 2 2 6 101 1120 1121 1403
2094 2 2 6 101 758 756 1404
2095 2 2 6 101 873 623 1328
2096 2 2 6 101 597 1286 1306
2097 2 2 6 101 1056 1054 1371
2098 2 2 6 101 1096 1099 1399
2099 2 2 6 101 821 647 1401
2100 2 2 6 101 810 752 1394
2101 2 2 6 101 835 738 1375
2102 2 2 6 101 754 810 1390
2103 2 2 6 101 1050 1048 1378
2104 2 2 6 101 748 809 1383
2105 2 2 6 101 639 819 1395
2106 2 2 6 101 635 850 1396
2107 2 2 6 101 850 637 1395
2108 2 2 6 101 631 813 1355
2109 2 2 6 101 792 1243 1333
2110 2 2 6 101 48 49 1311
2111 2 2 6 101 905 874 1295
2112 2 2 6 101 810 1394 1399
2113 2 2 6 101 958 597 1306
2114 2 2 6 101 913 1262 1360
2115 2 2 6 101 949 1304 1380
2116 2 2 6 101 953 954 1373
2117 2 2 6 101 813 633 1396
2118 2 2 6 101 808 629 1355
2119 2 2 6 101 1383 1097 1394
2120 2 2 6 101 107 108 1300
2121 2 2 6 101 979 980 1301
2122 2 2 6 101 1236 875 1330
2123 2 2 6 101 989 1317 1319
2124 2 2 6 101 793 1258 1337
2125 2 2 6 101 585 679 1387
2126 2 2 6 101 1102 1195 1406
2127 2 2 6 101 1280 1050 1367
2128 2 2 6 101 1195 1188 1410
2129 2 2 6 101 1406 1195 1410
2130 2 2 6 101 49 587 1311
2131 2 2 6 101 1410 1188 1414
2132 2 2 6 101 559 926 1303
2133 2 2 6 101 7 123 1362
2134 2 2 6 101 1 16 1363
2135 2 2 6 101 221 8 1364
2136 2 2 6 101 989 958 1317
2137 2 2 6 101 1228 872 1302
2138 2 2 6 101 794 1261 1342
2139 2 2 6 101 1276 804 1374
2140 2 2 6 101 1414 1222 1417
2141 2 2 6 101 1234 896 1389
2142 2 2 6 101 587 989 1319
2143 2 2 6 101 114 6 1366
2144 2 2 6 101 1188 1222 1414
2145 2 2 6 101 797 1265 1346
2146 2 2 6 101 847 990 1391
2147 2 2 6 101 923 614 1372
2148 2 2 6 101 1417 1005 1420
2149 2 2 6 101 1262 893 1374
2150 2 2 6 101 800 1269 1354
2151 2 2 6 101 1278 886 1309
2152 2 2 6 101 1222 1005 1417
2153 2 2 6 101 958 1306 1317
2154 2 2 6 101 964 961 1392
2155 2 2 6 101 801 1274 1358
2156 2 2 6 101 122 7 1362
2157 2 2 6 101 229 1 1363
2158 2 2 6 101 8 222 1364
2159 2 2 6 101 1245 873 1304
2160 2 2 6 101 805 1280 1367
2161 2 2 6 101 1005 1004 1420
2162 2 2 6 101 134 540 1305
2163 2 2 6 101 6 115 1366
2164 2 2 6 101 907 933 1312
2165 2 2 6 101 809 1288 1383
2166 2 2 6 101 137 535 1307
2167 2 2 6 101 810 1294 1390
2168 2 2 6 101 935 847 1391
2169 2 2 6 101 890 1217 1306
2170 2 2 6 101 949 1236 1330
2171 2 2 6 101 1318 1006 1400
2172 2 2 6 101 1196 1145 1308
2173 2 2 6 101 1288 1097 1383
2174 2 2 6 101 1262 534 1360
2175 2 2 6 101 1142 1143 1313
2176 2 2 6 101 34 554 1314
2177 2 2 6 101 1317 877 1319
2178 2 2 6 101 1136 1137 1315
2179 2 2 6 101 877 918 1319
2180 2 2 6 101 881 904 1310
2181 2 2 6 101 1306 1217 1317
2182 2 2 6 101 922 869 1409
2183 2 2 6 101 1120 1114 1412
2184 2 2 6 101 1124 1127 1316
2185 2 2 6 101 1294 1103 1390
2186 2 2 6 101 995 1006 1318
2187 2 2 6 101 115 116 1320
2188 2 2 6 101 894 882 1322
2189 2 2 6 101 1389 980 1416
2190 2 2 6 101 888 901 1321
2191 2 2 6 101 1217 877 1317
2192 2 2 6 101 679 1245 1304
2193 2 2 6 101 896 1301 1389
2194 2 2 6 101 2 46 1377
2195 2 2 6 101 624 1278 1309
2196 2 2 6 101 981 1009 1424
2197 2 2 6 101 1017 580 1402
2198 2 2 6 101 1279 887 1351
2199 2 2 6 101 1183 1350 1422
2200 2 2 6 101 980 981 1416
2201 2 2 6 101 682 680 1324
2202 2 2 6 101 1344 796 1415
2203 2 2 6 101 1238 1132 1323
2204 2 2 6 101 1341 1017 1408
2205 2 2 6 101 1416 981 1424
2206 2 2 6 101 803 1230 1321
2207 2 2 6 101 533 1225 1322
2208 2 2 6 101 937 990 1365
2209 2 2 6 101 796 1182 1408
2210 2 2 6 101 3 585 1387
2211 2 2 6 101 869 1247 1409
2212 2 2 6 101 587 1310 1311
2213 2 2 6 101 679 1330 1387
2214 2 2 6 101 915 913 1360
2215 2 2 6 101 1114 1263 1412
2216 2 2 6 101 686 683 1325
2217 2 2 6 101 686 1325 1326
2218 2 2 6 101 688 686 1326
2219 2 2 6 101 123 886 1362
2220 2 2 6 101 16 887 1363
2221 2 2 6 101 957 221 1364
2222 2 2 6 101 987 1215 1327
2223 2 2 6 101 1327 1215 1331
2224 2 2 6 101 652 1183 1415
2225 2 2 6 101 1301 980 1389
2226 2 2 6 101 1331 1093 1332
2227 2 2 6 101 1215 1093 1331
2228 2 2 6 101 1093 1091 1332
2229 2 2 6 101 623 627 1328
2230 2 2 6 101 696 694 1333
2231 2 2 6 101 1310 904 1311
2232 2 2 6 101 1109 1110 1369
2233 2 2 6 101 696 1333 1334
2234 2 2 6 101 939 616 1347
2235 2 2 6 101 698 696 1334
2236 2 2 6 101 1087 1085 1335
2237 2 2 6 101 886 923 1407
2238 2 2 6 101 961 960 1392
2239 2 2 6 101 1335 1085 1336
2240 2 2 6 101 1085 1084 1336
2241 2 2 6 101 1336 1084 1338
2242 2 2 6 101 706 704 1337
2243 2 2 6 101 1084 1082 1338
2244 2 2 6 101 952 948 1339
2245 2 2 6 101 706 1337 1340
2246 2 2 6 101 982 1370 1376
2247 2 2 6 101 708 706 1340
2248 2 2 6 101 1182 1186 1341
2249 2 2 6 101 924 613 1419
2250 2 2 6 101 712 710 1342
2251 2 2 6 101 1078 1076 1343
2252 2 2 6 101 799 1185 1422
2253 2 2 6 101 582 939 1357
2254 2 2 6 101 712 1342 1345
2255 2 2 6 101 1183 1180 1344
2256 2 2 6 101 967 1109 1369
2257 2 2 6 101 1370 993 1376
2258 2 2 6 101 714 712 1345
2259 2 2 6 101 982 582 1370
2260 2 2 6 101 718 716 1346
2261 2 2 6 101 892 889 1347
2262 2 2 6 101 1026 1025 1348
2263 2 2 6 101 950 947 1380
2264 2 2 6 101 1072 1070 1349
2265 2 2 6 101 650 799 1350
2266 2 2 6 101 718 1346 1353
2267 2 2 6 101 897 993 1370
2268 2 2 6 101 720 718 1353
2269 2 2 6 101 644 802 1352
2270 2 2 6 101 724 722 1354
2271 2 2 6 101 1267 915 1360
2272 2 2 6 101 1066 1064 1356
2273 2 2 6 101 938 937 1365
2274 2 2 6 101 724 1354 1359
2275 2 2 6 101 1351 887 1413
2276 2 2 6 101 1413 924 1419
2277 2 2 6 101 1309 886 1407
2278 2 2 6 101 990 848 1365
2279 2 2 6 101 629 631 1355
2280 2 2 6 101 730 728 1358
2281 2 2 6 101 726 724 1359
2282 2 2 6 101 887 924 1413
2283 2 2 6 101 994 982 1376
2284 2 2 6 101 846 1389 1416
2285 2 2 6 101 1060 1058 1361
2286 2 2 6 101 730 1358 1368
2287 2 2 6 101 1347 889 1357
2288 2 2 6 101 889 897 1357
2289 2 2 6 101 582 1357 1370
2290 2 2 6 101 561 1381 1385
2291 2 2 6 101 939 1347 1357
2292 2 2 6 101 736 734 1367
2293 2 2 6 101 732 730 1368
2294 2 2 6 101 561 994 1381
2295 2 2 6 101 956 953 1373
2296 2 2 6 101 1054 1052 1371
2297 2 2 6 101 736 1367 1375
2298 2 2 6 101 994 1376 1381
2299 2 2 6 101 1357 897 1370
2300 2 2 6 101 993 992 1376
2301 2 2 6 101 1381 1013 1385
2302 2 2 6 101 738 736 1375
2303 2 2 6 101 992 1013 1381
2304 2 2 6 101 548 1300 1400
2305 2 2 6 101 1190 561 1385
2306 2 2 6 101 1048 1046 1378
2307 2 2 6 101 846 1234 1389
2308 2 2 6 101 1190 1385 1388
2309 2 2 6 101 1378 1046 1379
2310 2 2 6 101 609 1190 1388
2311 2 2 6 101 1046 1045 1379
2312 2 2 6 101 1376 992 1381
2313 2 2 6 101 965 967 1398
2314 2 2 6 101 1379 1045 1382
2315 2 2 6 101 609 1388 1397
2316 2 2 6 101 1189 609 1397
2317 2 2 6 101 1045 1043 1382
2318 2 2 6 101 750 748 1383
2319 2 2 6 101 1382 1043 1384
2320 2 2 6 101 1189 1397 1402
2321 2 2 6 101 1043 1041 1384
2322 2 2 6 101 1013 1012 1385
2323 2 2 6 101 580 1189 1402
2324 2 2 6 101 1384 1041 1386
2325 2 2 6 101 750 1383 1394
2326 2 2 6 101 1041 1042 1386
2327 2 2 6 101 1385 1012 1388
2328 2 2 6 101 756 754 1390
2329 2 2 6 101 1012 1014 1388
2330 2 2 6 101 752 750 1394
2331 2 2 6 101 1388 1014 1397
2332 2 2 6 101 1014 1015 1397
2333 2 2 6 101 1097 1096 1399
2334 2 2 6 101 637 639 1395
2335 2 2 6 101 1397 1015 1402
2336 2 2 6 101 1103 1102 1406
2337 2 2 6 101 896 895 1372
2338 2 2 6 101 647 649 1401
2339 2 2 6 101 1015 1017 1402
2340 2 2 6 101 1401 649 1405
2341 2 2 6 101 1121 539 1403
2342 2 2 6 101 811 758 1404
2343 2 2 6 101 625 1279 1351
2344 2 2 6 101 649 651 1405
2345 2 2 6 101 1263 828 1412
2346 2 2 6 101 1007 846 1416
2347 2 2 6 101 534 1267 1360
2348 2 2 6 101 1031 852 1411
2349 2 2 6 101 1007 1416 1424
2350 2 2 6 101 849 1007 1424
2351 2 2 6 101 633 635 1396
2352 2 2 6 101 1204 796 1408
2353 2 2 6 101 1197 811 1410
2354 2 2 6 101 1197 1410 1414
2355 2 2 6 101 1192 1197 1414
2356 2 2 6 101 1192 1414 1417
2357 2 2 6 101 654 652 1415
2358 2 2 6 101 845 1192 1417
2359 2 2 6 101 845 1417 1420
2360 2 2 6 101 1030 1028 1418
2361 2 2 6 101 1193 845 1420
2362 2 2 6 101 550 32 1421
2363 2 2 6 101 1185 1181 1422
2364 2 2 6 101 1037 1035 1423
2365 2 2 6 101 811 1406 1410
2366 2 2 6 101 1394 1097 1399
2367 2 2 6 101 1275 957 1364
2368 2 2 6 101 886 1278 1362
2369 2 2 6 101 887 1279 1363
2370 2 2 6 101 804 1231 1374
2371 2 2 6 101 55 5 1393
2372 2 2 6 101 222 1275 1364
2373 2 2 6 101 1304 873 1380
2374 2 2 6 101 1278 122 1362
2375 2 2 6 101 1279 229 1363
2376 2 2 6 101 1247 891 1409
2377 2 2 6 101 46 875 1377
2378 2 2 6 101 1300 938 1400
2379 2 2 6 101 1110 1314 1369
2380 2 2 6 101 875 3 1387
2381 2 2 6 101 1320 902 1366
2382 2 2 6 101 967 1369 1398
2383 2 2 6 101 938 1318 1400
2384 2 2 6 101 115 1320 1366
2385 2 2 6 101 895 1309 1407
2386 2 2 6 101 1329 55 1393
2387 2 2 6 101 1330 875 1387
2388 2 2 6 101 916 1351 1413
2389 2 2 6 101 1182 1341 1408
2390 2 2 6 101 1183 1344 1415
2391 2 2 6 101 1350 799 1422
2392 2 2 6 101 1372 895 1407
2393 2 2 6 101 923 1372 1407
2394 2 2 6 101 1404 1103 1406
2395 2 2 6 101 811 1404 1406
2396 2 2 6 201 2394 1480 2400
2397 2 2 6 201 1472 2407 2410
2398 2 2 6 201 1880 2577 3040
2399 2 2 6 201 2577 2304 3040
2400 2 2 6 201 2425 2312 2694
2401 2 2 6 201 1472 2406 2407
2402 2 2 6 201 2156 2307 2320
2403 2 2 6 201 2345 2566 2946
2404 2 2 6 201 2577 1704 3012
2405 2 2 6 201 2337 2338 2902
2406 2 2 6 201 2326 1521 2573
2407 2 2 6 201 1447 2550 3084
2408 2 2 6 201 1910 1979 2382
2409 2 2 6 201 2400 1480 2991
2410 2 2 6 201 2526 2269 2752
2411 2 2 6 201 1497 2511 2572
2412 2 2 6 201 2550 1447 2788
2413 2 2 6 201 2309 497 2445
2414 2 2 6 201 2645 2247 3011
2415 2 2 6 201 2304 2577 3012
2416 2 2 6 201 1521 2326 2574
2417 2 2 6 201 1451 2542 2759
2418 2 2 6 201 1425 2321 2639
2419 2 2 6 201 2284 1476 2665
2420 2 2 6 201 1497 2510 2511
2421 2 2 6 201 2247 2248 3011
2422 2 2 6 201 2263 2725 2940
2423 2 2 6 201 1531 2368 2749
2424 2 2 6 201 2432 2226 2503
2425 2 2 6 201 1492 2310 2883
2426 2 2 6 201 2346 2344 2518
2427 2 2 6 201 2429 1451 2759
2428 2 2 6 201 1952 2356 3108
2429 2 2 6 201 2101 2591 2889
2430 2 2 6 201 2463 1652 2467
2431 2 2 6 201 1529 2277 2737
2432 2 2 6 201 1952 1886 2356
2433 2 2 6 201 502 503 2510
2434 2 2 6 201 2156 2320 2639
2435 2 2 6 201 2981 2338 3005
2436 2 2 6 201 2355 1520 2715
2437 2 2 6 201 2566 2345 3108
2438 2 2 6 201 2902 2338 2981
2439 2 2 6 201 1441 2316 2719
2440 2 2 6 201 2119 2524 2826
2441 2 2 6 201 2730 2046 2926
2442 2 2 6 201 2524 1454 2826
2443 2 2 6 201 2253 2857 2915
2444 2 2 6 201 2736 1575 2896
2445 2 2 6 201 437 2538 3120
2446 2 2 6 201 1515 2550 2788
2447 2 2 6 201 1428 2314 2315
2448 2 2 6 201 504 1492 2434
2449 2 2 6 201 1479 2327 2531
2450 2 2 6 201 1979 2217 2382
2451 2 2 6 201 2550 1515 3099
2452 2 2 6 201 2763 1534 2923
2453 2 2 6 201 1652 2463 2468
2454 2 2 6 201 2314 2763 2923
2455 2 2 6 201 2305 1518 2713
2456 2 2 6 201 2531 2327 2864
2457 2 2 6 201 1489 414 2416
2458 2 2 6 201 497 498 2445
2459 2 2 6 201 1657 2670 2848
2460 2 2 6 201 2670 2266 2848
2461 2 2 6 201 2255 1538 2864
2462 2 2 6 201 2485 2736 2896
2463 2 2 6 201 1958 2319 2325
2464 2 2 6 201 2520 2512 2562
2465 2 2 6 201 1927 2981 3005
2466 2 2 6 201 2521 2286 3117
2467 2 2 6 201 2725 1525 2940
2468 2 2 6 201 2310 1492 2953
2469 2 2 6 201 1586 2453 2999
2470 2 2 6 201 2319 1958 2326
2471 2 2 6 201 2362 1927 2405
2472 2 2 6 201 437 438 2538
2473 2 2 6 201 1827 2432 2503
2474 2 2 6 201 2232 2548 2817
2475 2 2 6 201 2277 1529 2859
2476 2 2 6 201 2424 2425 2694
2477 2 2 6 201 2752 2269 3068
2478 2 2 6 201 1711 1713 2457
2479 2 2 6 201 1538 2255 3118
2480 2 2 6 201 1887 1958 2325
2481 2 2 6 201 2453 1586 2968
2482 2 2 6 201 2339 1523 2722
2483 2 2 6 201 2679 1690 2958
2484 2 2 6 201 1921 2757 2902
2485 2 2 6 201 2360 1503 2427
2486 2 2 6 201 2213 2730 2926
2487 2 2 6 201 2379 1526 2380
2488 2 2 6 201 2101 2233 2591
2489 2 2 6 201 2863 1452 2959
2490 2 2 6 201 503 2434 2510
2491 2 2 6 201 246 1463 2324
2492 2 2 6 201 2078 2780 2842
2493 2 2 6 201 2410 2409 2411
2494 2 2 6 201 1936 1988 2426
2495 2 2 6 201 2368 1531 2580
2496 2 2 6 201 2694 2312 2876
2497 2 2 6 201 1436 2383 2384
2498 2 2 6 201 2944 1430 3068
2499 2 2 6 201 2356 2357 3108
2500 2 2 6 201 2431 2286 2521
2501 2 2 6 201 2362 2405 3089
2502 2 2 6 201 2424 2694 3014
2503 2 2 6 201 2228 2863 2959
2504 2 2 6 201 2407 2409 2410
2505 2 2 6 201 1701 2938 2949
2506 2 2 6 201 2344 1495 2518
2507 2 2 6 201 2514 2257 3106
2508 2 2 6 201 1492 2353 2434
2509 2 2 6 201 2658 2579 2734
2510 2 2 6 201 456 2920 2942
2511 2 2 6 201 2938 2504 2949
2512 2 2 6 201 2257 2514 2775
2513 2 2 6 201 462 2421 2916
2514 2 2 6 201 2125 2323 3146
2515 2 2 6 201 2486 2944 3068
2516 2 2 6 201 2429 2228 2959
2517 2 2 6 201 2421 462 3023
2518 2 2 6 201 414 415 2416
2519 2 2 6 201 2582 1426 2865
2520 2 2 6 201 2323 2125 2361
2521 2 2 6 201 1518 2305 3046
2522 2 2 6 201 1768 1891 2423
2523 2 2 6 201 2548 1457 2817
2524 2 2 6 201 2857 2253 2887
2525 2 2 6 201 2356 1886 2365
2526 2 2 6 201 2793 2474 2871
2527 2 2 6 201 2803 2647 3011
2528 2 2 6 201 2401 1427 2928
2529 2 2 6 201 1444 2644 2813
2530 2 2 6 201 498 1496 2445
2531 2 2 6 201 1893 2473 2475
2532 2 2 6 201 2509 1740 2781
2533 2 2 6 201 475 2905 2907
2534 2 2 6 201 2410 2411 2587
2535 2 2 6 201 1516 2557 2706
2536 2 2 6 201 1486 428 2508
2537 2 2 6 201 1764 2366 2739
2538 2 2 6 201 500 2793 2871
2539 2 2 6 201 1713 1798 2457
2540 2 2 6 201 2757 2337 2902
2541 2 2 6 201 2602 2159 2603
2542 2 2 6 201 2639 2321 2822
2543 2 2 6 201 1497 502 2510
2544 2 2 6 201 2649 2647 2803
2545 2 2 6 201 2509 2781 2882
2546 2 2 6 201 1601 1764 2739
2547 2 2 6 201 2920 2413 2942
2548 2 2 6 201 2018 2014 2468
2549 2 2 6 201 1461 2372 2373
2550 2 2 6 201 2352 1928 2381
2551 2 2 6 201 497 2309 3152
2552 2 2 6 201 1476 2284 2893
2553 2 2 6 201 1893 2475 2861
2554 2 2 6 201 2323 2324 3146
2555 2 2 6 201 1780 2617 2618
2556 2 2 6 201 2275 2542 2543
2557 2 2 6 201 503 504 2434
2558 2 2 6 201 2174 2172 2775
2559 2 2 6 201 2355 2715 2908
2560 2 2 6 201 2380 1438 3098
2561 2 2 6 201 2321 1425 2707
2562 2 2 6 201 2314 1428 2763
2563 2 2 6 201 1436 2384 2430
2564 2 2 6 201 2300 2679 2958
2565 2 2 6 201 2357 2566 3108
2566 2 2 6 201 2644 1444 3103
2567 2 2 6 201 1988 2316 2426
2568 2 2 6 201 1427 2401 3075
2569 2 2 6 201 2343 2345 2946
2570 2 2 6 201 2423 1891 3113
2571 2 2 6 201 2524 2119 3105
2572 2 2 6 201 2905 2489 2907
2573 2 2 6 201 2429 2959 3078
2574 2 2 6 201 2497 2128 2743
2575 2 2 6 201 2415 1542 2946
2576 2 2 6 201 1976 1897 2362
2577 2 2 6 201 2780 1905 2842
2578 2 2 6 201 1615 2497 2743
2579 2 2 6 201 1467 2770 3023
2580 2 2 6 201 2320 1425 2639
2581 2 2 6 201 2398 2451 2594
2582 2 2 6 201 1540 2512 2520
2583 2 2 6 201 1438 2380 2898
2584 2 2 6 201 2193 2504 2884
2585 2 2 6 201 2542 2275 2759
2586 2 2 6 201 2080 2418 2553
2587 2 2 6 201 1532 2526 2752
2588 2 2 6 201 2536 2534 2927
2589 2 2 6 201 2628 2104 2629
2590 2 2 6 201 1928 1910 2382
2591 2 2 6 201 2351 2422 2767
2592 2 2 6 201 2316 1441 3013
2593 2 2 6 201 2557 1516 3091
2594 2 2 6 201 1887 2325 2493
2595 2 2 6 201 2449 1763 2744
2596 2 2 6 201 2914 1963 2995
2597 2 2 6 201 2471 2532 2571
2598 2 2 6 201 2110 2234 2403
2599 2 2 6 201 2627 1903 2628
2600 2 2 6 201 2320 2307 2960
2601 2 2 6 201 2225 2072 2484
2602 2 2 6 201 2574 2326 3013
2603 2 2 6 201 1928 2352 2419
2604 2 2 6 201 1461 2373 2374
2605 2 2 6 201 2226 2432 3071
2606 2 2 6 201 2701 1686 2892
2607 2 2 6 201 2347 1740 2699
2608 2 2 6 201 2814 1465 2853
2609 2 2 6 201 2187 2600 2601
2610 2 2 6 201 1530 2495 2747
2611 2 2 6 201 1667 2370 2677
2612 2 2 6 201 2553 2418 3101
2613 2 2 6 201 2256 1473 2906
2614 2 2 6 201 2448 2473 2858
2615 2 2 6 201 1473 2256 3107
2616 2 2 6 201 1627 1763 2449
2617 2 2 6 201 1711 2457 2831
2618 2 2 6 201 2669 2161 2684
2619 2 2 6 201 2484 2072 2518
2620 2 2 6 201 1466 2420 2786
2621 2 2 6 201 2326 2426 3013
2622 2 2 6 201 2986 2834 3090
2623 2 2 6 201 2970 1470 2994
2624 2 2 6 201 2853 470 2890
2625 2 2 6 201 2497 1742 2845
2626 2 2 6 201 2504 1655 2884
2627 2 2 6 201 2444 1816 2458
2628 2 2 6 201 2425 2423 3113
2629 2 2 6 201 1428 2315 2450
2630 2 2 6 201 2466 2970 2994
2631 2 2 6 201 2463 2018 2468
2632 2 2 6 201 2881 2659 2934
2633 2 2 6 201 2209 2372 2661
2634 2 2 6 201 2770 1467 2966
2635 2 2 6 201 2570 1543 3118
2636 2 2 6 201 1430 2752 3068
2637 2 2 6 201 1465 2814 3171
2638 2 2 6 201 2643 2221 2751
2639 2 2 6 201 2470 1794 2532
2640 2 2 6 201 2471 2470 2532
2641 2 2 6 201 2579 1539 2734
2642 2 2 6 201 1481 437 3120
2643 2 2 6 201 1542 2343 2946
2644 2 2 6 201 1499 2313 2632
2645 2 2 6 201 1426 2582 3133
2646 2 2 6 201 2461 2582 2865
2647 2 2 6 201 1505 2521 3117
2648 2 2 6 201 2454 1841 2621
2649 2 2 6 201 2439 2250 2440
2650 2 2 6 201 1661 2643 2751
2651 2 2 6 201 2591 1477 2889
2652 2 2 6 201 1523 2339 3065
2653 2 2 6 201 2205 2445 2446
2654 2 2 6 201 2359 1484 2733
2655 2 2 6 201 1897 1804 2362
2656 2 2 6 201 1514 2553 3101
2657 2 2 6 201 2324 1463 2773
2658 2 2 6 201 428 429 2508
2659 2 2 6 201 2341 2509 2882
2660 2 2 6 201 2358 1904 2422
2661 2 2 6 201 2151 2778 2782
2662 2 2 6 201 2361 2225 2484
2663 2 2 6 201 2344 2346 3069
2664 2 2 6 201 2380 1526 2898
2665 2 2 6 201 1534 2702 2923
2666 2 2 6 201 1543 2570 3085
2667 2 2 6 201 2778 1819 2782
2668 2 2 6 201 2520 2562 3127
2669 2 2 6 201 2273 2986 3090
2670 2 2 6 201 2483 2758 2945
2671 2 2 6 201 2411 2409 2414
2672 2 2 6 201 2388 1488 2389
2673 2 2 6 201 2403 2234 2404
2674 2 2 6 201 2758 1533 2945
2675 2 2 6 201 2190 2578 2868
2676 2 2 6 201 2249 2403 2404
2677 2 2 6 201 2110 2403 2513
2678 2 2 6 201 2296 2701 2892
2679 2 2 6 201 1464 2490 2491
2680 2 2 6 201 1976 2362 3089
2681 2 2 6 201 2641 2914 2995
2682 2 2 6 201 1958 1936 2426
2683 2 2 6 201 1953 2250 2439
2684 2 2 6 201 2378 2049 2501
2685 2 2 6 201 2529 1601 2739
2686 2 2 6 201 1548 1550 2822
2687 2 2 6 201 2172 2257 2775
2688 2 2 6 201 2696 1899 2704
2689 2 2 6 201 1464 2488 2490
2690 2 2 6 201 2284 2665 2962
2691 2 2 6 201 1462 2431 2521
2692 2 2 6 201 245 246 2324
2693 2 2 6 201 2845 1742 3080
2694 2 2 6 201 2227 2853 2890
2695 2 2 6 201 2072 2346 2518
2696 2 2 6 201 2657 2099 2658
2697 2 2 6 201 2428 1442 2717
2698 2 2 6 201 2205 2446 2780
2699 2 2 6 201 2312 2425 3113
2700 2 2 6 201 2410 2587 3063
2701 2 2 6 201 1940 2112 2458
2702 2 2 6 201 1904 1768 2423
2703 2 2 6 201 2331 248 2334
2704 2 2 6 201 1904 2358 2554
2705 2 2 6 201 1502 2310 2953
2706 2 2 6 201 378 2608 3007
2707 2 2 6 201 1592 2881 2934
2708 2 2 6 201 1832 1833 2365
2709 2 2 6 201 2608 378 3018
2710 2 2 6 201 1780 2618 3060
2711 2 2 6 201 2049 2378 2454
2712 2 2 6 201 2537 2755 3120
2713 2 2 6 201 2422 2424 2767
2714 2 2 6 201 2014 1978 2468
2715 2 2 6 201 1740 2347 2781
2716 2 2 6 201 2594 2451 3054
2717 2 2 6 201 2611 2824 3112
2718 2 2 6 201 2435 1710 2671
2719 2 2 6 201 384 2598 2906
2720 2 2 6 201 1841 2454 2585
2721 2 2 6 201 2445 1496 2446
2722 2 2 6 201 1842 1841 2585
2723 2 2 6 201 2436 1764 2660
2724 2 2 6 201 2533 1615 2743
2725 2 2 6 201 2438 1693 2682
2726 2 2 6 201 2381 1928 2382
2727 2 2 6 201 1684 2783 2787
2728 2 2 6 201 2433 1742 2635
2729 2 2 6 201 2319 2326 2573
2730 2 2 6 201 1455 2350 2689
2731 2 2 6 201 1446 2348 2709
2732 2 2 6 201 2248 2803 3011
2733 2 2 6 201 2431 1462 2522
2734 2 2 6 201 2331 2334 3166
2735 2 2 6 201 2418 2080 2606
2736 2 2 6 201 517 1540 2427
2737 2 2 6 201 2049 2454 2621
2738 2 2 6 201 2437 1763 2631
2739 2 2 6 201 2755 2537 3072
2740 2 2 6 201 1672 2493 2746
2741 2 2 6 201 2473 1893 2858
2742 2 2 6 201 1454 2799 2826
2743 2 2 6 201 1821 1940 2458
2744 2 2 6 201 2777 2593 2967
2745 2 2 6 201 2139 2555 2556
2746 2 2 6 201 1794 2470 2720
2747 2 2 6 201 2460 1693 2727
2748 2 2 6 201 2400 2593 2777
2749 2 2 6 201 1803 1974 2455
2750 2 2 6 201 2846 1969 2941
2751 2 2 6 201 2785 2413 2920
2752 2 2 6 201 2509 2341 3157
2753 2 2 6 201 1569 1667 2677
2754 2 2 6 201 2864 2327 3148
2755 2 2 6 201 2578 1688 2868
2756 2 2 6 201 2857 1541 2915
2757 2 2 6 201 2419 2019 2472
2758 2 2 6 201 1984 1765 2460
2759 2 2 6 201 1824 1827 2503
2760 2 2 6 201 1602 1601 2529
2761 2 2 6 201 2446 2448 3140
2762 2 2 6 201 2495 1530 2764
2763 2 2 6 201 1627 2449 2716
2764 2 2 6 201 1833 1946 2365
2765 2 2 6 201 2513 2032 2568
2766 2 2 6 201 1489 2416 2897
2767 2 2 6 201 2502 3074 3082
2768 2 2 6 201 2342 1495 2344
2769 2 2 6 201 2550 2249 3084
2770 2 2 6 201 2093 2846 3051
2771 2 2 6 201 2321 1548 2822
2772 2 2 6 201 1999 1879 2477
2773 2 2 6 201 485 1454 2524
2774 2 2 6 201 2040 2042 2606
2775 2 2 6 201 2357 2232 2817
2776 2 2 6 201 2477 1710 2732
2777 2 2 6 201 2412 2408 2875
2778 2 2 6 201 2526 1532 2527
2779 2 2 6 201 2328 2330 2364
2780 2 2 6 201 2021 2019 2419
2781 2 2 6 201 2699 1644 2832
2782 2 2 6 201 2749 2368 3070
2783 2 2 6 201 1953 2439 2481
2784 2 2 6 201 2598 384 3142
2785 2 2 6 201 2523 484 2524
2786 2 2 6 201 2785 2920 3130
2787 2 2 6 201 2702 1534 3034
2788 2 2 6 201 2178 2175 2442
2789 2 2 6 201 1616 1615 2533
2790 2 2 6 201 2336 1474 2364
2791 2 2 6 201 2783 2412 2787
2792 2 2 6 201 1500 1546 2707
2793 2 2 6 201 2318 1449 2854
2794 2 2 6 201 1886 1832 2365
2795 2 2 6 201 2159 2602 3039
2796 2 2 6 201 1774 2554 2811
2797 2 2 6 201 2178 2442 2502
2798 2 2 6 201 2696 2704 3049
2799 2 2 6 201 2545 1701 2949
2800 2 2 6 201 1544 2596 2987
2801 2 2 6 201 2471 2571 2979
2802 2 2 6 201 2596 1544 3020
2803 2 2 6 201 1765 1581 2460
2804 2 2 6 201 2455 1974 2456
2805 2 2 6 201 2387 1592 2934
2806 2 2 6 201 2629 2104 2954
2807 2 2 6 201 2485 2178 2736
2808 2 2 6 201 2224 2492 3057
2809 2 2 6 201 2776 2536 2927
2810 2 2 6 201 1879 1593 2477
2811 2 2 6 201 2542 2541 2543
2812 2 2 6 201 2551 1794 2720
2813 2 2 6 201 1800 1803 2455
2814 2 2 6 201 1940 1944 2111
2815 2 2 6 201 2384 2386 2430
2816 2 2 6 201 2540 2541 2542
2817 2 2 6 201 1466 2786 3022
2818 2 2 6 201 1451 2540 2542
2819 2 2 6 201 2673 1682 2818
2820 2 2 6 201 2098 2380 2478
2821 2 2 6 201 2736 2502 3082
2822 2 2 6 201 1951 1952 2346
2823 2 2 6 201 2360 2427 3016
2824 2 2 6 201 2387 2118 2452
2825 2 2 6 201 2643 1657 2848
2826 2 2 6 201 2310 1502 3037
2827 2 2 6 201 2560 1661 2751
2828 2 2 6 201 1985 2289 2482
2829 2 2 6 201 2453 2124 2939
2830 2 2 6 201 2347 2699 2832
2831 2 2 6 201 2004 2192 2487
2832 2 2 6 201 2348 1446 3058
2833 2 2 6 201 2596 1537 2987
2834 2 2 6 201 483 484 2523
2835 2 2 6 201 2067 2634 2784
2836 2 2 6 201 2443 1891 2620
2837 2 2 6 201 2078 2205 2780
2838 2 2 6 201 2111 1944 2125
2839 2 2 6 201 1978 1561 2666
2840 2 2 6 201 2308 2085 2869
2841 2 2 6 201 2352 2021 2419
2842 2 2 6 201 1885 1886 1951
2843 2 2 6 201 2403 2032 2513
2844 2 2 6 201 1973 1951 2072
2845 2 2 6 201 2382 2900 2950
2846 2 2 6 201 2479 2053 2526
2847 2 2 6 201 1520 2355 2951
2848 2 2 6 201 2313 1499 3132
2849 2 2 6 201 1729 2690 2708
2850 2 2 6 201 2381 2382 2950
2851 2 2 6 201 2493 2325 2746
2852 2 2 6 201 2019 1637 2472
2853 2 2 6 201 2943 2824 2970
2854 2 2 6 201 1821 1881 1940
2855 2 2 6 201 1433 2323 2361
2856 2 2 6 201 1479 514 2469
2857 2 2 6 201 2141 2142 2505
2858 2 2 6 201 2563 1672 2746
2859 2 2 6 201 1940 1881 1944
2860 2 2 6 201 2459 2074 2705
2861 2 2 6 201 1994 2235 2494
2862 2 2 6 201 2579 2658 3009
2863 2 2 6 201 2859 2735 2992
2864 2 2 6 201 2363 2085 2812
2865 2 2 6 201 2326 1958 2426
2866 2 2 6 201 2356 2232 2357
2867 2 2 6 201 2482 2289 2483
2868 2 2 6 201 1798 2455 2457
2869 2 2 6 201 2588 2145 2589
2870 2 2 6 201 2824 2611 2970
2871 2 2 6 201 2230 2846 2941
2872 2 2 6 201 2634 1659 2784
2873 2 2 6 201 2479 2526 2527
2874 2 2 6 201 2661 2372 3008
2875 2 2 6 201 1885 1973 2432
2876 2 2 6 201 1662 1661 2560
2877 2 2 6 201 1449 2318 3147
2878 2 2 6 201 1845 1842 2585
2879 2 2 6 201 2266 2670 2879
2880 2 2 6 201 2492 2224 2925
2881 2 2 6 201 1669 1668 2493
2882 2 2 6 201 1975 1976 1977
2883 2 2 6 201 2684 2161 2948
2884 2 2 6 201 2011 2317 2498
2885 2 2 6 201 2030 2231 2232
2886 2 2 6 201 2446 2447 2448
2887 2 2 6 201 2780 2446 3140
2888 2 2 6 201 1803 1804 1897
2889 2 2 6 201 2494 2235 2495
2890 2 2 6 201 2406 1472 2942
2891 2 2 6 201 2378 2501 2840
2892 2 2 6 201 1673 1672 2563
2893 2 2 6 201 2389 1488 2390
2894 2 2 6 201 2292 2673 2818
2895 2 2 6 201 2199 2417 2636
2896 2 2 6 201 2476 2676 2712
2897 2 2 6 201 1486 2508 2955
2898 2 2 6 201 2690 2396 2708
2899 2 2 6 201 2466 2943 2970
2900 2 2 6 201 2085 2363 2869
2901 2 2 6 201 2383 1436 2844
2902 2 2 6 201 2846 2093 3149
2903 2 2 6 201 2600 2187 3047
2904 2 2 6 201 1946 2030 2365
2905 2 2 6 201 2074 2459 2476
2906 2 2 6 201 2468 1978 2666
2907 2 2 6 201 2498 2317 2499
2908 2 2 6 201 2396 2063 2825
2909 2 2 6 201 1829 1832 1885
2910 2 2 6 201 2719 2316 2974
2911 2 2 6 201 257 258 1544
2912 2 2 6 201 495 1493 2539
2913 2 2 6 201 1812 1814 1921
2914 2 2 6 201 1806 1808 1927
2915 2 2 6 201 1484 2359 3024
2916 2 2 6 201 2072 1951 2346
2917 2 2 6 201 2727 1693 3134
2918 2 2 6 201 1485 2619 2625
2919 2 2 6 201 2022 2098 2478
2920 2 2 6 201 2590 1845 2802
2921 2 2 6 201 2160 2505 2506
2922 2 2 6 201 2490 2046 2730
2923 2 2 6 201 1439 2525 2558
2924 2 2 6 201 1693 1577 2682
2925 2 2 6 201 1778 2662 2710
2926 2 2 6 201 2042 2418 2606
2927 2 2 6 201 2001 2004 2487
2928 2 2 6 201 2559 2340 2835
2929 2 2 6 201 2275 2543 3025
2930 2 2 6 201 1710 1588 2671
2931 2 2 6 201 1975 1897 1976
2932 2 2 6 201 2339 2722 2894
2933 2 2 6 201 1982 1985 2482
2934 2 2 6 201 1668 1887 2493
2935 2 2 6 201 2156 1977 2307
2936 2 2 6 201 1628 1627 2716
2937 2 2 6 201 1563 2013 2549
2938 2 2 6 201 2102 2697 2771
2939 2 2 6 201 2173 2178 2485
2940 2 2 6 201 1451 493 2540
2941 2 2 6 201 1764 1599 2660
2942 2 2 6 201 2074 2476 2712
2943 2 2 6 201 1974 1897 1975
2944 2 2 6 201 1997 2053 2479
2945 2 2 6 201 1767 1928 2419
2946 2 2 6 201 2141 2505 2567
2947 2 2 6 201 2422 1904 2423
2948 2 2 6 201 2353 1492 2883
2949 2 2 6 201 2662 2260 2710
2950 2 2 6 201 1804 1806 2362
2951 2 2 6 201 1827 1829 2432
2952 2 2 6 201 1528 2499 2830
2953 2 2 6 201 2566 2357 2817
2954 2 2 6 201 1742 1611 2635
2955 2 2 6 201 2444 2458 3170
2956 2 2 6 201 1946 2029 2030
2957 2 2 6 201 2446 1496 2447
2958 2 2 6 201 2364 2330 3150
2959 2 2 6 201 1951 1886 1952
2960 2 2 6 201 1767 2419 2472
2961 2 2 6 201 1991 1994 2494
2962 2 2 6 201 1800 1802 1803
2963 2 2 6 201 1564 1563 2549
2964 2 2 6 201 1885 1832 1886
2965 2 2 6 201 2041 2039 2481
2966 2 2 6 201 1605 1602 2529
2967 2 2 6 201 1482 2451 2534
2968 2 2 6 201 2461 2018 2462
2969 2 2 6 201 2155 1977 2156
2970 2 2 6 201 2030 2232 2356
2971 2 2 6 201 1503 516 2427
2972 2 2 6 201 1667 2549 2789
2973 2 2 6 201 2628 1903 3002
2974 2 2 6 201 1763 1625 2631
2975 2 2 6 201 1803 1802 1804
2976 2 2 6 201 1740 1648 2699
2977 2 2 6 201 2355 1962 2547
2978 2 2 6 201 1959 2161 2501
2979 2 2 6 201 2128 2497 2845
2980 2 2 6 201 2697 1702 2771
2981 2 2 6 201 2569 2040 2606
2982 2 2 6 201 1522 2581 2721
2983 2 2 6 201 2350 1455 3095
2984 2 2 6 201 1798 1800 2455
2985 2 2 6 201 2327 1479 2976
2986 2 2 6 201 2569 2023 2586
2987 2 2 6 201 2336 2364 3150
2988 2 2 6 201 2007 2011 2498
2989 2 2 6 201 2732 1710 3144
2990 2 2 6 201 1613 1742 2497
2991 2 2 6 201 2540 2539 2541
2992 2 2 6 201 1885 1951 1973
2993 2 2 6 201 2658 2099 3009
2994 2 2 6 201 2987 1537 3112
2995 2 2 6 201 2030 2356 2365
2996 2 2 6 201 2428 2717 2951
2997 2 2 6 201 484 485 2524
2998 2 2 6 201 1619 1616 2533
2999 2 2 6 201 1771 1769 2554
3000 2 2 6 201 2554 2358 2811
3001 2 2 6 201 2340 2341 2835
3002 2 2 6 201 2491 2490 2492
3003 2 2 6 201 2613 2182 3135
3004 2 2 6 201 489 1452 2514
3005 2 2 6 201 1973 2072 2225
3006 2 2 6 201 1480 2394 2957
3007 2 2 6 201 2505 2142 2506
3008 2 2 6 201 1701 2545 2980
3009 2 2 6 201 2249 2404 3084
3010 2 2 6 201 487 1504 2517
3011 2 2 6 201 2104 2628 3002
3012 2 2 6 201 1818 1821 2458
3013 2 2 6 201 2922 1493 3073
3014 2 2 6 201 1497 2572 3121
3015 2 2 6 201 2607 1468 3007
3016 2 2 6 201 2016 2018 2461
3017 2 2 6 201 1503 2360 3045
3018 2 2 6 201 1816 1818 2458
3019 2 2 6 201 1829 1885 2432
3020 2 2 6 201 2478 2380 3098
3021 2 2 6 201 1672 1669 2493
3022 2 2 6 201 2539 1493 2922
3023 2 2 6 201 2030 2029 2231
3024 2 2 6 201 2049 1959 2501
3025 2 2 6 201 460 1466 2556
3026 2 2 6 201 1745 2569 2586
3027 2 2 6 201 517 518 1540
3028 2 2 6 201 1454 2517 2799
3029 2 2 6 201 2214 2274 2288
3030 2 2 6 201 1975 2155 2496
3031 2 2 6 201 2770 2421 3023
3032 2 2 6 201 1505 481 2521
3033 2 2 6 201 1747 1745 2586
3034 2 2 6 201 1806 1927 2362
3035 2 2 6 201 1845 2585 2802
3036 2 2 6 201 2809 2453 2939
3037 2 2 6 201 480 1505 2528
3038 2 2 6 201 1529 2735 2859
3039 2 2 6 201 2372 1461 3008
3040 2 2 6 201 478 1456 2530
3041 2 2 6 201 2439 2041 2481
3042 2 2 6 201 1488 2388 3003
3043 2 2 6 201 2452 2124 2453
3044 2 2 6 201 2448 2447 2473
3045 2 2 6 201 1716 1794 2551
3046 2 2 6 201 1546 2321 2707
3047 2 2 6 201 1650 1740 2509
3048 2 2 6 201 1812 1921 2902
3049 2 2 6 201 2787 2412 2875
3050 2 2 6 201 1504 2514 3106
3051 2 2 6 201 2023 2569 2606
3052 2 2 6 201 2582 2465 2583
3053 2 2 6 201 1821 1822 1881
3054 2 2 6 201 2002 2001 2487
3055 2 2 6 201 1983 1982 2482
3056 2 2 6 201 1981 1765 1982
3057 2 2 6 201 256 1500 2707
3058 2 2 6 201 244 245 2323
3059 2 2 6 201 2000 1739 2001
3060 2 2 6 201 247 248 2331
3061 2 2 6 201 1921 1814 2444
3062 2 2 6 201 2625 2619 2630
3063 2 2 6 201 2192 2131 2401
3064 2 2 6 201 2175 2177 2442
3065 2 2 6 201 1998 1997 2479
3066 2 2 6 201 2001 2003 2004
3067 2 2 6 201 2177 2180 2214
3068 2 2 6 201 1996 1879 1997
3069 2 2 6 201 2323 245 2324
3070 2 2 6 201 1468 2607 3044
3071 2 2 6 201 2004 2005 2131
3072 2 2 6 201 2013 1978 2014
3073 2 2 6 201 2182 2613 2955
3074 2 2 6 201 1985 1986 2183
3075 2 2 6 201 2517 1504 2963
3076 2 2 6 201 1581 1579 2460
3077 2 2 6 201 1982 1984 1985
3078 2 2 6 201 1593 1590 2477
3079 2 2 6 201 1769 1904 2554
3080 2 2 6 201 515 516 1503
3081 2 2 6 201 2250 2550 3099
3082 2 2 6 201 1727 2513 2568
3083 2 2 6 201 2545 2201 3056
3084 2 2 6 201 2015 2014 2016
3085 2 2 6 201 1990 1762 1991
3086 2 2 6 201 2017 2016 2113
3087 2 2 6 201 2366 1764 3138
3088 2 2 6 201 1992 1991 2494
3089 2 2 6 201 2174 2775 2863
3090 2 2 6 201 1508 467 2546
3091 2 2 6 201 2481 2039 2561
3092 2 2 6 201 2053 2054 2269
3093 2 2 6 201 1997 1999 2053
3094 2 2 6 201 1803 1897 1974
3095 2 2 6 201 515 1503 2469
3096 2 2 6 201 2198 2201 2545
3097 2 2 6 201 2374 2373 2375
3098 2 2 6 201 2173 2175 2178
3099 2 2 6 201 2039 1737 2561
3100 2 2 6 201 2462 2464 2465
3101 2 2 6 201 1637 1634 2472
3102 2 2 6 201 2427 1540 3016
3103 2 2 6 201 2564 2208 2604
3104 2 2 6 201 2370 1667 3145
3105 2 2 6 201 1849 1846 2590
3106 2 2 6 201 2171 2173 2485
3107 2 2 6 201 1579 1577 1693
3108 2 2 6 201 2006 1796 2007
3109 2 2 6 201 2619 1485 2667
3110 2 2 6 201 1519 2663 2870
3111 2 2 6 201 2008 2007 2498
3112 2 2 6 201 2118 2121 2452
3113 2 2 6 201 1584 1581 1765
3114 2 2 6 201 1849 2564 2604
3115 2 2 6 201 2177 2214 2442
3116 2 2 6 201 1665 1662 2560
3117 2 2 6 201 1573 1571 1739
3118 2 2 6 201 1590 1588 1710
3119 2 2 6 201 1818 1820 1821
3120 2 2 6 201 498 499 1496
3121 2 2 6 201 1451 2429 3078
3122 2 2 6 201 1814 1816 2444
3123 2 2 6 201 1991 1993 1994
3124 2 2 6 201 1994 1995 2135
3125 2 2 6 201 1595 1593 1879
3126 2 2 6 201 2525 1439 2559
3127 2 2 6 201 1569 1567 1667
3128 2 2 6 201 2534 2399 2927
3129 2 2 6 201 2465 2464 2466
3130 2 2 6 201 2462 2465 2582
3131 2 2 6 201 1601 1599 1764
3132 2 2 6 201 2448 2858 2862
3133 2 2 6 201 501 502 1497
3134 2 2 6 201 2016 2014 2018
3135 2 2 6 201 2121 2123 2124
3136 2 2 6 201 2184 2216 2314
3137 2 2 6 201 1767 1766 1910
3138 2 2 6 201 2322 2484 2518
3139 2 2 6 201 1676 1673 2563
3140 2 2 6 201 1607 1605 1762
3141 2 2 6 201 1563 1561 1978
3142 2 2 6 201 2121 2124 2452
3143 2 2 6 201 1550 1700 2822
3144 2 2 6 201 2136 2368 2580
3145 2 2 6 201 2571 1880 3040
3146 2 2 6 201 2238 2766 3107
3147 2 2 6 201 1718 1716 2551
3148 2 2 6 201 1705 1704 2577
3149 2 2 6 201 1942 1790 2567
3150 2 2 6 201 2270 2272 2486
3151 2 2 6 201 495 496 1493
3152 2 2 6 201 1975 1977 2155
3153 2 2 6 201 2022 2021 2098
3154 2 2 6 201 2116 2118 2387
3155 2 2 6 201 1981 1982 1983
3156 2 2 6 201 2011 2012 2126
3157 2 2 6 201 1613 1611 1742
3158 2 2 6 201 1992 2933 3017
3159 2 2 6 201 2066 2428 2547
3160 2 2 6 201 2020 2019 2021
3161 2 2 6 201 1567 1564 2549
3162 2 2 6 201 2007 2009 2011
3163 2 2 6 201 1615 1613 2497
3164 2 2 6 201 494 2539 2540
3165 2 2 6 201 2080 2023 2606
3166 2 2 6 201 1996 1997 1998
3167 2 2 6 201 1538 512 2531
3168 2 2 6 201 1985 2183 2289
3169 2 2 6 201 2663 1519 3131
3170 2 2 6 201 1974 1975 2496
3171 2 2 6 201 2580 1531 2748
3172 2 2 6 201 2000 2001 2002
3173 2 2 6 201 2238 2268 2766
3174 2 2 6 201 1579 1693 2460
3175 2 2 6 201 1462 483 2523
3176 2 2 6 201 2619 2616 2630
3177 2 2 6 201 2113 2016 2461
3178 2 2 6 201 1590 1710 2477
3179 2 2 6 201 1584 1765 1981
3180 2 2 6 201 1621 1619 1796
3181 2 2 6 201 2214 2180 2274
3182 2 2 6 201 2382 2217 2900
3183 2 2 6 201 1990 1991 1992
3184 2 2 6 201 1715 1880 2532
3185 2 2 6 201 1595 1879 1996
3186 2 2 6 201 1962 1935 2547
3187 2 2 6 201 2254 2469 3045
3188 2 2 6 201 2708 2396 2825
3189 2 2 6 201 2480 2639 2822
3190 2 2 6 201 1891 1759 2620
3191 2 2 6 201 2004 2131 2192
3192 2 2 6 201 2188 2189 2383
3193 2 2 6 201 2461 2462 2582
3194 2 2 6 201 1990 2433 2635
3195 2 2 6 201 1517 2515 2711
3196 2 2 6 201 2333 2331 3166
3197 2 2 6 201 1627 1625 1763
3198 2 2 6 201 2161 2669 3032
3199 2 2 6 201 1994 2135 2235
3200 2 2 6 201 2220 2264 2581
3201 2 2 6 201 1607 1762 1990
3202 2 2 6 201 2136 2367 2368
3203 2 2 6 201 1573 1739 2000
3204 2 2 6 201 2006 2437 2631
3205 2 2 6 201 2629 1487 2672
3206 2 2 6 201 1425 255 2707
3207 2 2 6 201 1979 1980 2188
3208 2 2 6 201 2032 1906 2568
3209 2 2 6 201 504 505 1492
3210 2 2 6 201 513 514 1479
3211 2 2 6 201 1910 1971 1979
3212 2 2 6 201 2459 2705 3168
3213 2 2 6 201 1838 1953 2481
3214 2 2 6 201 2006 2007 2008
3215 2 2 6 201 1633 1631 1766
3216 2 2 6 201 1827 1828 1829
3217 2 2 6 201 2636 2417 3175
3218 2 2 6 201 1433 2361 2484
3219 2 2 6 201 1996 2436 2660
3220 2 2 6 201 2814 2308 3171
3221 2 2 6 201 1977 1976 2728
3222 2 2 6 201 2247 2645 2838
3223 2 2 6 201 2131 2005 2168
3224 2 2 6 201 2676 2476 2678
3225 2 2 6 201 1621 1796 2006
3226 2 2 6 201 1737 1734 2561
3227 2 2 6 201 2011 2126 2317
3228 2 2 6 201 1639 1637 2019
3229 2 2 6 201 1981 2435 2671
3230 2 2 6 201 2098 2352 2379
3231 2 2 6 201 2020 2035 2622
3232 2 2 6 201 2001 1739 2003
3233 2 2 6 201 2004 2003 2005
3234 2 2 6 201 2591 2233 2909
3235 2 2 6 201 2553 1514 2899
3236 2 2 6 201 2137 2036 2263
3237 2 2 6 201 1863 2676 2678
3238 2 2 6 201 2401 1535 3028
3239 2 2 6 201 1767 1910 1928
3240 2 2 6 201 2053 2269 2526
3241 2 2 6 201 2127 2129 2277
3242 2 2 6 201 2017 2113 2244
3243 2 2 6 201 1774 1771 2554
3244 2 2 6 201 2552 2080 2553
3245 2 2 6 201 1887 1795 1936
3246 2 2 6 201 2015 2016 2017
3247 2 2 6 201 2013 2014 2015
3248 2 2 6 201 1979 2188 2217
3249 2 2 6 201 1804 1805 1806
3250 2 2 6 201 494 495 2539
3251 2 2 6 201 1607 1990 2635
3252 2 2 6 201 2020 2021 2022
3253 2 2 6 201 1633 1766 1767
3254 2 2 6 201 2155 2156 2480
3255 2 2 6 201 1940 2111 2112
3256 2 2 6 201 2835 2341 2882
3257 2 2 6 201 2441 2210 2564
3258 2 2 6 201 516 517 2427
3259 2 2 6 201 2370 2003 2677
3260 2 2 6 201 1621 2006 2631
3261 2 2 6 201 1639 2019 2020
3262 2 2 6 201 1650 1648 1740
3263 2 2 6 201 1982 1765 1984
3264 2 2 6 201 2044 2240 2557
3265 2 2 6 201 2183 1986 2184
3266 2 2 6 201 1653 1650 2509
3267 2 2 6 201 1595 1996 2660
3268 2 2 6 201 1985 1984 1986
3269 2 2 6 201 2515 2471 2979
3270 2 2 6 201 2543 2964 3025
3271 2 2 6 201 2003 1739 2677
3272 2 2 6 201 2098 2379 2380
3273 2 2 6 201 2031 2249 2550
3274 2 2 6 201 1563 1978 2013
3275 2 2 6 201 2532 1880 2571
3276 2 2 6 201 1883 1837 1935
3277 2 2 6 201 2422 2423 2424
3278 2 2 6 201 2456 1974 2496
3279 2 2 6 201 1584 1981 2671
3280 2 2 6 201 2201 2202 2285
3281 2 2 6 201 1477 449 2589
3282 2 2 6 201 2221 2643 2848
3283 2 2 6 201 2314 2216 2315
3284 2 2 6 201 1798 1799 1800
3285 2 2 6 201 2168 2742 3075
3286 2 2 6 201 2505 1942 2567
3287 2 2 6 201 405 406 2656
3288 2 2 6 201 1540 2520 3016
3289 2 2 6 201 1535 2401 2928
3290 2 2 6 201 1639 2020 2622
3291 2 2 6 201 1906 1731 2568
3292 2 2 6 201 2269 2054 2270
3293 2 2 6 201 2000 2438 2682
3294 2 2 6 201 1997 1879 1999
3295 2 2 6 201 2627 2625 2630
3296 2 2 6 201 2480 1700 2599
3297 2 2 6 201 2053 1999 2054
3298 2 2 6 201 1504 488 2514
3299 2 2 6 201 1883 2043 2610
3300 2 2 6 201 2620 1754 2750
3301 2 2 6 201 1668 1665 1795
3302 2 2 6 201 1824 1826 1827
3303 2 2 6 201 1846 1845 2590
3304 2 2 6 201 1454 486 2517
3305 2 2 6 201 436 1481 2601
3306 2 2 6 201 2124 2123 2169
3307 2 2 6 201 2193 2194 2504
3308 2 2 6 201 2219 2220 2581
3309 2 2 6 201 513 1479 2531
3310 2 2 6 201 1887 1936 1958
3311 2 2 6 201 2087 2224 2878
3312 2 2 6 201 1988 1989 2219
3313 2 2 6 201 1936 1987 1988
3314 2 2 6 201 1668 1795 1887
3315 2 2 6 201 1573 2000 2682
3316 2 2 6 201 1988 2219 2316
3317 2 2 6 201 2210 2208 2564
3318 2 2 6 201 2452 2453 2968
3319 2 2 6 201 2232 2231 2548
3320 2 2 6 201 2656 2655 2657
3321 2 2 6 201 2132 1962 2355
3322 2 2 6 201 1956 2080 2552
3323 2 2 6 201 1678 1676 1837
3324 2 2 6 201 1991 1762 1993
3325 2 2 6 201 2662 1774 2811
3326 2 2 6 201 2443 2620 2750
3327 2 2 6 201 1883 1935 1962
3328 2 2 6 201 482 1462 2521
3329 2 2 6 201 2135 1995 2136
3330 2 2 6 201 2036 2022 2478
3331 2 2 6 201 1994 1993 1995
3332 2 2 6 201 2467 1652 3094
3333 2 2 6 201 1678 1837 1883
3334 2 2 6 201 1829 1831 1832
3335 2 2 6 201 1456 479 2528
3336 2 2 6 201 2368 2367 2369
3337 2 2 6 201 451 1475 2588
3338 2 2 6 201 1800 1801 1802
3339 2 2 6 201 2066 2203 2428
3340 2 2 6 201 1678 1883 2610
3341 2 2 6 201 2525 2147 2558
3342 2 2 6 201 2066 2079 2203
3343 2 2 6 201 1935 2066 2547
3344 2 2 6 201 1935 2010 2066
3345 2 2 6 201 1667 1567 2549
3346 2 2 6 201 2097 2389 2792
3347 2 2 6 201 1506 477 2530
3348 2 2 6 201 2564 1849 2590
3349 2 2 6 201 2510 2354 2511
3350 2 2 6 201 1992 2494 2933
3351 2 2 6 201 1927 1808 2981
3352 2 2 6 201 1571 1569 2677
3353 2 2 6 201 2389 2390 2391
3354 2 2 6 201 2265 2267 2339
3355 2 2 6 201 2506 2142 2507
3356 2 2 6 201 2198 2200 2201
3357 2 2 6 201 448 1477 2591
3358 2 2 6 201 2462 2463 2464
3359 2 2 6 201 2932 1431 3004
3360 2 2 6 201 2044 2028 2240
3361 2 2 6 201 2007 1796 2009
3362 2 2 6 201 2126 2012 2127
3363 2 2 6 201 2196 2198 2545
3364 2 2 6 201 2220 2222 2264
3365 2 2 6 201 492 493 1451
3366 2 2 6 201 2027 2026 2028
3367 2 2 6 201 2523 2524 3105
3368 2 2 6 201 1723 2027 2575
3369 2 2 6 201 2530 1456 2935
3370 2 2 6 201 1744 2040 2569
3371 2 2 6 201 2373 2210 2441
3372 2 2 6 201 2011 2009 2012
3373 2 2 6 201 254 1425 2320
3374 2 2 6 201 2308 2869 2924
3375 2 2 6 201 1806 1807 1808
3376 2 2 6 201 2277 2129 2278
3377 2 2 6 201 2069 2071 2193
3378 2 2 6 201 1983 2482 2997
3379 2 2 6 201 1715 1708 1880
3380 2 2 6 201 1794 1715 2532
3381 2 2 6 201 445 1478 2593
3382 2 2 6 201 1750 1747 2586
3383 2 2 6 201 489 490 1452
3384 2 2 6 201 1498 405 2656
3385 2 2 6 201 1929 1834 2605
3386 2 2 6 201 1850 1849 2604
3387 2 2 6 201 487 488 1504
3388 2 2 6 201 2383 2189 2384
3389 2 2 6 201 468 1465 2546
3390 2 2 6 201 1953 1906 2031
3391 2 2 6 201 1910 1766 1971
3392 2 2 6 201 485 486 1454
3393 2 2 6 201 2250 2031 2550
3394 2 2 6 201 1920 2653 2700
3395 2 2 6 201 2105 2050 2698
3396 2 2 6 201 2234 2044 2557
3397 2 2 6 201 1723 1721 2026
3398 2 2 6 201 2027 2028 2044
3399 2 2 6 201 2188 1980 2189
3400 2 2 6 201 2107 1913 2584
3401 2 2 6 201 1723 2026 2027
3402 2 2 6 201 1979 1971 1980
3403 2 2 6 201 2098 2021 2352
3404 2 2 6 201 442 1480 2594
3405 2 2 6 201 1727 1724 2575
3406 2 2 6 201 2042 2041 2262
3407 2 2 6 201 406 2654 2656
3408 2 2 6 201 482 483 1462
3409 2 2 6 201 2744 1763 3156
3410 2 2 6 201 2440 2250 3099
3411 2 2 6 201 2040 2039 2041
3412 2 2 6 201 480 481 1505
3413 2 2 6 201 2609 1863 2678
3414 2 2 6 201 2379 2352 2381
3415 2 2 6 201 2240 2241 2348
3416 2 2 6 201 478 479 1456
3417 2 2 6 201 2351 2767 3001
3418 2 2 6 201 2141 2567 2623
3419 2 2 6 201 1790 1788 2567
3420 2 2 6 201 1838 1731 1906
3421 2 2 6 201 432 2602 2603
3422 2 2 6 201 1953 2031 2250
3423 2 2 6 201 1734 1732 2561
3424 2 2 6 201 2263 2036 2478
3425 2 2 6 201 2649 2803 2910
3426 2 2 6 201 1485 425 2667
3427 2 2 6 201 2555 459 2556
3428 2 2 6 201 1838 1906 1953
3429 2 2 6 201 476 477 1506
3430 2 2 6 201 2047 1956 2552
3431 2 2 6 201 2597 2105 2698
3432 2 2 6 201 2793 1497 3121
3433 2 2 6 201 1914 1878 1956
3434 2 2 6 201 1526 2379 3100
3435 2 2 6 201 1913 1782 2584
3436 2 2 6 201 2582 2583 3133
3437 2 2 6 201 2042 2262 2318
3438 2 2 6 201 2040 2041 2042
3439 2 2 6 201 1744 1737 2039
3440 2 2 6 201 2567 1788 2623
3441 2 2 6 201 1661 1658 2643
3442 2 2 6 201 473 474 1464
3443 2 2 6 201 2031 2032 2249
3444 2 2 6 201 1744 2039 2040
3445 2 2 6 201 2514 1452 2775
3446 2 2 6 201 471 472 1507
3447 2 2 6 201 2067 2069 2634
3448 2 2 6 201 2262 2439 2440
3449 2 2 6 201 2535 2534 2536
3450 2 2 6 201 1482 2534 2535
3451 2 2 6 201 468 469 1465
3452 2 2 6 201 2612 1486 2613
3453 2 2 6 201 2349 2471 2515
3454 2 2 6 201 1903 2627 3006
3455 2 2 6 201 433 1483 2602
3456 2 2 6 201 1657 1654 2670
3457 2 2 6 201 1753 1750 1878
3458 2 2 6 201 1914 1956 2047
3459 2 2 6 201 1652 2468 2666
3460 2 2 6 201 2705 1471 3168
3461 2 2 6 201 2110 2513 2575
3462 2 2 6 201 466 467 1508
3463 2 2 6 201 2135 2136 2580
3464 2 2 6 201 2035 2022 2036
3465 2 2 6 201 2144 2146 2190
3466 2 2 6 201 2285 2202 2363
3467 2 2 6 201 1614 1613 1615
3468 2 2 6 201 1631 1628 2716
3469 2 2 6 201 1936 1795 1987
3470 2 2 6 201 1753 1878 1914
3471 2 2 6 201 1984 2460 2727
3472 2 2 6 201 2339 2267 2340
3473 2 2 6 201 1708 1705 2577
3474 2 2 6 201 2409 2408 2412
3475 2 2 6 201 459 460 2556
3476 2 2 6 201 1638 1637 1639
3477 2 2 6 201 2034 1929 2605
3478 2 2 6 201 1475 452 2587
3479 2 2 6 201 2219 1989 2220
3480 2 2 6 201 1469 458 2555
3481 2 2 6 201 1487 422 2672
3482 2 2 6 201 1658 1657 2643
3483 2 2 6 201 1612 1611 1613
3484 2 2 6 201 2522 1462 2523
3485 2 2 6 201 406 407 2654
3486 2 2 6 201 463 464 1467
3487 2 2 6 201 1626 1625 1627
3488 2 2 6 201 1594 1593 1595
3489 2 2 6 201 1632 1631 1633
3490 2 2 6 201 2264 2222 2265
3491 2 2 6 201 1600 1599 1601
3492 2 2 6 201 2725 2263 3098
3493 2 2 6 201 2298 2295 2644
3494 2 2 6 201 1956 2023 2080
3495 2 2 6 201 1838 2481 2561
3496 2 2 6 201 1988 1987 1989
3497 2 2 6 201 2302 2299 2642
3498 2 2 6 201 2593 1478 2967
3499 2 2 6 201 1721 1718 2551
3500 2 2 6 201 1620 1619 1621
3501 2 2 6 201 493 494 2540
3502 2 2 6 201 1591 1590 1593
3503 2 2 6 201 1589 1588 1590
3504 2 2 6 201 1724 1723 2575
3505 2 2 6 201 1651 1650 1653
3506 2 2 6 201 2037 2036 2137
3507 2 2 6 201 1768 1759 1891
3508 2 2 6 201 1606 1605 1607
3509 2 2 6 201 1649 1648 1650
3510 2 2 6 201 2203 2319 2573
3511 2 2 6 201 1713 1797 1798
3512 2 2 6 201 2294 2291 2663
3513 2 2 6 201 2285 2363 2982
3514 2 2 6 201 1666 1665 1668
3515 2 2 6 201 2507 2142 2680
3516 2 2 6 201 460 461 1466
3517 2 2 6 201 1935 1837 2010
3518 2 2 6 201 1971 1766 2716
3519 2 2 6 201 2624 1485 2625
3520 2 2 6 201 450 2588 2589
3521 2 2 6 201 1808 1809 1810
3522 2 2 6 201 2043 1962 2132
3523 2 2 6 201 1580 1579 1581
3524 2 2 6 201 2201 2200 2202
3525 2 2 6 201 1654 1653 2670
3526 2 2 6 201 1582 1581 1584
3527 2 2 6 201 2138 2137 2147
3528 2 2 6 201 1677 1676 1678
3529 2 2 6 201 2584 1778 2710
3530 2 2 6 201 2148 2147 2525
3531 2 2 6 201 1864 1863 2609
3532 2 2 6 201 1578 1577 1579
3533 2 2 6 201 2313 1965 2638
3534 2 2 6 201 2203 2079 2319
3535 2 2 6 201 2516 2258 2847
3536 2 2 6 201 2193 2071 2194
3537 2 2 6 201 2066 2010 2079
3538 2 2 6 201 2133 2132 2290
3539 2 2 6 201 506 507 1502
3540 2 2 6 201 2166 2255 2864
3541 2 2 6 201 2676 1859 2712
3542 2 2 6 201 1731 1728 2568
3543 2 2 6 201 1930 1913 2106
3544 2 2 6 201 2299 2298 2642
3545 2 2 6 201 457 458 1469
3546 2 2 6 201 2295 2294 2644
3547 2 2 6 201 427 1486 2612
3548 2 2 6 201 1561 1557 2666
3549 2 2 6 201 2424 2423 2425
3550 2 2 6 201 2291 2290 2663
3551 2 2 6 201 488 489 2514
3552 2 2 6 201 1542 2342 2343
3553 2 2 6 201 486 487 2517
3554 2 2 6 201 514 515 2469
3555 2 2 6 201 1709 1708 1715
3556 2 2 6 201 1722 1721 1723
3557 2 2 6 201 1716 1715 1794
3558 2 2 6 201 2614 2613 2615
3559 2 2 6 201 1946 1957 2029
3560 2 2 6 201 454 455 1472
3561 2 2 6 201 260 1537 2596
3562 2 2 6 201 2303 2302 2305
3563 2 2 6 201 2513 1727 2575
3564 2 2 6 201 2110 2044 2234
3565 2 2 6 201 2389 2391 2792
3566 2 2 6 201 1959 1942 2160
3567 2 2 6 201 2674 2855 2984
3568 2 2 6 201 2190 2191 2578
3569 2 2 6 201 1572 1571 1573
3570 2 2 6 201 2108 2109 2258
3571 2 2 6 201 1647 1645 1648
3572 2 2 6 201 2616 2615 2617
3573 2 2 6 201 481 482 2521
3574 2 2 6 201 1630 1628 1631
3575 2 2 6 201 1836 1782 1913
3576 2 2 6 201 1456 2528 2592
3577 2 2 6 201 451 452 1475
3578 2 2 6 201 479 480 2528
3579 2 2 6 201 1624 1622 1625
3580 2 2 6 201 1944 1881 2226
3581 2 2 6 201 2108 2258 2516
3582 2 2 6 201 2407 2034 2408
3583 2 2 6 201 1636 1634 1637
3584 2 2 6 201 1664 1662 1665
3585 2 2 6 201 424 1485 2624
3586 2 2 6 201 450 451 2588
3587 2 2 6 201 1810 1811 1812
3588 2 2 6 201 1483 2917 3039
3589 2 2 6 201 477 478 2530
3590 2 2 6 201 1610 1608 1611
3591 2 2 6 201 1656 1654 1657
3592 2 2 6 201 234 235 1457
3593 2 2 6 201 1618 1616 1619
3594 2 2 6 201 2449 1971 2716
3595 2 2 6 201 1643 1640 1644
3596 2 2 6 201 2374 2375 2376
3597 2 2 6 201 1704 2679 3012
3598 2 2 6 201 2240 2028 2241
3599 2 2 6 201 1675 1673 1676
3600 2 2 6 201 232 233 1501
3601 2 2 6 201 2106 2107 2108
3602 2 2 6 201 1681 1679 1682
3603 2 2 6 201 421 1487 2595
3604 2 2 6 201 1728 1727 2568
3605 2 2 6 201 2027 2110 2575
3606 2 2 6 201 1570 1569 1571
3607 2 2 6 201 448 449 1477
3608 2 2 6 201 1660 1658 1661
3609 2 2 6 201 1836 1913 1930
3610 2 2 6 201 1671 1669 1672
3611 2 2 6 201 447 448 2591
3612 2 2 6 201 2408 2034 2605
3613 2 2 6 201 1689 1687 1690
3614 2 2 6 201 2860 2515 2979
3615 2 2 6 201 1732 1731 1838
3616 2 2 6 201 1604 1602 1605
3617 2 2 6 201 1853 1850 2604
3618 2 2 6 201 2626 2625 2627
3619 2 2 6 201 1900 1790 1942
3620 2 2 6 201 2675 1851 2688
3621 2 2 6 201 1598 1596 1599
3622 2 2 6 201 2139 2556 3022
3623 2 2 6 201 2374 2376 2402
3624 2 2 6 201 1707 1705 1708
3625 2 2 6 201 1966 2207 2607
3626 2 2 6 201 1759 1756 2620
3627 2 2 6 201 2348 2241 2349
3628 2 2 6 201 1999 2477 2732
3629 2 2 6 201 2289 2183 2702
3630 2 2 6 201 2612 2614 2667
3631 2 2 6 201 1685 1683 1686
3632 2 2 6 201 1812 1813 1814
3633 2 2 6 201 236 237 1510
3634 2 2 6 201 1587 1585 1588
3635 2 2 6 201 1703 1691 1704
3636 2 2 6 201 445 446 1478
3637 2 2 6 201 1738 1737 1744
3638 2 2 6 201 1745 1744 2569
3639 2 2 6 201 1959 2160 2161
3640 2 2 6 201 444 445 2593
3641 2 2 6 201 2600 435 2601
3642 2 2 6 201 2259 2261 2350
3643 2 2 6 201 2617 2615 2618
3644 2 2 6 201 1483 434 2600
3645 2 2 6 201 1491 2650 2651
3646 2 2 6 201 1720 1718 1721
3647 2 2 6 201 2026 1721 2551
3648 2 2 6 201 2031 1906 2032
3649 2 2 6 201 2262 2041 2439
3650 2 2 6 201 1900 1942 1959
3651 2 2 6 201 2048 2047 2311
3652 2 2 6 201 2612 2613 2614
3653 2 2 6 201 2614 2619 2667
3654 2 2 6 201 467 468 2546
3655 2 2 6 201 1983 2997 3081
3656 2 2 6 201 2297 2295 2298
3657 2 2 6 201 2095 2675 2688
3658 2 2 6 201 2113 2461 2865
3659 2 2 6 201 2293 2291 2294
3660 2 2 6 201 2395 2063 2396
3661 2 2 6 201 372 2402 3160
3662 2 2 6 201 1625 1622 2631
3663 2 2 6 201 1751 1750 1753
3664 2 2 6 201 1880 1708 2577
3665 2 2 6 201 2301 2299 2302
3666 2 2 6 201 1644 1640 2622
3667 2 2 6 201 442 443 1480
3668 2 2 6 201 2102 2144 2697
3669 2 2 6 201 441 442 2594
3670 2 2 6 201 1682 1679 2610
3671 2 2 6 201 1568 1567 1569
3672 2 2 6 201 1736 1734 1737
3673 2 2 6 201 1484 431 2603
3674 2 2 6 201 237 238 2415
3675 2 2 6 201 1542 240 2342
3676 2 2 6 201 1726 1724 1727
3677 2 2 6 201 2249 2032 2403
3678 2 2 6 201 1491 408 2650
3679 2 2 6 201 1730 1728 1731
3680 2 2 6 201 1576 1574 1577
3681 2 2 6 201 1611 1608 2635
3682 2 2 6 201 439 440 1482
3683 2 2 6 201 2653 2651 2700
3684 2 2 6 201 2190 2146 2191
3685 2 2 6 201 2617 1780 2931
3686 2 2 6 201 1732 1838 2561
3687 2 2 6 201 1749 1747 1750
3688 2 2 6 201 2624 2626 2672
3689 2 2 6 201 1956 1878 2023
3690 2 2 6 201 1491 2651 2652
3691 2 2 6 201 1498 2656 2657
3692 2 2 6 201 1760 1759 1768
3693 2 2 6 201 1782 1779 2584
3694 2 2 6 201 1778 1775 2662
3695 2 2 6 201 2142 1930 2680
3696 2 2 6 201 2354 2151 2782
3697 2 2 6 201 2420 1466 2916
3698 2 2 6 201 2209 2210 2372
3699 2 2 6 201 1867 1864 2609
3700 2 2 6 201 1966 1941 2207
3701 2 2 6 201 2614 2615 2616
3702 2 2 6 201 259 260 2596
3703 2 2 6 201 2624 2625 2626
3704 2 2 6 201 2184 2215 2216
3705 2 2 6 201 2849 1538 3118
3706 2 2 6 201 1525 2558 2940
3707 2 2 6 201 435 436 2601
3708 2 2 6 201 436 437 1481
3709 2 2 6 201 433 434 1483
3710 2 2 6 201 1769 1768 1904
3711 2 2 6 201 2469 1503 3045
3712 2 2 6 201 2626 2629 2672
3713 2 2 6 201 2391 2392 2393
3714 2 2 6 201 458 459 2555
3715 2 2 6 201 2207 2208 2209
3716 2 2 6 201 1775 1774 2662
3717 2 2 6 201 432 433 2602
3718 2 2 6 201 1926 2114 2659
3719 2 2 6 201 1686 1683 2673
3720 2 2 6 201 452 453 2587
3721 2 2 6 201 1758 1756 1759
3722 2 2 6 201 2630 2616 3155
3723 2 2 6 201 1884 1853 1941
3724 2 2 6 201 2417 1467 3175
3725 2 2 6 201 430 431 1484
3726 2 2 6 201 2391 2390 2392
3727 2 2 6 201 2626 2627 2628
3728 2 2 6 201 1599 1596 2660
3729 2 2 6 201 2073 1966 2607
3730 2 2 6 201 2747 2495 3092
3731 2 2 6 201 2270 2271 2272
3732 2 2 6 201 1870 1868 2664
3733 2 2 6 201 1779 1778 2584
3734 2 2 6 201 2473 2474 2475
3735 2 2 6 201 2917 1483 3047
3736 2 2 6 201 449 450 2589
3737 2 2 6 201 2258 2109 2259
3738 2 2 6 201 2480 2156 2639
3739 2 2 6 201 2106 1913 2107
3740 2 2 6 201 407 1491 2654
3741 2 2 6 201 1648 1645 2699
3742 2 2 6 201 2177 2179 2180
3743 2 2 6 201 2160 1942 2505
3744 2 2 6 201 1821 1820 1822
3745 2 2 6 201 2766 1473 3107
3746 2 2 6 201 2462 2018 2463
3747 2 2 6 201 1773 1771 1774
3748 2 2 6 201 2350 2261 2351
3749 2 2 6 201 2108 2107 2109
3750 2 2 6 201 427 428 1486
3751 2 2 6 201 2634 2193 2884
3752 2 2 6 201 2238 2239 2268
3753 2 2 6 201 1884 1941 1966
3754 2 2 6 201 2535 2536 2537
3755 2 2 6 201 2141 1930 2142
3756 2 2 6 201 2173 2174 2175
3757 2 2 6 201 1710 2435 3144
3758 2 2 6 201 1868 1890 2664
3759 2 2 6 201 426 427 2612
3760 2 2 6 201 2069 2193 2634
3761 2 2 6 201 1783 1782 1836
3762 2 2 6 201 2638 1965 2681
3763 2 2 6 201 2073 2607 2608
3764 2 2 6 201 1566 1564 1567
3765 2 2 6 201 1691 1690 2679
3766 2 2 6 201 2026 2551 2720
3767 2 2 6 201 2171 2172 2173
3768 2 2 6 201 1588 1585 2671
3769 2 2 6 201 1833 1945 1946
3770 2 2 6 201 1693 2438 3134
3771 2 2 6 201 1781 1779 1782
3772 2 2 6 201 512 513 2531
3773 2 2 6 201 2169 2170 2171
3774 2 2 6 201 1777 1775 1778
3775 2 2 6 201 424 425 1485
3776 2 2 6 201 260 261 1537
3777 2 2 6 201 1841 1793 2621
3778 2 2 6 201 2175 2176 2177
3779 2 2 6 201 2236 2237 2238
3780 2 2 6 201 1509 420 2595
3781 2 2 6 201 1954 1949 2236
3782 2 2 6 201 2646 1490 2647
3783 2 2 6 201 1789 1788 1790
3784 2 2 6 201 1787 1785 1788
3785 2 2 6 201 1700 2480 2822
3786 2 2 6 201 1830 2829 2834
3787 2 2 6 201 423 424 2624
3788 2 2 6 201 1762 1605 2529
3789 2 2 6 201 1788 1785 2623
3790 2 2 6 201 1541 393 2633
3791 2 2 6 201 2372 2210 2373
3792 2 2 6 201 2328 1448 2329
3793 2 2 6 201 1847 2843 2873
3794 2 2 6 201 1791 1790 1900
3795 2 2 6 201 1822 1824 2503
3796 2 2 6 201 2136 2366 2367
3797 2 2 6 201 1472 2410 3063
3798 2 2 6 201 2209 2208 2210
3799 2 2 6 201 2207 1941 2208
3800 2 2 6 201 434 435 2600
3801 2 2 6 201 2652 2651 2653
3802 2 2 6 201 1840 1793 1841
3803 2 2 6 201 1890 1867 1949
3804 2 2 6 201 2674 2984 3159
3805 2 2 6 201 2268 2239 2459
3806 2 2 6 201 1965 1909 2681
3807 2 2 6 201 431 432 2603
3808 2 2 6 201 2227 2814 2853
3809 2 2 6 201 421 422 1487
3810 2 2 6 201 408 409 2650
3811 2 2 6 201 2241 2028 2720
3812 2 2 6 201 1687 1686 2701
3813 2 2 6 201 1507 3161 3177
3814 2 2 6 201 419 420 1509
3815 2 2 6 201 2278 2279 2280
3816 2 2 6 201 2648 2647 2649
3817 2 2 6 201 243 1433 2322
3818 2 2 6 201 2238 2237 2239
3819 2 2 6 201 2236 1949 2237
3820 2 2 6 201 2051 2050 2105
3821 2 2 6 201 410 1490 2646
3822 2 2 6 201 1562 1561 1563
3823 2 2 6 201 1796 1619 2533
3824 2 2 6 201 416 417 1488
3825 2 2 6 201 262 1470 2611
3826 2 2 6 201 230 231 2512
3827 2 2 6 201 1883 1962 2043
3828 2 2 6 201 2127 2128 2129
3829 2 2 6 201 1512 2640 2641
3830 2 2 6 201 2027 2044 2110
3831 2 2 6 201 2118 2120 2121
3832 2 2 6 201 1875 1873 2050
3833 2 2 6 201 2127 2277 2859
3834 2 2 6 201 2116 2117 2118
3835 2 2 6 201 1954 2236 2256
3836 2 2 6 201 2530 2935 3030
3837 2 2 6 201 1930 2106 2680
3838 2 2 6 201 1577 1574 2682
3839 2 2 6 201 2409 2412 2414
3840 2 2 6 201 1890 1949 1954
3841 2 2 6 201 2411 2414 3052
3842 2 2 6 201 511 512 1538
3843 2 2 6 201 235 236 2565
3844 2 2 6 201 1844 1842 1845
3845 2 2 6 201 2251 1965 2313
3846 2 2 6 201 1914 2047 2048
3847 2 2 6 201 2042 2318 2418
3848 2 2 6 201 1634 1633 2472
3849 2 2 6 201 1560 1557 1561
3850 2 2 6 201 1512 395 2640
3851 2 2 6 201 2121 2122 2123
3852 2 2 6 201 2020 2022 2035
3853 2 2 6 201 2464 2463 2467
3854 2 2 6 201 1848 1846 1849
3855 2 2 6 201 2052 1966 2073
3856 2 2 6 201 2114 2115 2116
3857 2 2 6 201 2516 1458 2901
3858 2 2 6 201 2646 2647 2648
3859 2 2 6 201 1490 411 2645
3860 2 2 6 201 1854 1853 1884
3861 2 2 6 201 1852 1850 1853
3862 2 2 6 201 2384 2385 2386
3863 2 2 6 201 2395 2396 2397
3864 2 2 6 201 420 421 2595
3865 2 2 6 201 1720 1721 1722
3866 2 2 6 201 1858 1856 1859
3867 2 2 6 201 1964 1909 1965
3868 2 2 6 201 1875 2050 2051
3869 2 2 6 201 413 414 1489
3870 2 2 6 201 1498 2657 2658
3871 2 2 6 201 1633 1767 2472
3872 2 2 6 201 2051 2105 2284
3873 2 2 6 201 1722 1723 1724
3874 2 2 6 201 2407 2408 2409
3875 2 2 6 201 1804 1802 1805
3876 2 2 6 201 394 1512 2633
3877 2 2 6 201 1900 2049 2621
3878 2 2 6 201 2178 2502 2736
3879 2 2 6 201 392 393 1541
3880 2 2 6 201 1873 1870 2664
3881 2 2 6 201 1749 1750 1751
3882 2 2 6 201 1736 1737 1738
3883 2 2 6 201 1860 1859 2676
3884 2 2 6 201 466 1508 2636
3885 2 2 6 201 2006 2008 2437
3886 2 2 6 201 1739 1571 2677
3887 2 2 6 201 1709 1715 1716
3888 2 2 6 201 1707 1708 1709
3889 2 2 6 201 410 411 1490
3890 2 2 6 201 2492 2490 2730
3891 2 2 6 201 1863 1860 2676
3892 2 2 6 201 1730 1731 1732
3893 2 2 6 201 1689 1690 1691
3894 2 2 6 201 409 410 2646
3895 2 2 6 201 1758 1759 1760
3896 2 2 6 201 1827 1826 1828
3897 2 2 6 201 1726 1727 1728
3898 2 2 6 201 1675 1676 1677
3899 2 2 6 201 1814 1815 1816
3900 2 2 6 201 1773 1774 1775
3901 2 2 6 201 1836 2141 2623
3902 2 2 6 201 394 395 1512
3903 2 2 6 201 1900 1959 2049
3904 2 2 6 201 1703 1704 1705
3905 2 2 6 201 2043 2132 2133
3906 2 2 6 201 1964 1965 2251
3907 2 2 6 201 1738 1744 1745
3908 2 2 6 201 1677 1678 1679
3909 2 2 6 201 1751 1753 1754
3910 2 2 6 201 2048 2311 2312
3911 2 2 6 201 411 412 2645
3912 2 2 6 201 1862 1860 1863
3913 2 2 6 201 1681 1682 1683
3914 2 2 6 201 1836 1930 2141
3915 2 2 6 201 407 408 1491
3916 2 2 6 201 1990 1992 2433
3917 2 2 6 201 1859 1856 2637
3918 2 2 6 201 393 394 2633
3919 2 2 6 201 1666 1668 1669
3920 2 2 6 201 388 389 1499
3921 2 2 6 201 1949 1867 2609
3922 2 2 6 201 1685 1686 1687
3923 2 2 6 201 2303 2305 2306
3924 2 2 6 201 2050 2664 2698
3925 2 2 6 201 2375 2373 2441
3926 2 2 6 201 1664 1665 1666
3927 2 2 6 201 1866 1864 1867
3928 2 2 6 201 2470 2241 2720
3929 2 2 6 201 1592 2387 3109
3930 2 2 6 201 396 1494 2640
3931 2 2 6 201 465 466 2636
3932 2 2 6 201 2133 2290 2291
3933 2 2 6 201 508 509 1543
3934 2 2 6 201 2322 1433 2484
3935 2 2 6 201 2050 1873 2664
3936 2 2 6 201 1760 1768 1769
3937 2 2 6 201 1679 1678 2610
3938 2 2 6 201 1777 1778 1779
3939 2 2 6 201 2301 2302 2303
3940 2 2 6 201 2441 2564 2590
3941 2 2 6 201 1875 2051 2681
3942 2 2 6 201 387 2632 2665
3943 2 2 6 201 1874 1873 1875
3944 2 2 6 201 1671 1672 1673
3945 2 2 6 201 387 388 2632
3946 2 2 6 201 2376 2377 2378
3947 2 2 6 201 2597 2256 2598
3948 2 2 6 201 395 396 2640
3949 2 2 6 201 1756 1754 2620
3950 2 2 6 201 1781 1782 1783
3951 2 2 6 201 409 2646 2650
3952 2 2 6 201 1868 1867 1890
3953 2 2 6 201 2265 2266 2267
3954 2 2 6 201 1494 397 2668
3955 2 2 6 201 2297 2298 2299
3956 2 2 6 201 1704 1691 2679
3957 2 2 6 201 1787 1788 1789
3958 2 2 6 201 1791 1900 2621
3959 2 2 6 201 1491 2652 2654
3960 2 2 6 201 1649 1650 1651
3961 2 2 6 201 426 2612 2667
3962 2 2 6 201 1840 1841 1842
3963 2 2 6 201 2650 2648 2651
3964 2 2 6 201 1872 1870 1873
3965 2 2 6 201 1996 1998 2436
3966 2 2 6 201 2293 2294 2295
3967 2 2 6 201 2220 2221 2222
3968 2 2 6 201 396 397 1494
3969 2 2 6 201 1656 1657 1658
3970 2 2 6 201 388 1499 2632
3971 2 2 6 201 1941 1853 2604
3972 2 2 6 201 2654 2652 2655
3973 2 2 6 201 1884 2052 2637
3974 2 2 6 201 385 386 1476
3975 2 2 6 201 1638 1639 1640
3976 2 2 6 201 2051 2638 2681
3977 2 2 6 201 423 2624 2672
3978 2 2 6 201 1783 1836 2623
3979 2 2 6 201 1884 1966 2052
3980 2 2 6 201 1660 1661 1662
3981 2 2 6 201 231 232 2562
3982 2 2 6 201 398 1536 2668
3983 2 2 6 201 397 398 2668
3984 2 2 6 201 251 1448 2328
3985 2 2 6 201 404 405 1498
3986 2 2 6 201 1858 1859 1860
3987 2 2 6 201 1651 1653 1654
3988 2 2 6 201 1844 1845 1846
3989 2 2 6 201 425 426 2667
3990 2 2 6 201 1647 1648 1649
3991 2 2 6 201 2035 2036 2037
3992 2 2 6 201 1795 1665 2560
3993 2 2 6 201 1643 1644 1645
3994 2 2 6 201 398 399 1536
3995 2 2 6 201 402 403 1539
3996 2 2 6 201 1536 399 2674
3997 2 2 6 201 399 400 2674
3998 2 2 6 201 1789 1790 1791
3999 2 2 6 201 422 423 2672
4000 2 2 6 201 2334 1474 2335
4001 2 2 6 201 2206 2922 3073
4002 2 2 6 201 1848 1849 1850
4003 2 2 6 201 262 263 1470
4004 2 2 6 201 2037 2137 2138
4005 2 2 6 201 1837 1676 2563
4006 2 2 6 201 382 383 1473
4007 2 2 6 201 1901 1876 1909
4008 2 2 6 201 1981 1983 2435
4009 2 2 6 201 1636 1637 1638
4010 2 2 6 201 2455 2456 2457
4011 2 2 6 201 1924 2659 2810
4012 2 2 6 201 1963 1909 1964
4013 2 2 6 201 1632 1633 1634
4014 2 2 6 201 1852 1853 1854
4015 2 2 6 201 2260 2662 2811
4016 2 2 6 201 2351 2358 2422
4017 2 2 6 201 2138 2147 2148
4018 2 2 6 201 1495 2322 2518
4019 2 2 6 201 1924 1926 2659
4020 2 2 6 201 1854 1884 2637
4021 2 2 6 201 1640 1639 2622
4022 2 2 6 201 1537 261 2611
4023 2 2 6 201 2218 2057 2281
4024 2 2 6 201 2349 2470 2471
4025 2 2 6 201 2052 2073 2074
4026 2 2 6 201 2252 2251 2253
4027 2 2 6 201 1626 1627 1628
4028 2 2 6 201 1630 1631 1632
4029 2 2 6 201 2259 2260 2261
4030 2 2 6 201 2652 2653 2696
4031 2 2 6 201 379 380 1471
4032 2 2 6 201 1907 2094 2095
4033 2 2 6 201 1862 1863 1864
4034 2 2 6 201 1682 2610 2818
4035 2 2 6 201 1746 1748 2760
4036 2 2 6 201 1878 1750 2586
4037 2 2 6 201 1872 1873 1874
4038 2 2 6 201 2144 2190 2697
4039 2 2 6 201 2237 1949 2609
4040 2 2 6 201 2095 2096 2097
4041 2 2 6 201 1620 1621 1622
4042 2 2 6 201 1926 1938 2114
4043 2 2 6 201 2646 2648 2650
4044 2 2 6 201 2459 2239 2476
4045 2 2 6 201 1954 2256 2597
4046 2 2 6 201 2087 2223 2224
4047 2 2 6 201 261 262 2611
4048 2 2 6 201 1866 1867 1868
4049 2 2 6 201 2097 2388 2389
4050 2 2 6 201 2194 2195 2196
4051 2 2 6 201 2126 2859 2992
4052 2 2 6 201 2281 2057 2685
4053 2 2 6 201 2058 2371 2579
4054 2 2 6 201 2095 2097 2675
4055 2 2 6 201 2654 2655 2656
4056 2 2 6 201 1899 2692 2704
4057 2 2 6 201 386 387 2665
4058 2 2 6 201 2051 2284 2638
4059 2 2 6 201 1612 1613 1614
4060 2 2 6 201 1614 1615 1616
4061 2 2 6 201 1874 1875 1876
4062 2 2 6 201 1624 1625 1626
4063 2 2 6 201 376 377 1468
4064 2 2 6 201 241 1495 2342
4065 2 2 6 201 2376 2375 2377
4066 2 2 6 201 1964 2251 2252
4067 2 2 6 201 375 376 2661
4068 2 2 6 201 2000 2002 2438
4069 2 2 6 201 2496 2155 2599
4070 2 2 6 201 1877 1902 2055
4071 2 2 6 201 1901 1909 1963
4072 2 2 6 201 2692 2055 2704
4073 2 2 6 201 1622 1621 2631
4074 2 2 6 201 1909 1876 2681
4075 2 2 6 201 2247 2246 2248
4076 2 2 6 201 2651 2648 2700
4077 2 2 6 201 2055 2056 2099
4078 2 2 6 201 2626 2628 2629
4079 2 2 6 201 2067 2068 2069
4080 2 2 6 201 2058 2218 2371
4081 2 2 6 201 2614 2616 2619
4082 2 2 6 201 2058 2057 2218
4083 2 2 6 201 1690 1687 2701
4084 2 2 6 201 2056 1902 2057
4085 2 2 6 201 373 374 1461
4086 2 2 6 201 1606 1607 1608
4087 2 2 6 201 1618 1619 1620
4088 2 2 6 201 2055 1902 2056
4089 2 2 6 201 2528 1505 3015
4090 2 2 6 201 1754 1753 2750
4091 2 2 6 201 1915 1917 2242
4092 2 2 6 201 2069 2070 2071
4093 2 2 6 201 2185 1889 2756
4094 2 2 6 201 2208 1941 2604
4095 2 2 6 201 1610 1611 1612
4096 2 2 6 201 2196 2197 2198
4097 2 2 6 201 2056 2057 2058
4098 2 2 6 201 1861 1860 1862
4099 2 2 6 201 370 371 1460
4100 2 2 6 201 2392 2390 2576
4101 2 2 6 201 2198 2199 2200
4102 2 2 6 201 1876 1875 2681
4103 2 2 6 201 2245 1947 2246
4104 2 2 6 201 1600 1601 1602
4105 2 2 6 201 1877 1876 1901
4106 2 2 6 201 1871 1870 1872
4107 2 2 6 201 2237 2609 2678
4108 2 2 6 201 1877 1901 1902
4109 2 2 6 201 1865 1864 1866
4110 2 2 6 201 10 1474 2334
4111 2 2 6 201 2655 2652 2696
4112 2 2 6 201 1907 2095 2688
4113 2 2 6 201 1857 1856 1858
4114 2 2 6 201 1683 1682 2673
4115 2 2 6 201 1869 1871 1920
4116 2 2 6 201 2116 2387 2934
4117 2 2 6 201 369 370 2669
4118 2 2 6 201 1544 258 3020
4119 2 2 6 201 1869 1868 1870
4120 2 2 6 201 1495 242 2322
4121 2 2 6 201 1847 1846 1848
4122 2 2 6 201 500 501 2793
4123 2 2 6 201 1594 1595 1596
4124 2 2 6 201 1498 2658 2734
4125 2 2 6 201 1851 1850 1852
4126 2 2 6 201 1874 1876 1877
4127 2 2 6 201 1474 249 2364
4128 2 2 6 201 367 368 1459
4129 2 2 6 201 1871 1872 1899
4130 2 2 6 201 2451 1482 3054
4131 2 2 6 201 2074 2073 2705
4132 2 2 6 201 1608 1607 2635
4133 2 2 6 201 1510 237 2415
4134 2 2 6 201 1591 1593 1594
4135 2 2 6 201 1839 1793 1840
4136 2 2 6 201 1604 1605 1606
4137 2 2 6 201 2840 2501 3032
4138 2 2 6 201 1890 1954 2698
4139 2 2 6 201 2102 2143 2144
4140 2 2 6 201 1598 1599 1600
4141 2 2 6 201 2239 2237 2678
4142 2 2 6 201 1902 1901 2685
4143 2 2 6 201 1589 1590 1591
4144 2 2 6 201 368 369 2684
4145 2 2 6 201 1457 235 2565
4146 2 2 6 201 1869 1870 1871
4147 2 2 6 201 1862 1864 1865
4148 2 2 6 201 2057 1902 2685
4149 2 2 6 201 2095 2094 2096
4150 2 2 6 201 1686 2673 2892
4151 2 2 6 201 1901 1963 2685
4152 2 2 6 201 1793 1791 2621
4153 2 2 6 201 1476 386 2665
4154 2 2 6 201 364 365 1458
4155 2 2 6 201 2648 2649 2700
4156 2 2 6 201 2153 2061 2154
4157 2 2 6 201 404 1498 2734
4158 2 2 6 201 1855 1854 1856
4159 2 2 6 201 1865 1866 2686
4160 2 2 6 201 1858 1860 1861
4161 2 2 6 201 1539 403 2734
4162 2 2 6 201 2723 1761 2769
4163 2 2 6 201 1766 1631 2716
4164 2 2 6 201 2499 1528 2972
4165 2 2 6 201 1780 1779 1781
4166 2 2 6 201 1866 1868 1869
4167 2 2 6 201 1843 1842 1844
4168 2 2 6 201 1914 2048 2750
4169 2 2 6 201 2245 2246 2247
4170 2 2 6 201 2378 2377 2454
4171 2 2 6 201 2144 2145 2146
4172 2 2 6 201 361 362 1455
4173 2 2 6 201 2083 2086 2087
4174 2 2 6 201 2097 2096 2388
4175 2 2 6 201 1786 1785 1787
4176 2 2 6 201 365 366 2687
4177 2 2 6 201 1877 2055 2692
4178 2 2 6 201 1555 1553 1652
4179 2 2 6 201 1829 1828 1831
4180 2 2 6 201 250 2328 2364
4181 2 2 6 201 1872 1874 2692
4182 2 2 6 201 1859 2637 2712
4183 2 2 6 201 1954 2597 2698
4184 2 2 6 201 2181 2077 2182
4185 2 2 6 201 1856 1854 2637
4186 2 2 6 201 2397 2396 2690
4187 2 2 6 201 1915 2242 2800
4188 2 2 6 201 1792 1791 1793
4189 2 2 6 201 1776 1775 1777
4190 2 2 6 201 1861 1862 2683
4191 2 2 6 201 1899 1872 2692
4192 2 2 6 201 2603 2159 2996
4193 2 2 6 201 1587 1588 1589
4194 2 2 6 201 1857 1858 2703
4195 2 2 6 201 2664 1890 2698
4196 2 2 6 201 359 360 1511
4197 2 2 6 201 1888 1970 2067
4198 2 2 6 201 1580 1581 1582
4199 2 2 6 201 2059 1835 2765
4200 2 2 6 201 1578 1579 1580
4201 2 2 6 201 1582 1584 1585
4202 2 2 6 201 1948 2753 2754
4203 2 2 6 201 1772 1771 1773
4204 2 2 6 201 1644 2622 2832
4205 2 2 6 201 2015 2017 2211
4206 2 2 6 201 2441 2590 2802
4207 2 2 6 201 376 1468 2661
4208 2 2 6 201 1869 1920 2686
4209 2 2 6 201 1862 1865 2683
4210 2 2 6 201 1866 1869 2686
4211 2 2 6 201 1785 1783 2623
4212 2 2 6 201 2476 2239 2678
4213 2 2 6 201 360 361 2689
4214 2 2 6 201 357 358 1453
4215 2 2 6 201 1855 1857 1907
4216 2 2 6 201 1848 1850 1851
4217 2 2 6 201 1784 1783 1785
4218 2 2 6 201 1757 1756 1758
4219 2 2 6 201 2005 2003 2370
4220 2 2 6 201 2285 2982 3000
4221 2 2 6 201 1912 1761 2723
4222 2 2 6 201 1874 1877 2692
4223 2 2 6 201 2259 2109 2260
4224 2 2 6 201 2107 2584 2710
4225 2 2 6 201 2922 3021 3115
4226 2 2 6 201 1896 1967 2130
4227 2 2 6 201 2248 2246 2761
4228 2 2 6 201 1911 2100 2102
4229 2 2 6 201 2687 2507 3139
4230 2 2 6 201 355 356 1513
4231 2 2 6 201 1907 1947 2094
4232 2 2 6 201 1596 1595 2660
4233 2 2 6 201 1690 2701 2958
4234 2 2 6 201 358 359 2691
4235 2 2 6 201 2076 2065 2077
4236 2 2 6 201 2073 2608 2705
4237 2 2 6 201 1852 1854 1855
4238 2 2 6 201 1844 1846 1847
4239 2 2 6 201 1851 1852 2688
4240 2 2 6 201 2028 2026 2720
4241 2 2 6 201 1798 1797 1799
4242 2 2 6 201 1855 1856 1857
4243 2 2 6 201 2351 2261 2358
4244 2 2 6 201 353 354 1450
4245 2 2 6 201 2055 2099 2704
4246 2 2 6 201 2398 2397 2399
4247 2 2 6 201 356 357 2693
4248 2 2 6 201 1755 1754 1756
4249 2 2 6 201 1770 1769 1771
4250 2 2 6 201 1748 1747 1749
4251 2 2 6 201 1858 1861 2703
4252 2 2 6 201 1950 1889 2185
4253 2 2 6 201 2307 1977 2728
4254 2 2 6 201 351 352 1514
4255 2 2 6 201 236 1510 2565
4256 2 2 6 201 2094 1947 2245
4257 2 2 6 201 2432 1973 3071
4258 2 2 6 201 2451 2399 2534
4259 2 2 6 201 2388 2096 2416
4260 2 2 6 201 1907 1857 1947
4261 2 2 6 201 354 355 2695
4262 2 2 6 201 2442 2214 3048
4263 2 2 6 201 2605 1834 2772
4264 2 2 6 201 2246 1947 2703
4265 2 2 6 201 2507 2680 3139
4266 2 2 6 201 2895 2162 3130
4267 2 2 6 201 1667 2789 3145
4268 2 2 6 201 349 350 1449
4269 2 2 6 201 1576 1577 1578
4270 2 2 6 201 1748 1948 2760
4271 2 2 6 201 2525 2559 2835
4272 2 2 6 201 1729 1728 1730
4273 2 2 6 201 1840 1842 1843
4274 2 2 6 201 1816 1817 1818
4275 2 2 6 201 2637 2052 2712
4276 2 2 6 201 1735 1734 1736
4277 2 2 6 201 347 348 1515
4278 2 2 6 201 2023 1878 2586
4279 2 2 6 201 1746 1745 1747
4280 2 2 6 201 1923 2630 3155
4281 2 2 6 201 2052 2074 2712
4282 2 2 6 201 1852 1855 2688
4283 2 2 6 201 345 346 1447
4284 2 2 6 201 2184 1986 2215
4285 2 2 6 201 1800 1799 1801
4286 2 2 6 201 1572 1573 1574
4287 2 2 6 201 2184 2314 2923
4288 2 2 6 201 2394 2063 2395
4289 2 2 6 201 1839 1840 2718
4290 2 2 6 201 1725 1724 1726
4291 2 2 6 201 343 344 1516
4292 2 2 6 201 2062 2059 2063
4293 2 2 6 201 1585 1584 2671
4294 2 2 6 201 370 1460 2669
4295 2 2 6 201 1789 1791 1792
4296 2 2 6 201 1742 2433 3080
4297 2 2 6 201 1733 1732 1734
4298 2 2 6 201 2402 372 2983
4299 2 2 6 201 1947 1857 2703
4300 2 2 6 201 1792 1793 1839
4301 2 2 6 201 2829 2152 2834
4302 2 2 6 201 2860 2306 2978
4303 2 2 6 201 1570 1571 1572
4304 2 2 6 201 341 342 1446
4305 2 2 6 201 1777 1779 1780
4306 2 2 6 201 1786 1787 1903
4307 2 2 6 201 2048 2443 2750
4308 2 2 6 201 2270 2054 2271
4309 2 2 6 201 1792 1839 2060
4310 2 2 6 201 1645 1644 2699
4311 2 2 6 201 1719 1718 1720
4312 2 2 6 201 2659 2114 2934
4313 2 2 6 201 339 340 1517
4314 2 2 6 201 382 1473 2766
4315 2 2 6 201 2274 2180 2275
4316 2 2 6 201 342 343 2706
4317 2 2 6 201 1706 1705 1707
4318 2 2 6 201 369 2669 2684
4319 2 2 6 201 1781 1783 1784
4320 2 2 6 201 2349 2241 2470
4321 2 2 6 201 1773 1775 1776
4322 2 2 6 201 337 338 1445
4323 2 2 6 201 1855 1907 2688
4324 2 2 6 201 2405 1927 3005
4325 2 2 6 201 1932 1835 2059
4326 2 2 6 201 340 341 2709
4327 2 2 6 201 2103 1912 2723
4328 2 2 6 201 1717 1716 1718
4329 2 2 6 201 1459 368 2684
4330 2 2 6 201 232 1501 2562
4331 2 2 6 201 2454 2377 2585
4332 2 2 6 201 1702 1691 1703
4333 2 2 6 201 335 336 1518
4334 2 2 6 201 2136 1995 2366
4335 2 2 6 201 2675 2097 2792
4336 2 2 6 201 2060 2061 2104
4337 2 2 6 201 1993 1762 2529
4338 2 2 6 201 2060 1839 2061
4339 2 2 6 201 338 339 2711
4340 2 2 6 201 2697 2190 2868
4341 2 2 6 201 2511 2354 2782
4342 2 2 6 201 1898 1714 2762
4343 2 2 6 201 2535 2537 2538
4344 2 2 6 201 256 257 1500
4345 2 2 6 201 333 334 1444
4346 2 2 6 201 1568 1569 1570
4347 2 2 6 201 2762 1714 2774
4348 2 2 6 201 1688 1687 1689
4349 2 2 6 201 1832 1831 1833
4350 2 2 6 201 2104 2061 2153
4351 2 2 6 201 1784 1785 1786
4352 2 2 6 201 336 337 2713
4353 2 2 6 201 2278 2129 2279
4354 2 2 6 201 2154 2061 2718
4355 2 2 6 201 403 404 2734
4356 2 2 6 201 2009 1796 2533
4357 2 2 6 201 2127 2012 2128
4358 2 2 6 201 1537 2611 3112
4359 2 2 6 201 2063 2059 2825
4360 2 2 6 201 2101 1912 2103
4361 2 2 6 201 331 332 1519
4362 2 2 6 201 2182 2077 2816
4363 2 2 6 201 2980 2545 3056
4364 2 2 6 201 2384 2189 2385
4365 2 2 6 201 2010 1837 2563
4366 2 2 6 201 334 335 2714
4367 2 2 6 201 1987 1795 2560
4368 2 2 6 201 1784 1786 1923
4369 2 2 6 201 2340 2267 2341
4370 2 2 6 201 2319 2079 2325
4371 2 2 6 201 1980 1971 2449
4372 2 2 6 201 1851 2675 2768
4373 2 2 6 201 2265 2222 2266
4374 2 2 6 201 1684 1683 1685
4375 2 2 6 201 1840 1843 2718
4376 2 2 6 201 2132 2355 2908
4377 2 2 6 201 329 330 1443
4378 2 2 6 201 1753 1914 2750
4379 2 2 6 201 2220 1989 2221
4380 2 2 6 201 1458 365 2687
4381 2 2 6 201 1764 2436 3138
4382 2 2 6 201 1760 1769 1770
4383 2 2 6 201 1555 1652 2666
4384 2 2 6 201 1806 1805 1807
4385 2 2 6 201 2076 2077 2181
4386 2 2 6 201 2300 2299 2301
4387 2 2 6 201 2109 2107 2710
4388 2 2 6 201 327 328 1520
4389 2 2 6 201 1680 1679 1681
4390 2 2 6 201 1772 1773 2738
4391 2 2 6 201 1492 505 2953
4392 2 2 6 201 2296 2295 2297
4393 2 2 6 201 2595 1487 2954
4394 2 2 6 201 2137 2263 2940
4395 2 2 6 201 325 326 1442
4396 2 2 6 201 1574 1573 2682
4397 2 2 6 201 1751 1754 1755
4398 2 2 6 201 1674 1673 1675
4399 2 2 6 201 1770 1771 1772
4400 2 2 6 201 328 329 2715
4401 2 2 6 201 2048 2312 2443
4402 2 2 6 201 2406 2034 2407
4403 2 2 6 201 1757 1758 1894
4404 2 2 6 201 2549 2013 2789
4405 2 2 6 201 2171 2485 2911
4406 2 2 6 201 2292 2291 2293
4407 2 2 6 201 323 324 1521
4408 2 2 6 201 1566 1567 1568
4409 2 2 6 201 2754 2753 2755
4410 2 2 6 201 326 327 2717
4411 2 2 6 201 361 1455 2689
4412 2 2 6 201 321 322 1441
4413 2 2 6 201 1848 1851 2768
4414 2 2 6 201 2191 2146 2544
4415 2 2 6 201 2169 2123 2170
4416 2 2 6 201 1755 1756 1757
4417 2 2 6 201 1903 1787 2726
4418 2 2 6 201 2061 1839 2718
4419 2 2 6 201 319 320 1522
4420 2 2 6 201 1511 360 2689
4421 2 2 6 201 1770 1772 2064
4422 2 2 6 201 1738 1745 1746
4423 2 2 6 201 2527 1532 2932
4424 2 2 6 201 1748 1749 1889
4425 2 2 6 201 1670 1669 1671
4426 2 2 6 201 1950 2185 2186
4427 2 2 6 201 317 318 1440
4428 2 2 6 201 2194 2071 2195
4429 2 2 6 201 2305 2713 2978
4430 2 2 6 201 320 321 2719
4431 2 2 6 201 2033 1929 2034
4432 2 2 6 201 1663 1662 1664
4433 2 2 6 201 359 1511 2691
4434 2 2 6 201 2395 2397 2398
4435 2 2 6 201 2076 2181 2359
4436 2 2 6 201 2703 1861 2761
4437 2 2 6 201 501 1497 2793
4438 2 2 6 201 315 316 1523
4439 2 2 6 201 1500 257 1544
4440 2 2 6 201 381 382 2766
4441 2 2 6 201 318 319 2721
4442 2 2 6 201 2565 1510 2566
4443 2 2 6 201 2077 2065 2738
4444 2 2 6 201 2260 2109 2710
4445 2 2 6 201 1787 1789 2726
4446 2 2 6 201 1453 358 2691
4447 2 2 6 201 2064 2065 2075
4448 2 2 6 201 313 314 1439
4449 2 2 6 201 2231 2029 2519
4450 2 2 6 201 1730 1732 1733
4451 2 2 6 201 1726 1728 1729
4452 2 2 6 201 316 317 2722
4453 2 2 6 201 1659 1658 1660
4454 2 2 6 201 2202 2200 2276
4455 2 2 6 201 311 312 1525
4456 2 2 6 201 2345 2344 3069
4457 2 2 6 201 1948 2754 2760
4458 2 2 6 201 2064 1772 2065
4459 2 2 6 201 265 266 1426
4460 2 2 6 201 357 1453 2693
4461 2 2 6 201 309 310 1438
4462 2 2 6 201 2359 2181 2508
4463 2 2 6 201 1861 2683 2761
4464 2 2 6 201 1757 1894 1943
4465 2 2 6 201 1735 1736 1882
4466 2 2 6 201 1513 356 2693
4467 2 2 6 201 2075 2065 2076
4468 2 2 6 201 2075 2076 2733
4469 2 2 6 201 2024 1898 2025
4470 2 2 6 201 307 308 1526
4471 2 2 6 201 1551 1549 1908
4472 2 2 6 201 2025 1898 2762
4473 2 2 6 201 1722 1724 1725
4474 2 2 6 201 1773 1776 2738
4475 2 2 6 201 2402 2376 2840
4476 2 2 6 201 1746 1747 1748
4477 2 2 6 201 310 311 2725
4478 2 2 6 201 2573 1521 2801
4479 2 2 6 201 1655 1654 1656
4480 2 2 6 201 355 1513 2695
4481 2 2 6 201 1646 1645 1647
4482 2 2 6 201 1557 1555 2666
4483 2 2 6 201 305 306 1437
4484 2 2 6 201 2398 2399 2451
4485 2 2 6 201 303 304 1527
4486 2 2 6 201 1450 354 2695
4487 2 2 6 201 1467 2417 2966
4488 2 2 6 201 1562 1563 1564
4489 2 2 6 201 301 302 1436
4490 2 2 6 201 306 307 2729
4491 2 2 6 201 2102 2100 2143
4492 2 2 6 201 2512 231 2562
4493 2 2 6 201 1943 1955 2158
4494 2 2 6 201 1943 1894 1955
4495 2 2 6 201 2246 2703 2761
4496 2 2 6 201 2702 2183 2923
4497 2 2 6 201 304 305 2731
4498 2 2 6 201 299 300 1528
4499 2 2 6 201 2158 1955 2159
4500 2 2 6 201 2144 2143 2145
4501 2 2 6 201 1709 1716 1717
4502 2 2 6 201 1950 2186 2187
4503 2 2 6 201 1748 1889 1948
4504 2 2 6 201 2465 2466 2994
4505 2 2 6 201 1847 1848 2768
4506 2 2 6 201 297 298 1435
4507 2 2 6 201 1642 1640 1643
4508 2 2 6 201 266 267 2724
4509 2 2 6 201 1733 1734 1735
4510 2 2 6 201 295 296 1529
4511 2 2 6 201 1789 1792 2726
4512 2 2 6 201 2527 2932 3004
4513 2 2 6 201 293 294 1434
4514 2 2 6 201 2645 412 2838
4515 2 2 6 201 1635 1634 1636
4516 2 2 6 201 2062 2063 2394
4517 2 2 6 201 1725 1726 2708
4518 2 2 6 201 1792 2060 2726
4519 2 2 6 201 2173 2172 2174
4520 2 2 6 201 296 297 2735
4521 2 2 6 201 1948 1889 1950
4522 2 2 6 201 291 292 1530
4523 2 2 6 201 1689 1691 1702
4524 2 2 6 201 267 268 1524
4525 2 2 6 201 1719 1720 1835
4526 2 2 6 201 1703 1705 1706
4527 2 2 6 201 346 347 2788
4528 2 2 6 201 2171 2170 2172
4529 2 2 6 201 294 295 2737
4530 2 2 6 201 413 1489 2838
4531 2 2 6 201 2118 2117 2120
4532 2 2 6 201 2130 1967 2162
4533 2 2 6 201 2116 2115 2117
4534 2 2 6 201 1932 2059 2062
4535 2 2 6 201 1948 1950 2753
4536 2 2 6 201 2069 2068 2070
4537 2 2 6 201 2067 1970 2068
4538 2 2 6 201 2284 2105 2893
4539 2 2 6 201 289 290 1432
4540 2 2 6 201 2301 2303 2304
4541 2 2 6 201 1894 1758 2745
4542 2 2 6 201 1911 2102 2771
4543 2 2 6 201 1758 1760 2745
4544 2 2 6 201 1733 1735 1892
4545 2 2 6 201 292 293 2740
4546 2 2 6 201 2065 1772 2738
4547 2 2 6 201 1888 2067 2784
4548 2 2 6 201 287 288 1531
4549 2 2 6 201 2693 1453 2694
4550 2 2 6 201 2311 2047 2877
4551 2 2 6 201 1560 1561 1562
4552 2 2 6 201 2196 2195 2197
4553 2 2 6 201 1629 1628 1630
4554 2 2 6 201 2121 2120 2122
4555 2 2 6 201 285 286 1431
4556 2 2 6 201 290 291 2747
4557 2 2 6 201 2149 1933 2151
4558 2 2 6 201 1763 2437 3156
4559 2 2 6 201 283 284 1532
4560 2 2 6 201 2084 2082 2085
4561 2 2 6 201 1808 1807 1809
4562 2 2 6 201 2175 2174 2176
4563 2 2 6 201 2297 2299 2300
4564 2 2 6 201 1896 2130 2779
4565 2 2 6 201 288 289 2748
4566 2 2 6 201 2306 2860 2979
4567 2 2 6 201 1623 1622 1624
4568 2 2 6 201 281 282 1430
4569 2 2 6 201 1681 1683 1684
4570 2 2 6 201 1706 1707 1761
4571 2 2 6 201 2114 1938 2115
4572 2 2 6 201 286 287 2749
4573 2 2 6 201 2878 2224 2930
4574 2 2 6 201 1685 1687 1688
4575 2 2 6 201 1479 2469 2976
4576 2 2 6 201 2101 2103 2233
4577 2 2 6 201 279 280 1533
4578 2 2 6 201 1889 1749 2756
4579 2 2 6 201 2198 2197 2199
4580 2 2 6 201 1818 1819 1820
4581 2 2 6 201 2556 1466 3022
4582 2 2 6 201 2558 2147 2940
4583 2 2 6 201 1717 1718 1719
4584 2 2 6 201 2177 2176 2179
4585 2 2 6 201 2076 2359 2733
4586 2 2 6 201 2293 2295 2296
4587 2 2 6 201 1894 2745 2808
4588 2 2 6 201 277 278 1429
4589 2 2 6 201 1946 1945 1957
4590 2 2 6 201 282 283 2752
4591 2 2 6 201 2133 2291 2292
4592 2 2 6 201 2087 2086 2223
4593 2 2 6 201 2085 2082 2812
4594 2 2 6 201 1546 1548 2321
4595 2 2 6 201 275 276 1534
4596 2 2 6 201 343 1516 2706
4597 2 2 6 201 268 269 2741
4598 2 2 6 201 2264 2265 2894
4599 2 2 6 201 1749 1751 2756
4600 2 2 6 201 278 279 2758
4601 2 2 6 201 1726 1729 2708
4602 2 2 6 201 273 274 1428
4603 2 2 6 201 2062 2394 2400
4604 2 2 6 201 1446 342 2706
4605 2 2 6 201 1547 1545 2243
4606 2 2 6 201 1677 1679 1680
4607 2 2 6 201 1500 1544 1545
4608 2 2 6 201 271 272 1535
4609 2 2 6 201 469 470 2853
4610 2 2 6 201 1500 1545 1546
4611 2 2 6 201 1671 1673 1674
4612 2 2 6 201 1617 1616 1618
4613 2 2 6 201 341 1446 2709
4614 2 2 6 201 2488 2046 2490
4615 2 2 6 201 2488 1464 2907
4616 2 2 6 201 255 256 2707
4617 2 2 6 201 269 270 1427
4618 2 2 6 201 274 275 2763
4619 2 2 6 201 2261 2260 2811
4620 2 2 6 201 1517 340 2709
4621 2 2 6 201 2045 1919 2046
4622 2 2 6 201 1719 1835 1931
4623 2 2 6 201 2458 2112 3170
4624 2 2 6 201 2187 2601 2989
4625 2 2 6 201 2473 2447 2474
4626 2 2 6 201 1609 1608 1610
4627 2 2 6 201 339 1517 2711
4628 2 2 6 201 2104 2153 2954
4629 2 2 6 201 1666 1669 1670
4630 2 2 6 201 1445 338 2711
4631 2 2 6 201 2691 1511 2767
4632 2 2 6 201 2196 2545 2949
4633 2 2 6 201 254 255 1425
4634 2 2 6 201 2255 2570 3118
4635 2 2 6 201 1702 1703 2771
4636 2 2 6 201 1760 1770 2745
4637 2 2 6 201 337 1445 2713
4638 2 2 6 201 2377 2375 2802
4639 2 2 6 201 2391 2393 2843
4640 2 2 6 201 3000 1646 3056
4641 2 2 6 201 1931 1932 2157
4642 2 2 6 201 2164 2165 2166
4643 2 2 6 201 2843 2393 2873
4644 2 2 6 201 1881 1822 2503
4645 2 2 6 201 1518 336 2713
4646 2 2 6 201 2375 2441 2802
4647 2 2 6 201 2071 2070 2770
4648 2 2 6 201 1882 1736 2790
4649 2 2 6 201 1706 1761 1911
4650 2 2 6 201 1918 1916 1919
4651 2 2 6 201 2131 2168 3075
4652 2 2 6 201 1931 1835 1932
4653 2 2 6 201 2079 2010 2746
4654 2 2 6 201 347 1515 2788
4655 2 2 6 201 1656 1658 1659
4656 2 2 6 201 335 1518 2714
4657 2 2 6 201 324 325 2801
4658 2 2 6 201 1950 2187 2753
4659 2 2 6 201 1603 1602 1604
4660 2 2 6 201 1660 1662 1663
4661 2 2 6 201 2312 2311 2876
4662 2 2 6 201 2414 2412 2783
4663 2 2 6 201 2702 1429 3153
4664 2 2 6 201 1444 334 2714
4665 2 2 6 201 1447 346 2788
4666 2 2 6 201 1674 1675 1834
4667 2 2 6 201 2092 2090 2282
4668 2 2 6 201 1452 490 2959
4669 2 2 6 201 2333 2757 3064
4670 2 2 6 201 2033 2034 2406
4671 2 2 6 201 1680 1681 2787
4672 2 2 6 201 1810 1809 1811
4673 2 2 6 201 2286 1969 2287
4674 2 2 6 201 1989 1987 2751
4675 2 2 6 201 1720 1722 2765
4676 2 2 6 201 1911 1912 2100
4677 2 2 6 201 1597 1596 1598
4678 2 2 6 201 1442 2428 3043
4679 2 2 6 201 510 511 2849
4680 2 2 6 201 1751 1755 2756
4681 2 2 6 201 1968 1939 1969
4682 2 2 6 201 1770 2064 2745
4683 2 2 6 201 1550 1552 1700
4684 2 2 6 201 1647 1649 1701
4685 2 2 6 201 2547 2428 2951
4686 2 2 6 201 1911 1761 1912
4687 2 2 6 201 1835 1720 2765
4688 2 2 6 201 1934 2150 2152
4689 2 2 6 201 2100 1912 2101
4690 2 2 6 201 1812 1811 1813
4691 2 2 6 201 1651 1654 1655
4692 2 2 6 201 2610 2043 2818
4693 2 2 6 201 2037 2138 2347
4694 2 2 6 201 1736 1738 2790
4695 2 2 6 201 2152 2163 2164
4696 2 2 6 201 329 1443 2715
4697 2 2 6 201 1643 1645 1646
4698 2 2 6 201 2891 1892 2918
4699 2 2 6 201 344 345 2807
4700 2 2 6 201 2217 2188 3027
4701 2 2 6 201 1663 1664 1714
4702 2 2 6 201 1700 1552 2795
4703 2 2 6 201 401 402 2855
4704 2 2 6 201 1520 328 2715
4705 2 2 6 201 2024 2025 2139
4706 2 2 6 201 1670 1671 2779
4707 2 2 6 201 1638 1640 1642
4708 2 2 6 201 1703 1706 2771
4709 2 2 6 201 332 333 2813
4710 2 2 6 201 1814 1813 1815
4711 2 2 6 201 1586 1585 1587
4712 2 2 6 201 2033 2406 2413
4713 2 2 6 201 327 1520 2717
4714 2 2 6 201 1674 1834 1896
4715 2 2 6 201 1993 2529 2739
4716 2 2 6 201 2963 1504 3106
4717 2 2 6 201 1509 2595 3164
4718 2 2 6 201 2745 2064 2808
4719 2 2 6 201 1937 1925 1939
4720 2 2 6 201 2189 1980 2744
4721 2 2 6 201 2153 2154 2796
4722 2 2 6 201 1442 326 2717
4723 2 2 6 201 1805 1802 2842
4724 2 2 6 201 2442 3048 3165
4725 2 2 6 201 2029 2140 2519
4726 2 2 6 201 1707 1709 2769
4727 2 2 6 201 2431 2522 2828
4728 2 2 6 201 2155 2480 2599
4729 2 2 6 201 2002 2487 3010
4730 2 2 6 201 1632 1634 1635
4731 2 2 6 201 2009 2533 2743
4732 2 2 6 201 345 1447 2807
4733 2 2 6 201 1681 1684 2787
4734 2 2 6 201 2413 2406 2942
4735 2 2 6 201 1980 2449 2744
4736 2 2 6 201 447 2591 2909
4737 2 2 6 201 2010 2563 2746
4738 2 2 6 201 2012 2009 2743
4739 2 2 6 201 2325 2079 2746
4740 2 2 6 201 1659 1660 2784
4741 2 2 6 201 1761 1707 2769
4742 2 2 6 201 2013 2015 2789
4743 2 2 6 201 2029 1957 2140
4744 2 2 6 201 1663 1714 1888
4745 2 2 6 201 1516 344 2807
4746 2 2 6 201 2353 2151 2354
4747 2 2 6 201 1896 1929 1967
4748 2 2 6 201 1987 2560 2751
4749 2 2 6 201 2737 2277 3031
4750 2 2 6 201 1478 446 2909
4751 2 2 6 201 1554 1556 1558
4752 2 2 6 201 321 1441 2719
4753 2 2 6 201 1995 1993 2739
4754 2 2 6 201 239 240 1542
4755 2 2 6 201 1738 1746 2790
4756 2 2 6 201 1626 1628 1629
4757 2 2 6 201 253 2320 2960
4758 2 2 6 201 2799 2517 2963
4759 2 2 6 201 2221 1989 2751
4760 2 2 6 201 1522 320 2719
4761 2 2 6 201 2408 2605 2875
4762 2 2 6 201 1546 1545 1547
4763 2 2 6 201 2054 1999 2732
4764 2 2 6 201 258 11 3020
4765 2 2 6 201 11 259 3020
4766 2 2 6 201 1986 1984 2727
4767 2 2 6 201 1620 1622 1623
4768 2 2 6 201 2593 2400 2991
4769 2 2 6 201 319 1522 2721
4770 2 2 6 201 1888 1898 1970
4771 2 2 6 201 1746 2760 2790
4772 2 2 6 201 2070 2420 2421
4773 2 2 6 201 1575 1574 1576
4774 2 2 6 201 1896 1834 1929
4775 2 2 6 201 1440 318 2721
4776 2 2 6 201 2160 2506 2948
4777 2 2 6 201 2541 2922 3115
4778 2 2 6 201 1722 1725 2765
4779 2 2 6 201 2108 2516 2901
4780 2 2 6 201 1967 1929 2033
4781 2 2 6 201 317 1440 2722
4782 2 2 6 201 2195 2071 2770
4783 2 2 6 201 1671 1674 2779
4784 2 2 6 201 2070 2068 2420
4785 2 2 6 201 2170 2123 2815
4786 2 2 6 201 2138 2148 2781
4787 2 2 6 201 2248 2761 2803
4788 2 2 6 201 2486 1533 2944
4789 2 2 6 201 1450 2695 2877
4790 2 2 6 201 2161 2160 2948
4791 2 2 6 201 1908 2467 3094
4792 2 2 6 201 1523 316 2722
4793 2 2 6 201 2083 2087 2867
4794 2 2 6 201 1824 1825 1826
4795 2 2 6 201 2363 2202 2869
4796 2 2 6 201 2180 2179 2759
4797 2 2 6 201 1614 1616 1617
4798 2 2 6 201 1635 1636 1743
4799 2 2 6 201 1464 2491 3161
4800 2 2 6 201 2515 1517 3026
4801 2 2 6 201 1944 2226 2965
4802 2 2 6 201 1822 1823 1824
4803 2 2 6 201 1463 2332 2773
4804 2 2 6 201 333 1444 2813
4805 2 2 6 201 1635 1743 2081
4806 2 2 6 201 2714 2642 3103
4807 2 2 6 201 2806 1943 2851
4808 2 2 6 201 2084 2085 2308
4809 2 2 6 201 506 1502 2953
4810 2 2 6 201 2185 2756 2806
4811 2 2 6 201 253 254 2320
4812 2 2 6 201 1888 1714 1898
4813 2 2 6 201 1519 332 2813
4814 2 2 6 201 1757 1943 2806
4815 2 2 6 201 1606 1608 1609
4816 2 2 6 201 1970 1898 2024
4817 2 2 6 201 1675 1677 2772
4818 2 2 6 201 2622 2035 2832
4819 2 2 6 201 325 1442 2801
4820 2 2 6 201 2504 2194 2949
4821 2 2 6 201 2199 2197 2417
4822 2 2 6 201 311 1525 2725
4823 2 2 6 201 1629 1694 2088
4824 2 2 6 201 465 2636 3175
4825 2 2 6 201 2416 415 3003
4826 2 2 6 201 1455 362 2847
4827 2 2 6 201 1438 310 2725
4828 2 2 6 201 243 244 1433
4829 2 2 6 201 1521 324 2801
4830 2 2 6 201 2469 2254 2976
4831 2 2 6 201 2511 2782 2990
4832 2 2 6 201 1629 1630 1694
4833 2 2 6 201 2179 2429 2759
4834 2 2 6 201 2385 2189 2744
4835 2 2 6 201 2255 2165 2570
4836 2 2 6 201 2081 2082 2083
4837 2 2 6 201 470 471 2890
4838 2 2 6 201 1617 1695 1915
4839 2 2 6 201 2519 2140 2520
4840 2 2 6 201 1623 1698 2212
4841 2 2 6 201 2270 2486 3068
4842 2 2 6 201 2045 2488 2489
4843 2 2 6 201 1709 1717 2769
4844 2 2 6 201 2151 1933 2778
4845 2 2 6 201 1600 1602 1603
4846 2 2 6 201 2083 2084 2086
4847 2 2 6 201 2823 2243 2824
4848 2 2 6 201 2680 2106 2901
4849 2 2 6 201 307 1526 2729
4850 2 2 6 201 1660 1663 2784
4851 2 2 6 201 1426 266 2724
4852 2 2 6 201 2585 2377 2802
4853 2 2 6 201 1437 306 2729
4854 2 2 6 201 1816 1815 1817
4855 2 2 6 201 1623 1624 1698
4856 2 2 6 201 2043 2133 2818
4857 2 2 6 201 1609 1692 2089
4858 2 2 6 201 1664 1666 2774
4859 2 2 6 201 2070 2421 2770
4860 2 2 6 201 305 1437 2731
4861 2 2 6 201 2128 2012 2743
4862 2 2 6 201 2129 2128 2845
4863 2 2 6 201 1594 1596 1597
4864 2 2 6 201 2223 2086 2227
4865 2 2 6 201 1527 304 2731
4866 2 2 6 201 2045 2046 2488
4867 2 2 6 201 1915 1916 1917
4868 2 2 6 201 2222 2221 2848
4869 2 2 6 201 1834 1675 2772
4870 2 2 6 201 2166 2165 2255
4871 2 2 6 201 2162 2895 3087
4872 2 2 6 201 1892 1735 2776
4873 2 2 6 201 1448 252 2960
4874 2 2 6 201 2519 2520 3127
4875 2 2 6 201 1565 1564 1566
4876 2 2 6 201 1735 1882 2776
4877 2 2 6 201 1603 1699 2229
4878 2 2 6 201 1706 1911 2771
4879 2 2 6 201 298 299 2830
4880 2 2 6 201 1617 1618 1695
4881 2 2 6 201 1917 1918 2038
4882 2 2 6 201 1597 1696 1924
4883 2 2 6 201 1918 1919 2045
4884 2 2 6 201 2164 2163 2165
4885 2 2 6 201 2768 2675 2792
4886 2 2 6 201 2537 2536 2988
4887 2 2 6 201 1968 2286 2431
4888 2 2 6 201 2089 2090 2091
4889 2 2 6 201 1515 2852 3099
4890 2 2 6 201 2358 2261 2811
4891 2 2 6 201 2366 1995 2739
4892 2 2 6 201 2091 2092 2093
4893 2 2 6 201 1587 1589 1592
4894 2 2 6 201 2796 1509 3164
4895 2 2 6 201 1924 1925 1926
4896 2 2 6 201 1609 1610 1692
4897 2 2 6 201 2340 2559 3065
4898 2 2 6 201 1582 1585 1586
4899 2 2 6 201 1714 1664 2774
4900 2 2 6 201 1755 1757 2806
4901 2 2 6 201 2081 1743 2082
4902 2 2 6 201 2487 2192 2903
4903 2 2 6 201 2670 1653 3157
4904 2 2 6 201 2092 2282 2283
4905 2 2 6 201 1932 2062 2777
4906 2 2 6 201 2015 2211 2789
4907 2 2 6 201 349 1449 2852
4908 2 2 6 201 2538 2537 3120
4909 2 2 6 201 297 1435 2735
4910 2 2 6 201 351 1514 2854
4911 2 2 6 201 1955 1894 2808
4912 2 2 6 201 1559 1557 1560
4913 2 2 6 201 267 1524 2724
4914 2 2 6 201 1926 1937 1938
4915 2 2 6 201 1529 296 2735
4916 2 2 6 201 2145 2588 3042
4917 2 2 6 201 2434 2354 2510
4918 2 2 6 201 2157 1932 2777
4919 2 2 6 201 1538 2531 2864
4920 2 2 6 201 2271 2054 2732
4921 2 2 6 201 2761 2683 2803
4922 2 2 6 201 2062 2400 2777
4923 2 2 6 201 295 1529 2737
4924 2 2 6 201 2083 2082 2084
4925 2 2 6 201 475 476 2905
4926 2 2 6 201 1559 1697 1711
4927 2 2 6 201 1434 294 2737
4928 2 2 6 201 2215 1986 2727
4929 2 2 6 201 251 252 1448
4930 2 2 6 201 1515 348 2852
4931 2 2 6 201 293 1434 2740
4932 2 2 6 201 1711 1712 1713
4933 2 2 6 201 1499 389 2887
4934 2 2 6 201 1449 350 2854
4935 2 2 6 201 1882 2790 2856
4936 2 2 6 201 474 475 2907
4937 2 2 6 201 1576 1578 1641
4938 2 2 6 201 1818 1817 1819
4939 2 2 6 201 1603 1604 1699
4940 2 2 6 201 1960 1895 2134
4941 2 2 6 201 2742 1427 3075
4942 2 2 6 201 2064 2075 2808
4943 2 2 6 201 1530 292 2740
4944 2 2 6 201 2599 1700 2795
4945 2 2 6 201 1968 1969 2286
4946 2 2 6 201 246 247 1463
4947 2 2 6 201 499 500 2871
4948 2 2 6 201 2167 2134 2273
4949 2 2 6 201 291 1530 2747
4950 2 2 6 201 2756 1755 2806
4951 2 2 6 201 240 241 2342
4952 2 2 6 201 2240 2348 3058
4953 2 2 6 201 1432 290 2747
4954 2 2 6 201 10 249 1474
4955 2 2 6 201 1694 2794 2867
4956 2 2 6 201 2185 2806 2851
4957 2 2 6 201 289 1432 2748
4958 2 2 6 201 1833 1895 1945
4959 2 2 6 201 2212 1698 2213
4960 2 2 6 201 1597 1598 1696
4961 2 2 6 201 1915 1695 1916
4962 2 2 6 201 1457 2548 2969
4963 2 2 6 201 1531 288 2748
4964 2 2 6 201 1937 1939 1968
4965 2 2 6 201 2466 2464 3097
4966 2 2 6 201 1677 1680 2772
4967 2 2 6 201 2123 2122 2815
4968 2 2 6 201 287 1531 2749
4969 2 2 6 201 1572 1574 1575
4970 2 2 6 201 1636 1638 2791
4971 2 2 6 201 1741 1712 1752
4972 2 2 6 201 1431 286 2749
4973 2 2 6 201 1524 268 2741
4974 2 2 6 201 1674 1896 2779
4975 2 2 6 201 2117 2115 2119
4976 2 2 6 201 250 251 2328
4977 2 2 6 201 1917 1916 1918
4978 2 2 6 201 492 1451 3078
4979 2 2 6 201 1801 1972 2078
4980 2 2 6 201 2046 1919 2926
4981 2 2 6 201 242 243 2322
4982 2 2 6 201 2581 1522 2974
4983 2 2 6 201 283 1532 2752
4984 2 2 6 201 1444 2714 3103
4985 2 2 6 201 2179 2228 2429
4986 2 2 6 201 1713 1741 1797
4987 2 2 6 201 2738 1776 2816
4988 2 2 6 201 1844 1847 2873
4989 2 2 6 201 1556 1555 1557
4990 2 2 6 201 1430 282 2752
4991 2 2 6 201 1960 2167 2254
4992 2 2 6 201 2430 2386 2972
4993 2 2 6 201 2089 1692 2090
4994 2 2 6 201 1566 1568 1583
4995 2 2 6 201 1630 1632 2794
4996 2 2 6 201 241 242 1495
4997 2 2 6 201 1908 1549 2823
4998 2 2 6 201 2162 1967 2785
4999 2 2 6 201 2122 2120 2799
5000 2 2 6 201 2149 2151 2353
5001 2 2 6 201 2163 2150 2310
5002 2 2 6 201 279 1533 2758
5003 2 2 6 201 2091 2090 2092
5004 2 2 6 201 1429 278 2758
5005 2 2 6 201 1712 1697 2819
5006 2 2 6 201 2501 2161 3032
5007 2 2 6 201 2152 2150 2163
5008 2 2 6 201 302 303 2844
5009 2 2 6 201 1666 1670 2774
5010 2 2 6 201 2059 2765 2825
5011 2 2 6 201 2229 1699 2230
5012 2 2 6 201 248 10 2334
5013 2 2 6 201 2035 2037 2832
5014 2 2 6 201 2068 1970 2786
5015 2 2 6 201 2252 2253 2915
5016 2 2 6 201 2172 2170 2257
5017 2 2 6 201 1624 1626 2797
5018 2 2 6 201 456 457 2920
5019 2 2 6 201 275 1534 2763
5020 2 2 6 201 269 1427 2741
5021 2 2 6 201 2328 2329 2330
5022 2 2 6 201 1655 2504 2938
5023 2 2 6 201 249 250 2364
5024 2 2 6 201 1428 274 2763
5025 2 2 6 201 2033 2413 2785
5026 2 2 6 201 1924 1696 1925
5027 2 2 6 201 2133 2292 2818
5028 2 2 6 201 1702 2697 2868
5029 2 2 6 201 1926 1925 1937
5030 2 2 6 201 2347 2138 2781
5031 2 2 6 201 1501 233 2969
5032 2 2 6 201 2154 2718 2837
5033 2 2 6 201 1743 1636 2791
5034 2 2 6 201 1663 1888 2784
5035 2 2 6 201 299 1528 2830
5036 2 2 6 201 2305 2302 3046
5037 2 2 6 201 1546 1547 1548
5038 2 2 6 201 2204 1972 2206
5039 2 2 6 201 1618 1620 2798
5040 2 2 6 201 1828 1826 1830
5041 2 2 6 201 1435 298 2830
5042 2 2 6 201 2796 2154 2904
5043 2 2 6 201 1562 1564 1565
5044 2 2 6 201 1822 1820 1823
5045 2 2 6 201 383 384 2906
5046 2 2 6 201 2235 2135 2919
5047 2 2 6 201 1967 2033 2785
5048 2 2 6 201 2077 2738 2816
5049 2 2 6 201 2343 2342 2344
5050 2 2 6 201 1825 1823 1933
5051 2 2 6 201 2275 2180 2759
5052 2 2 6 201 2267 2266 2879
5053 2 2 6 201 1612 1614 2800
5054 2 2 6 201 1694 1630 2794
5055 2 2 6 201 1955 2808 2836
5056 2 2 6 201 2179 2176 2228
5057 2 2 6 201 2082 1743 2812
5058 2 2 6 201 1833 1831 1895
5059 2 2 6 201 2167 2273 2327
5060 2 2 6 201 2078 2204 2205
5061 2 2 6 201 2257 2170 2815
5062 2 2 6 201 303 1527 2844
5063 2 2 6 201 1719 1931 2833
5064 2 2 6 201 2148 2525 2835
5065 2 2 6 201 2335 1474 2336
5066 2 2 6 201 1530 2740 2764
5067 2 2 6 201 1578 1580 2809
5068 2 2 6 201 1436 302 2844
5069 2 2 6 201 1970 2024 2786
5070 2 2 6 201 2690 1729 2891
5071 2 2 6 201 362 363 2847
5072 2 2 6 201 1826 1825 2829
5073 2 2 6 201 2673 2292 2892
5074 2 2 6 201 1554 1553 1555
5075 2 2 6 201 1725 2708 2825
5076 2 2 6 201 2733 1484 2996
5077 2 2 6 201 2376 2378 2840
5078 2 2 6 201 2723 2769 2833
5079 2 2 6 201 2580 2748 2919
5080 2 2 6 201 2808 2075 2836
5081 2 2 6 201 1698 1624 2797
5082 2 2 6 201 1604 1606 2804
5083 2 2 6 201 2426 2316 3013
5084 2 2 6 201 2294 2663 3131
5085 2 2 6 201 1659 2634 2884
5086 2 2 6 201 2298 2644 3103
5087 2 2 6 201 1824 1823 1825
5088 2 2 6 201 455 456 2942
5089 2 2 6 201 2655 2696 3049
5090 2 2 6 201 1598 1600 2805
5091 2 2 6 201 1934 1933 2149
5092 2 2 6 201 348 349 2852
5093 2 2 6 201 1960 2134 2167
5094 2 2 6 201 412 413 2838
5095 2 2 6 201 2094 2245 2897
5096 2 2 6 201 2765 1725 2825
5097 2 2 6 201 1743 2791 2812
5098 2 2 6 201 1695 1618 2798
5099 2 2 6 201 1934 2149 2150
5100 2 2 6 201 1465 469 2853
5101 2 2 6 201 1638 1642 2791
5102 2 2 6 201 444 2593 2991
5103 2 2 6 201 1969 1939 2941
5104 2 2 6 201 1945 1895 1960
5105 2 2 6 201 1689 1702 2868
5106 2 2 6 201 331 1519 2870
5107 2 2 6 201 2416 2096 2897
5108 2 2 6 201 511 1538 2849
5109 2 2 6 201 1711 1697 1712
5110 2 2 6 201 1552 1551 1553
5111 2 2 6 201 473 1464 3161
5112 2 2 6 201 496 497 3152
5113 2 2 6 201 1433 244 2323
5114 2 2 6 201 2589 2145 3067
5115 2 2 6 201 2420 2068 2786
5116 2 2 6 201 1480 443 2991
5117 2 2 6 201 2807 1447 3084
5118 2 2 6 201 1591 1594 2810
5119 2 2 6 201 350 351 2854
5120 2 2 6 201 1507 472 3161
5121 2 2 6 201 1905 1805 2842
5122 2 2 6 201 1548 1547 1549
5123 2 2 6 201 2038 2820 2821
5124 2 2 6 201 1825 1933 1934
5125 2 2 6 201 2741 1427 2742
5126 2 2 6 201 2608 2607 3007
5127 2 2 6 201 1443 330 2870
5128 2 2 6 201 1632 1635 2794
5129 2 2 6 201 2597 2598 2893
5130 2 2 6 201 2794 2081 2867
5131 2 2 6 201 2790 2760 2856
5132 2 2 6 201 1729 1730 2891
5133 2 2 6 201 1554 1558 2795
5134 2 2 6 201 2126 2127 2859
5135 2 2 6 201 2587 453 3063
5136 2 2 6 201 2205 2309 2445
5137 2 2 6 201 1516 2807 3091
5138 2 2 6 201 1820 1819 2778
5139 2 2 6 201 2318 2262 3147
5140 2 2 6 201 2399 2397 2918
5141 2 2 6 201 1865 2686 2910
5142 2 2 6 201 1556 1557 1559
5143 2 2 6 201 1467 464 3175
5144 2 2 6 201 2361 2125 2965
5145 2 2 6 201 1934 2152 2829
5146 2 2 6 201 2792 2391 2843
5147 2 2 6 201 2570 1502 3085
5148 2 2 6 201 2252 2915 2956
5149 2 2 6 201 1752 1712 2819
5150 2 2 6 201 2583 264 3133
5151 2 2 6 201 353 1450 2899
5152 2 2 6 201 1550 1549 1551
5153 2 2 6 201 2685 1963 2914
5154 2 2 6 201 1559 1560 1697
5155 2 2 6 201 1699 1604 2804
5156 2 2 6 201 2718 1843 2837
5157 2 2 6 201 1801 1799 1972
5158 2 2 6 201 1501 2969 3062
5159 2 2 6 201 1713 1712 1741
5160 2 2 6 201 1512 2641 2956
5161 2 2 6 201 1626 1629 2797
5162 2 2 6 201 2075 2733 2836
5163 2 2 6 201 1552 1554 2795
5164 2 2 6 201 1463 247 2331
5165 2 2 6 201 1547 2243 2823
5166 2 2 6 201 2276 2952 3129
5167 2 2 6 201 1438 2725 3098
5168 2 2 6 201 1635 2081 2794
5169 2 2 6 201 1797 1741 1922
5170 2 2 6 201 1514 352 2899
5171 2 2 6 201 2159 1955 2836
5172 2 2 6 201 2353 2354 2434
5173 2 2 6 201 2769 1717 2833
5174 2 2 6 201 1802 1801 2842
5175 2 2 6 201 1458 2516 3174
5176 2 2 6 201 1696 1598 2805
5177 2 2 6 201 9 239 3041
5178 2 2 6 201 238 9 3041
5179 2 2 6 201 1620 1623 2798
5180 2 2 6 201 2335 2337 2757
5181 2 2 6 201 402 1539 2855
5182 2 2 6 201 390 391 2857
5183 2 2 6 201 2279 2129 2845
5184 2 2 6 201 2037 2347 2832
5185 2 2 6 201 1717 1719 2833
5186 2 2 6 201 2933 2280 3017
5187 2 2 6 201 1629 2088 2797
5188 2 2 6 201 2289 2702 3153
5189 2 2 6 201 2638 2284 2962
5190 2 2 6 201 2690 2891 2918
5191 2 2 6 201 2227 2086 2814
5192 2 2 6 201 2693 2694 2876
5193 2 2 6 201 2292 2293 2892
5194 2 2 6 201 454 1472 3063
5195 2 2 6 201 1919 1916 2880
5196 2 2 6 201 2711 2515 2860
5197 2 2 6 201 2721 2581 3104
5198 2 2 6 201 2152 2164 2834
5199 2 2 6 201 2393 2392 2904
5200 2 2 6 201 1554 1555 1556
5201 2 2 6 201 2757 2333 3166
5202 2 2 6 201 1847 2768 2843
5203 2 2 6 201 2086 2084 2814
5204 2 2 6 201 1614 1617 2800
5205 2 2 6 201 2266 2222 2848
5206 2 2 6 201 2833 1931 2886
5207 2 2 6 201 1623 2212 2798
5208 2 2 6 201 2078 1972 2204
5209 2 2 6 201 2186 2185 2851
5210 2 2 6 201 1506 2530 3030
5211 2 2 6 201 2234 2557 3091
5212 2 2 6 201 1461 2374 2983
5213 2 2 6 201 367 1459 2929
5214 2 2 6 201 1617 1915 2800
5215 2 2 6 201 2226 1881 2503
5216 2 2 6 201 2140 1957 2360
5217 2 2 6 201 1552 1553 1554
5218 2 2 6 201 1606 1609 2804
5219 2 2 6 201 1502 507 3085
5220 2 2 6 201 2516 2847 3174
5221 2 2 6 201 2816 2618 3135
5222 2 2 6 201 2192 2401 3028
5223 2 2 6 201 2447 1496 2871
5224 2 2 6 201 2555 2139 2895
5225 2 2 6 201 1609 2089 2804
5226 2 2 6 201 3161 2491 3177
5227 2 2 6 201 1533 2486 2945
5228 2 2 6 201 1780 1781 2931
5229 2 2 6 201 2607 2207 3044
5230 2 2 6 201 2084 2308 2814
5231 2 2 6 201 2045 2489 2820
5232 2 2 6 201 2430 1528 3123
5233 2 2 6 201 1823 1820 2778
5234 2 2 6 201 1550 1551 1552
5235 2 2 6 201 1457 2565 2817
5236 2 2 6 201 2438 2002 3066
5237 2 2 6 201 2810 2659 2881
5238 2 2 6 201 2762 2774 2866
5239 2 2 6 201 1548 1549 1550
5240 2 2 6 201 1558 1556 2831
5241 2 2 6 201 2821 1506 3030
5242 2 2 6 201 2800 2242 2872
5243 2 2 6 201 2287 1969 2846
5244 2 2 6 201 1600 1603 2805
5245 2 2 6 201 2943 2466 3097
5246 2 2 6 201 1559 1711 2831
5247 2 2 6 201 441 2594 3054
5248 2 2 6 201 2485 2896 2911
5249 2 2 6 201 2687 366 2929
5250 2 2 6 201 2819 1697 2827
5251 2 2 6 201 430 1484 3024
5252 2 2 6 201 1943 2158 2851
5253 2 2 6 201 1656 1659 2884
5254 2 2 6 201 1733 1892 2891
5255 2 2 6 201 2879 2670 3157
5256 2 2 6 201 1698 2797 2874
5257 2 2 6 201 1603 2229 2805
5258 2 2 6 201 2387 2452 2968
5259 2 2 6 201 1436 2430 3123
5260 2 2 6 201 1482 440 3054
5261 2 2 6 201 2576 418 3176
5262 2 2 6 201 1825 1934 2829
5263 2 2 6 201 2715 1443 2908
5264 2 2 6 201 2143 2100 2889
5265 2 2 6 201 1597 1924 2810
5266 2 2 6 201 2038 1918 2820
5267 2 2 6 201 2783 1684 2975
5268 2 2 6 201 1807 1805 1905
5269 2 2 6 201 2182 2816 3135
5270 2 2 6 201 416 1488 3003
5271 2 2 6 201 1560 1562 2827
5272 2 2 6 201 1594 1597 2810
5273 2 2 6 201 2565 2566 2817
5274 2 2 6 201 1695 2798 2880
5275 2 2 6 201 462 463 3023
5276 2 2 6 201 1830 1826 2829
5277 2 2 6 201 2120 2117 2826
5278 2 2 6 201 2852 2440 3099
5279 2 2 6 201 2653 1920 3055
5280 2 2 6 201 2355 2547 2951
5281 2 2 6 201 1939 1925 2888
5282 2 2 6 201 1641 1578 2809
5283 2 2 6 201 1921 2444 3064
5284 2 2 6 201 2486 2272 2945
5285 2 2 6 201 309 1438 2898
5286 2 2 6 201 1490 2645 3011
5287 2 2 6 201 2566 1510 2946
5288 2 2 6 201 1817 1815 1961
5289 2 2 6 201 1960 2254 2850
5290 2 2 6 201 2768 2792 2843
5291 2 2 6 201 1968 2431 2828
5292 2 2 6 201 2205 2204 2309
5293 2 2 6 201 2349 2515 3026
5294 2 2 6 201 1692 1610 2872
5295 2 2 6 201 1784 1923 2931
5296 2 2 6 201 1450 2877 3143
5297 2 2 6 201 1813 1811 1893
5298 2 2 6 201 2398 2594 2957
5299 2 2 6 201 2259 2350 3095
5300 2 2 6 201 1526 308 2898
5301 2 2 6 201 2443 2312 3113
5302 2 2 6 201 2642 2714 3046
5303 2 2 6 201 1918 2045 2820
5304 2 2 6 201 2722 1440 2894
5305 2 2 6 201 1496 499 2871
5306 2 2 6 201 2977 1523 3065
5307 2 2 6 201 1801 2078 2842
5308 2 2 6 201 1439 2558 3154
5309 2 2 6 201 2337 2336 2338
5310 2 2 6 201 1542 2415 3041
5311 2 2 6 201 2209 2661 3044
5312 2 2 6 201 1652 1553 3094
5313 2 2 6 201 2332 2331 2333
5314 2 2 6 201 1938 1937 2828
5315 2 2 6 201 330 331 2870
5316 2 2 6 201 1692 2872 2936
5317 2 2 6 201 2507 2687 2929
5318 2 2 6 201 2803 2683 2910
5319 2 2 6 201 3064 2444 3170
5320 2 2 6 201 2837 1843 2873
5321 2 2 6 201 2404 2807 3084
5322 2 2 6 201 2306 2571 3040
5323 2 2 6 201 390 2857 2887
5324 2 2 6 201 2280 2764 2913
5325 2 2 6 201 2723 2833 2886
5326 2 2 6 201 2701 2296 2958
5327 2 2 6 201 2047 2552 2877
5328 2 2 6 201 1549 1547 2823
5329 2 2 6 201 461 462 2916
5330 2 2 6 201 378 379 3018
5331 2 2 6 201 1963 1964 2995
5332 2 2 6 201 1699 2804 2885
5333 2 2 6 201 2615 2613 3135
5334 2 2 6 201 2760 2754 2856
5335 2 2 6 201 1810 2902 2981
5336 2 2 6 201 2450 1535 3125
5337 2 2 6 201 2775 1452 2863
5338 2 2 6 201 2002 3010 3066
5339 2 2 6 201 2774 1670 2866
5340 2 2 6 201 1933 1823 2778
5341 2 2 6 201 2641 2640 3036
5342 2 2 6 201 234 1457 2969
5343 2 2 6 201 377 378 3007
5344 2 2 6 201 2500 3064 3170
5345 2 2 6 201 1471 380 2998
5346 2 2 6 201 2512 1540 3061
5347 2 2 6 201 1428 2450 3125
5348 2 2 6 201 2278 2280 2913
5349 2 2 6 201 2502 1583 3074
5350 2 2 6 201 1528 2430 2972
5351 2 2 6 201 2058 2579 3009
5352 2 2 6 201 2117 2119 2826
5353 2 2 6 201 2134 1895 2839
5354 2 2 6 201 508 1543 3085
5355 2 2 6 201 2343 2344 2345
5356 2 2 6 201 1937 1968 2828
5357 2 2 6 201 2807 2404 3091
5358 2 2 6 201 2330 2329 2405
5359 2 2 6 201 1696 2805 2888
5360 2 2 6 201 2799 2120 2826
5361 2 2 6 201 2394 2395 2957
5362 2 2 6 201 2256 2236 3107
5363 2 2 6 201 1697 1560 2827
5364 2 2 6 201 2435 1983 3081
5365 2 2 6 201 375 2661 3008
5366 2 2 6 201 1957 1945 2850
5367 2 2 6 201 2797 2088 2874
5368 2 2 6 201 1688 1689 2868
5369 2 2 6 201 1670 2779 2866
5370 2 2 6 201 1799 1797 2841
5371 2 2 6 201 2099 2056 3009
5372 2 2 6 201 2965 2226 3071
5373 2 2 6 201 2282 2090 2936
5374 2 2 6 201 2211 2017 3019
5375 2 2 6 201 2508 2181 2955
5376 2 2 6 201 2574 1441 3162
5377 2 2 6 201 2772 1680 2875
5378 2 2 6 201 418 419 3176
5379 2 2 6 201 1521 2574 3162
5380 2 2 6 201 1445 2711 2860
5381 2 2 6 201 2276 2200 2952
5382 2 2 6 201 2393 2837 2873
5383 2 2 6 201 2148 2835 2882
5384 2 2 6 201 2060 2104 3002
5385 2 2 6 201 1831 1828 2839
5386 2 2 6 201 2798 2212 2880
5387 2 2 6 201 1843 1844 2873
5388 2 2 6 201 2310 2150 2883
5389 2 2 6 201 1426 2724 2865
5390 2 2 6 201 1469 2555 2895
5391 2 2 6 201 1461 374 3008
5392 2 2 6 201 2206 1972 2841
5393 2 2 6 201 2099 2657 3049
5394 2 2 6 201 384 385 3142
5395 2 2 6 201 2598 2256 2906
5396 2 2 6 201 2908 1443 3136
5397 2 2 6 201 1945 1960 2850
5398 2 2 6 201 2605 2772 2875
5399 2 2 6 201 2559 1439 2977
5400 2 2 6 201 1592 1589 2881
5401 2 2 6 201 2005 2370 3059
5402 2 2 6 201 2779 2130 2866
5403 2 2 6 201 2296 2297 2958
5404 2 2 6 201 381 2766 2998
5405 2 2 6 201 1610 1612 2872
5406 2 2 6 201 2251 2313 3132
5407 2 2 6 201 2219 2581 2974
5408 2 2 6 201 1810 1812 2902
5409 2 2 6 201 2339 2340 3065
5410 2 2 6 201 2225 2361 2965
5411 2 2 6 201 1797 1922 2841
5412 2 2 6 201 2679 2300 3012
5413 2 2 6 201 509 13 3077
5414 2 2 6 201 13 510 3077
5415 2 2 6 201 400 14 3079
5416 2 2 6 201 14 401 3079
5417 2 2 6 201 1612 2800 2872
5418 2 2 6 201 471 1507 2890
5419 2 2 6 201 2467 1908 3097
5420 2 2 6 201 1576 1641 2896
5421 2 2 6 201 2081 2083 2867
5422 2 2 6 201 2973 2038 3029
5423 2 2 6 201 2489 2488 2907
5424 2 2 6 201 1562 1565 2827
5425 2 2 6 201 12 230 3061
5426 2 2 6 201 285 1431 2932
5427 2 2 6 201 2265 2339 2894
5428 2 2 6 201 2202 2276 2869
5429 2 2 6 201 1684 1685 2975
5430 2 2 6 201 2602 1483 3039
5431 2 2 6 201 2335 2336 2337
5432 2 2 6 201 1513 2693 2876
5433 2 2 6 201 271 1535 2928
5434 2 2 6 201 2124 2169 2939
5435 2 2 6 201 2558 1525 3154
5436 2 2 6 201 1545 1544 2987
5437 2 2 6 201 2145 2143 3067
5438 2 2 6 201 1463 2331 2332
5439 2 2 6 201 2766 2268 2998
5440 2 2 6 201 1589 1591 2881
5441 2 2 6 201 2105 2597 2893
5442 2 2 6 201 1532 284 2932
5443 2 2 6 201 2935 2283 3030
5444 2 2 6 201 389 390 2887
5445 2 2 6 201 1920 1871 3055
5446 2 2 6 201 2450 2315 2903
5447 2 2 6 201 2341 2267 2879
5448 2 2 6 201 2804 2089 2885
5449 2 2 6 201 371 372 3160
5450 2 2 6 201 1427 270 2928
5451 2 2 6 201 2332 2333 2500
5452 2 2 6 201 391 15 3083
5453 2 2 6 201 1556 1559 2831
5454 2 2 6 201 2474 2447 2871
5455 2 2 6 201 1895 1831 2839
5456 2 2 6 201 281 1430 2944
5457 2 2 6 201 1931 2157 2886
5458 2 2 6 201 1701 1649 2938
5459 2 2 6 201 2231 2519 3062
5460 2 2 6 201 2089 2091 2885
5461 2 2 6 201 2390 1488 3033
5462 2 2 6 201 2714 1518 3046
5463 2 2 6 201 2091 2093 3051
5464 2 2 6 201 2837 2393 2904
5465 2 2 6 201 2176 2174 2863
5466 2 2 6 201 1828 1830 2839
5467 2 2 6 201 315 1523 2977
5468 2 2 6 201 2285 3000 3056
5469 2 2 6 201 1466 461 2916
5470 2 2 6 201 2402 2840 3160
5471 2 2 6 201 1533 280 2944
5472 2 2 6 201 1591 2810 2881
5473 2 2 6 201 1786 1903 3006
5474 2 2 6 201 518 12 3061
5475 2 2 6 201 364 1458 3174
5476 2 2 6 201 15 392 3083
5477 2 2 6 201 2479 2527 3053
5478 2 2 6 201 2495 2235 3092
5479 2 2 6 201 2805 2229 2888
5480 2 2 6 201 1891 2443 3113
5481 2 2 6 201 2581 2264 3104
5482 2 2 6 201 308 309 2898
5483 2 2 6 201 1680 2787 2875
5484 2 2 6 201 2541 2539 2922
5485 2 2 6 201 2228 2176 2863
5486 2 2 6 201 1651 1655 2938
5487 2 2 6 201 2149 2353 2883
5488 2 2 6 201 1439 314 2977
5489 2 2 6 201 1429 2702 3034
5490 2 2 6 201 2346 1952 3069
5491 2 2 6 201 2796 2904 2947
5492 2 2 6 201 2956 2641 2995
5493 2 2 6 201 264 265 3133
5494 2 2 6 201 1655 1656 2884
5495 2 2 6 201 1972 1799 2841
5496 2 2 6 201 2618 2816 3060
5497 2 2 6 201 2948 2506 3172
5498 2 2 6 201 2861 2475 3122
5499 2 2 6 201 1482 2535 3035
5500 2 2 6 201 2360 1957 2850
5501 2 2 6 201 1470 263 3102
5502 2 2 6 201 2436 1998 3096
5503 2 2 6 201 1777 1780 3060
5504 2 2 6 201 2135 2580 2919
5505 2 2 6 201 439 1482 3035
5506 2 2 6 201 2886 2157 2912
5507 2 2 6 201 352 353 2899
5508 2 2 6 201 2300 2301 3012
5509 2 2 6 201 1917 2038 2973
5510 2 2 6 201 2329 2728 3089
5511 2 2 6 201 2146 2145 3042
5512 2 2 6 201 2303 2306 3040
5513 2 2 6 201 2742 2168 3169
5514 2 2 6 201 1811 1809 2858
5515 2 2 6 201 2008 2498 3076
5516 2 2 6 201 2106 2108 2901
5517 2 2 6 201 476 1506 2905
5518 2 2 6 201 2754 2755 3072
5519 2 2 6 201 2781 2148 2882
5520 2 2 6 201 1483 2600 3047
5521 2 2 6 201 1647 1701 2980
5522 2 2 6 201 2100 2101 2889
5523 2 2 6 201 2150 2149 2883
5524 2 2 6 201 2213 1698 2874
5525 2 2 6 201 1540 518 3061
5526 2 2 6 201 2290 2132 2908
5527 2 2 6 201 1464 474 2907
5528 2 2 6 201 2428 2203 3043
5529 2 2 6 201 2767 1511 3001
5530 2 2 6 201 1730 1733 2891
5531 2 2 6 201 1916 1695 2880
5532 2 2 6 201 2096 2094 2897
5533 2 2 6 201 2694 1453 3014
5534 2 2 6 201 1809 1807 2862
5535 2 2 6 201 2103 2723 2886
5536 2 2 6 201 2183 2184 2923
5537 2 2 6 201 2783 2975 3114
5538 2 2 6 201 1903 2726 3002
5539 2 2 6 201 2691 2767 3014
5540 2 2 6 201 2433 1992 3017
5541 2 2 6 201 2103 2886 2912
5542 2 2 6 201 2762 2866 2937
5543 2 2 6 201 3029 2821 3030
5544 2 2 6 201 2831 2457 3116
5545 2 2 6 201 1459 2948 3172
5546 2 2 6 201 2417 2197 2966
5547 2 2 6 201 1643 1646 3000
5548 2 2 6 201 1488 417 3033
5549 2 2 6 201 2293 2296 2892
5550 2 2 6 201 2613 1486 2955
5551 2 2 6 201 2508 429 3024
5552 2 2 6 201 2867 2087 2878
5553 2 2 6 201 1815 1813 2861
5554 2 2 6 201 2876 2311 3158
5555 2 2 6 201 323 1521 3162
5556 2 2 6 201 1502 2570 3037
5557 2 2 6 201 2273 2134 2986
5558 2 2 6 201 1499 2887 3132
5559 2 2 6 201 2088 1694 2878
5560 2 2 6 201 2753 2187 2989
5561 2 2 6 201 2169 2171 2911
5562 2 2 6 201 2511 2990 3151
5563 2 2 6 201 373 1461 2983
5564 2 2 6 201 2764 2740 2913
5565 2 2 6 201 2230 1699 2885
5566 2 2 6 201 2158 2159 3039
5567 2 2 6 201 2713 1445 2978
5568 2 2 6 201 2195 2770 2966
5569 2 2 6 201 1473 383 2906
5570 2 2 6 201 313 1439 3154
5571 2 2 6 201 2316 2219 2974
5572 2 2 6 201 1541 2633 2915
5573 2 2 6 201 1441 322 3162
5574 2 2 6 201 2187 2186 3047
5575 2 2 6 201 2872 2242 2936
5576 2 2 6 201 457 1469 2920
5577 2 2 6 201 3059 2370 3145
5578 2 2 6 201 1575 1576 2896
5579 2 2 6 201 277 1429 3034
5580 2 2 6 201 446 447 2909
5581 2 2 6 201 1925 1696 2888
5582 2 2 6 201 2686 1920 3110
5583 2 2 6 201 2244 2113 2921
5584 2 2 6 201 2683 1865 2910
5585 2 2 6 201 2866 2130 2937
5586 2 2 6 201 2438 3066 3134
5587 2 2 6 201 2893 2598 3142
5588 2 2 6 201 3015 1505 3117
5589 2 2 6 201 1920 2700 3110
5590 2 2 6 201 2537 2988 3072
5591 2 2 6 201 2281 2685 2914
5592 2 2 6 201 301 1436 3123
5593 2 2 6 201 1525 312 3154
5594 2 2 6 201 2840 1460 3160
5595 2 2 6 201 2782 1819 2990
5596 2 2 6 201 1534 276 3034
5597 2 2 6 201 2570 2165 3037
5598 2 2 6 201 1922 2964 3115
5599 2 2 6 201 2767 2424 3014
5600 2 2 6 201 1551 1908 3094
5601 2 2 6 201 2758 2483 3153
5602 2 2 6 201 1528 300 3123
5603 2 2 6 201 2130 2162 2937
5604 2 2 6 201 2217 3027 3163
5605 2 2 6 201 2627 2630 3006
5606 2 2 6 201 2139 2025 3087
5607 2 2 6 201 2632 2313 2962
5608 2 2 6 201 270 271 2928
5609 2 2 6 201 1487 2629 2954
5610 2 2 6 201 2119 2115 2971
5611 2 2 6 201 1893 1811 2858
5612 2 2 6 201 2114 2116 2934
5613 2 2 6 201 2975 2578 3114
5614 2 2 6 201 2969 2548 3062
5615 2 2 6 201 2536 2776 2988
5616 2 2 6 201 2816 1776 3060
5617 2 2 6 201 2844 1527 3027
5618 2 2 6 201 2024 2139 3022
5619 2 2 6 201 2191 3052 3114
5620 2 2 6 201 2500 2333 3064
5621 2 2 6 201 273 1428 3125
5622 2 2 6 201 2776 1882 2988
5623 2 2 6 201 2704 2099 3049
5624 2 2 6 201 2147 2137 2940
5625 2 2 6 201 2494 2495 2933
5626 2 2 6 201 1807 1905 2862
5627 2 2 6 201 2952 1508 3129
5628 2 2 6 201 2587 2411 3167
5629 2 2 6 201 1475 2544 3042
5630 2 2 6 201 2834 2164 3090
5631 2 2 6 201 2877 2552 3143
5632 2 2 6 201 2122 2799 2963
5633 2 2 6 201 2111 2125 3146
5634 2 2 6 201 1961 1815 2861
5635 2 2 6 201 2233 2103 2912
5636 2 2 6 201 2731 1437 2900
5637 2 2 6 201 1484 2603 2996
5638 2 2 6 201 1813 1893 2861
5639 2 2 6 201 284 285 2932
5640 2 2 6 201 366 367 2929
5641 2 2 6 201 2329 1448 3178
5642 2 2 6 201 2436 3096 3138
5643 2 2 6 201 1535 272 3125
5644 2 2 6 201 2167 2327 2976
5645 2 2 6 201 1582 1586 2999
5646 2 2 6 201 1919 2880 2926
5647 2 2 6 201 2399 2918 2927
5648 2 2 6 201 2154 2837 2904
5649 2 2 6 201 2911 1641 2939
5650 2 2 6 201 2405 2329 3089
5651 2 2 6 201 2915 2633 2956
5652 2 2 6 201 2421 2420 2916
5653 2 2 6 201 2199 2636 2952
5654 2 2 6 201 1586 1587 3109
5655 2 2 6 201 2140 2360 3016
5656 2 2 6 201 1472 455 2942
5657 2 2 6 201 1575 2736 3082
5658 2 2 6 201 2437 2008 3119
5659 2 2 6 201 2435 3081 3144
5660 2 2 6 201 1694 2867 2878
5661 2 2 6 201 1566 1583 3038
5662 2 2 6 201 2997 2272 3081
5663 2 2 6 201 1448 2960 3178
5664 2 2 6 201 2809 1580 2999
5665 2 2 6 201 2847 363 3174
5666 2 2 6 201 2865 2724 2921
5667 2 2 6 201 2008 3076 3119
5668 2 2 6 201 2317 2126 2992
5669 2 2 6 201 2397 2690 2918
5670 2 2 6 201 1938 2828 2971
5671 2 2 6 201 2852 1449 3147
5672 2 2 6 201 1998 2479 3053
5673 2 2 6 201 2914 2641 3036
5674 2 2 6 201 2571 2306 2979
5675 2 2 6 201 1808 1810 2981
5676 2 2 6 201 233 234 2969
5677 2 2 6 201 280 281 2944
5678 2 2 6 201 2368 2369 3070
5679 2 2 6 201 1781 1784 2931
5680 2 2 6 201 2125 1944 2965
5681 2 2 6 201 1481 2755 2989
5682 2 2 6 201 2595 2954 3164
5683 2 2 6 201 2897 2245 3111
5684 2 2 6 201 2661 1468 3044
5685 2 2 6 201 2162 2785 3130
5686 2 2 6 201 2740 1434 2913
5687 2 2 6 201 1922 1741 2964
5688 2 2 6 201 3052 2414 3114
5689 2 2 6 201 1939 2888 2941
5690 2 2 6 201 2896 1641 2911
5691 2 2 6 201 2283 3029 3030
5692 2 2 6 201 2313 2638 2962
5693 2 2 6 201 2224 2223 2925
5694 2 2 6 201 372 373 2983
5695 2 2 6 201 2456 2496 2985
5696 2 2 6 201 2194 2196 2949
5697 2 2 6 201 2895 2139 3087
5698 2 2 6 201 2290 2908 3136
5699 2 2 6 201 2288 2274 2993
5700 2 2 6 201 1752 2993 3025
5701 2 2 6 201 2264 2894 3104
5702 2 2 6 201 2858 1809 2862
5703 2 2 6 201 1456 2592 2935
5704 2 2 6 201 2594 1480 2957
5705 2 2 6 201 2495 2764 2933
5706 2 2 6 201 2588 1475 3042
5707 2 2 6 201 2812 2791 2982
5708 2 2 6 201 2748 1432 2919
5709 2 2 6 201 2211 3019 3059
5710 2 2 6 201 1688 2578 2975
5711 2 2 6 201 1649 1651 2938
5712 2 2 6 201 2724 1524 2921
5713 2 2 6 201 2705 2608 3018
5714 2 2 6 201 2163 2310 3037
5715 2 2 6 201 1535 2450 3028
5716 2 2 6 201 2388 2416 3003
5717 2 2 6 201 2630 1923 3006
5718 2 2 6 201 2212 2213 2926
5719 2 2 6 201 2728 2329 3178
5720 2 2 6 201 1471 2705 3018
5721 2 2 6 201 1583 1568 3074
5722 2 2 6 201 2392 2576 2947
5723 2 2 6 201 264 2583 3102
5724 2 2 6 201 1572 1575 3082
5725 2 2 6 201 2689 2350 3001
5726 2 2 6 201 1460 2840 3032
5727 2 2 6 201 2223 2227 3088
5728 2 2 6 201 2559 2977 3065
5729 2 2 6 201 2500 2112 3093
5730 2 2 6 201 2599 2795 2985
5731 2 2 6 201 2880 2212 2926
5732 2 2 6 201 2092 2283 3124
5733 2 2 6 201 2665 2632 2962
5734 2 2 6 201 2282 2973 3029
5735 2 2 6 201 2636 1508 2952
5736 2 2 6 201 1441 2574 3013
5737 2 2 6 201 1509 2796 2947
5738 2 2 6 201 2601 1481 2989
5739 2 2 6 201 1819 1817 2990
5740 2 2 6 201 2311 2877 3158
5741 2 2 6 201 2112 2111 3093
5742 2 2 6 201 252 253 2960
5743 2 2 6 201 2741 2742 3050
5744 2 2 6 201 2633 1512 2956
5745 2 2 6 201 1459 2684 2948
5746 2 2 6 201 2538 438 3035
5747 2 2 6 201 1510 2415 2946
5748 2 2 6 201 2287 2846 3149
5749 2 2 6 201 2200 2199 2952
5750 2 2 6 201 505 506 2953
5751 2 2 6 201 1892 2776 2927
5752 2 2 6 201 2225 2965 3071
5753 2 2 6 201 2920 1469 3130
5754 2 2 6 201 2583 2465 2994
5755 2 2 6 201 2611 1470 2970
5756 2 2 6 201 1539 2579 2984
5757 2 2 6 201 2823 2824 2943
5758 2 2 6 201 2498 2499 3076
5759 2 2 6 201 1583 2502 3165
5760 2 2 6 201 2359 2508 3024
5761 2 2 6 201 2235 2919 3092
5762 2 2 6 201 2383 2844 3027
5763 2 2 6 201 2181 2182 2955
5764 2 2 6 201 2025 2762 2937
5765 2 2 6 201 1752 2819 2993
5766 2 2 6 201 2706 2557 3058
5767 2 2 6 201 490 491 2959
5768 2 2 6 201 1476 2893 3142
5769 2 2 6 201 2496 2599 2985
5770 2 2 6 201 2090 1692 2936
5771 2 2 6 201 2729 1526 3100
5772 2 2 6 201 2088 2878 2930
5773 2 2 6 201 2169 2911 2939
5774 2 2 6 201 2282 2936 2973
5775 2 2 6 201 2544 1475 3167
5776 2 2 6 201 2229 2230 2941
5777 2 2 6 201 1455 2847 3095
5778 2 2 6 201 2888 2229 2941
5779 2 2 6 201 2186 2851 2917
5780 2 2 6 201 2900 1437 2950
5781 2 2 6 201 2453 2809 2999
5782 2 2 6 201 3038 1583 3048
5783 2 2 6 201 2341 2879 3157
5784 2 2 6 201 2335 2757 3166
5785 2 2 6 201 2887 2253 3132
5786 2 2 6 201 2395 2398 2957
5787 2 2 6 201 2717 1520 2951
5788 2 2 6 201 2764 2280 2933
5789 2 2 6 201 2306 2305 2978
5790 2 2 6 201 1513 2876 3158
5791 2 2 6 201 1446 2706 3058
5792 2 2 6 201 314 315 2977
5793 2 2 6 201 2851 2158 2917
5794 2 2 6 201 2404 2234 3091
5795 2 2 6 201 2433 3017 3080
5796 2 2 6 201 2350 2351 3001
5797 2 2 6 201 2374 2402 2983
5798 2 2 6 201 2113 2865 2921
5799 2 2 6 201 2482 2483 2997
5800 2 2 6 201 2657 2655 3049
5801 2 2 6 201 418 2576 3033
5802 2 2 6 201 2440 2852 3147
5803 2 2 6 201 1437 2729 2950
5804 2 2 6 201 2297 2300 2958
5805 2 2 6 201 2203 2573 3043
5806 2 2 6 201 2959 491 3078
5807 2 2 6 201 1908 2823 2943
5808 2 2 6 201 2363 2812 2982
5809 2 2 6 201 2093 2592 3149
5810 2 2 6 201 2828 2522 2971
5811 2 2 6 201 2964 2543 3115
5812 2 2 6 201 2197 2195 2966
5813 2 2 6 201 2309 2204 3073
5814 2 2 6 201 2475 2572 3122
5815 2 2 6 201 1641 2809 2939
5816 2 2 6 201 2038 2821 3029
5817 2 2 6 201 2242 1917 2973
5818 2 2 6 201 2483 2289 3153
5819 2 2 6 201 2546 1465 3171
5820 2 2 6 201 1508 2546 3129
5821 2 2 6 201 1429 2758 3153
5822 2 2 6 201 2579 2371 2984
5823 2 2 6 201 2592 2093 3124
5824 2 2 6 201 2543 2541 3115
5825 2 2 6 201 2874 2088 2930
5826 2 2 6 201 443 444 2991
5827 2 2 6 201 2379 2381 3100
5828 2 2 6 201 1685 1688 2975
5829 2 2 6 201 380 381 2998
5830 2 2 6 201 2572 2511 3151
5831 2 2 6 201 1741 1752 2964
5832 2 2 6 201 2214 2288 3048
5833 2 2 6 201 2277 2278 3031
5834 2 2 6 201 2243 1545 2987
5835 2 2 6 201 2159 2836 2996
5836 2 2 6 201 2201 2285 3056
5837 2 2 6 201 1646 1647 2980
5838 2 2 6 201 2188 2383 3027
5839 2 2 6 201 1477 2589 3067
5840 2 2 6 201 2994 1470 3102
5841 2 2 6 201 2157 2777 2967
5842 2 2 6 201 1519 2813 3131
5843 2 2 6 201 2904 2392 2947
5844 2 2 6 201 2115 1938 2971
5845 2 2 6 201 1964 2252 2995
5846 2 2 6 201 2456 2985 3116
5847 2 2 6 201 2437 3119 3156
5848 2 2 6 201 1475 2587 3167
5849 2 2 6 201 2281 3036 3086
5850 2 2 6 201 2332 2500 3093
5851 2 2 6 201 1522 2719 2974
5852 2 2 6 201 2499 2317 3137
5853 2 2 6 201 415 416 3003
5854 2 2 6 201 2557 2240 3058
5855 2 2 6 201 2755 2753 2989
5856 2 2 6 201 2815 2122 2963
5857 2 2 6 201 463 1467 3023
5858 2 2 6 201 417 418 3033
5859 2 2 6 201 374 375 3008
5860 2 2 6 201 2755 1481 3120
5861 2 2 6 201 2227 2890 3088
5862 2 2 6 201 2869 2276 2924
5863 2 2 6 201 2348 2349 3026
5864 2 2 6 201 259 2596 3020
5865 2 2 6 201 2647 1490 3011
5866 2 2 6 201 1506 2821 3141
5867 2 2 6 201 2527 3004 3053
5868 2 2 6 201 2269 2270 3068
5869 2 2 6 201 2315 2216 3010
5870 2 2 6 201 1830 2834 2986
5871 2 2 6 201 1493 496 3152
5872 2 2 6 201 3062 2519 3127
5873 2 2 6 201 438 439 3035
5874 2 2 6 201 2254 2167 2976
5875 2 2 6 201 2134 2839 2986
5876 2 2 6 201 2056 2058 3009
5877 2 2 6 201 1489 2897 3111
5878 2 2 6 201 2819 2827 2961
5879 2 2 6 201 2401 2131 3075
5880 2 2 6 201 1511 2689 3001
5881 2 2 6 201 2252 2956 2995
5882 2 2 6 201 1899 2696 3055
5883 2 2 6 201 1468 377 3007
5884 2 2 6 201 1580 1582 2999
5885 2 2 6 201 2728 1976 3089
5886 2 2 6 201 1642 1643 3000
5887 2 2 6 201 2709 2348 3026
5888 2 2 6 201 2017 2244 3019
5889 2 2 6 201 2913 1434 3031
5890 2 2 6 201 2839 1830 2986
5891 2 2 6 201 2696 2653 3055
5892 2 2 6 201 2726 2060 3002
5893 2 2 6 201 2847 2258 3095
5894 2 2 6 201 2968 1586 3109
5895 2 2 6 201 1923 1786 3006
5896 2 2 6 201 2592 2528 3015
5897 2 2 6 201 379 1471 3018
5898 2 2 6 201 2502 2442 3165
5899 2 2 6 201 1445 2860 2978
5900 2 2 6 201 2912 2157 2967
5901 2 2 6 201 429 430 3024
5902 2 2 6 201 2491 2492 3177
5903 2 2 6 201 1478 2909 3126
5904 2 2 6 201 2302 2642 3046
5905 2 2 6 201 2791 1642 2982
5906 2 2 6 201 2924 2546 3171
5907 2 2 6 201 2415 238 3041
5908 2 2 6 201 2245 2247 3111
5909 2 2 6 201 2218 2281 3086
5910 2 2 6 201 2280 2279 3017
5911 2 2 6 201 2572 2475 3121
5912 2 2 6 201 2918 1892 2927
5913 2 2 6 201 2274 2275 3025
5914 2 2 6 201 2985 1558 3116
5915 2 2 6 201 2827 1565 2961
5916 2 2 6 201 1453 2691 3014
5917 2 2 6 201 2207 2209 3044
5918 2 2 6 201 239 1542 3041
5919 2 2 6 201 276 277 3034
5920 2 2 6 201 2640 1494 3036
5921 2 2 6 201 2731 2900 3163
5922 2 2 6 201 2487 2903 3010
5923 2 2 6 201 2735 1435 2992
5924 2 2 6 201 2813 2644 3131
5925 2 2 6 201 3010 2216 3066
5926 2 2 6 201 2921 1524 3050
5927 2 2 6 201 1905 2780 3140
5928 2 2 6 201 2301 2304 3012
5929 2 2 6 201 2243 2987 3112
5930 2 2 6 201 2263 2478 3098
5931 2 2 6 201 2982 1642 3000
5932 2 2 6 201 2218 3086 3128
5933 2 2 6 201 510 2849 3077
5934 2 2 6 201 2573 2801 3043
5935 2 2 6 201 2578 2191 3114
5936 2 2 6 201 2576 2390 3033
5937 2 2 6 201 2910 2686 3110
5938 2 2 6 201 401 2855 3079
5939 2 2 6 201 2894 1440 3104
5940 2 2 6 201 2877 2695 3158
5941 2 2 6 201 2283 2935 3124
5942 2 2 6 201 2457 2456 3116
5943 2 2 6 201 2903 2315 3010
5944 2 2 6 201 2166 2864 3148
5945 2 2 6 201 2309 3073 3152
5946 2 2 6 201 2820 2489 3141
5947 2 2 6 201 2919 1432 3092
5948 2 2 6 201 2669 1460 3032
5949 2 2 6 201 1817 1961 2990
5950 2 2 6 201 2855 1539 2984
5951 2 2 6 201 1882 2856 2988
5952 2 2 6 201 1653 2509 3157
5953 2 2 6 201 2680 2901 3139
5954 2 2 6 201 2936 2242 2973
5955 2 2 6 201 2111 2773 3093
5956 2 2 6 201 3036 1494 3086
5957 2 2 6 201 440 441 3054
5958 2 2 6 201 2642 2298 3103
5959 2 2 6 201 2168 2005 3059
5960 2 2 6 201 2474 2793 3121
5961 2 2 6 201 2993 2274 3025
5962 2 2 6 201 3076 2386 3119
5963 2 2 6 201 2854 1514 3101
5964 2 2 6 201 2795 1558 2985
5965 2 2 6 201 2535 2538 3035
5966 2 2 6 201 2464 2467 3097
5967 2 2 6 201 1471 2998 3168
5968 2 2 6 201 2836 2733 2996
5969 2 2 6 201 2925 3088 3177
5970 2 2 6 201 453 454 3063
5971 2 2 6 201 2644 2294 3131
5972 2 2 6 201 2448 2862 3140
5973 2 2 6 201 1871 1899 3055
5974 2 2 6 201 2730 2213 3173
5975 2 2 6 201 2304 2303 3040
5976 2 2 6 201 2663 2290 3136
5977 2 2 6 201 1517 2709 3026
5978 2 2 6 201 392 1541 3083
5979 2 2 6 201 491 492 3078
5980 2 2 6 201 2211 3059 3145
5981 2 2 6 201 2552 2553 3143
5982 2 2 6 201 2191 2544 3052
5983 2 2 6 201 2945 2272 2997
5984 2 2 6 201 2522 2523 3105
5985 2 2 6 201 2258 2259 3095
5986 2 2 6 201 2544 2146 3042
5987 2 2 6 201 2371 2218 3128
5988 2 2 6 201 1543 509 3077
5989 2 2 6 201 2931 1923 3155
5990 2 2 6 201 2278 2913 3031
5991 2 2 6 201 2846 2230 3051
5992 2 2 6 201 2262 2440 3147
5993 2 2 6 201 1776 1777 3060
5994 2 2 6 201 2283 2282 3029
5995 2 2 6 201 2674 400 3079
5996 2 2 6 201 2506 2507 3172
5997 2 2 6 201 507 508 3085
5998 2 2 6 201 2900 2217 3163
5999 2 2 6 201 2216 2215 3066
6000 2 2 6 201 2520 2140 3016
6001 2 2 6 201 1494 2668 3086
6002 2 2 6 201 2961 1565 3038
6003 2 2 6 201 2165 2163 3037
6004 2 2 6 201 2899 1450 3143
6005 2 2 6 201 2371 3128 3159
6006 2 2 6 201 1961 2861 3122
6007 2 2 6 201 2418 2318 3101
6008 2 2 6 201 3088 1507 3177
6009 2 2 6 201 1431 2749 3070
6010 2 2 6 201 2164 2166 3090
6011 2 2 6 201 2838 1489 3111
6012 2 2 6 201 1973 2225 3071
6013 2 2 6 201 2492 2730 3057
6014 2 2 6 201 2786 2024 3022
6015 2 2 6 201 2801 1442 3043
6016 2 2 6 201 1565 1566 3038
6017 2 2 6 201 2247 2838 3111
6018 2 2 6 201 2236 2238 3107
6019 2 2 6 201 2272 2271 3081
6020 2 2 6 201 1434 2737 3031
6021 2 2 6 201 3086 2668 3128
6022 2 2 6 201 2369 2367 3096
6023 2 2 6 201 2119 2971 3105
6024 2 2 6 201 2330 2405 3005
6025 2 2 6 201 2475 2474 3121
6026 2 2 6 201 2244 2921 3050
6027 2 2 6 201 2824 2243 3112
6028 2 2 6 201 2206 2841 3021
6029 2 2 6 201 2757 1921 3064
6030 2 2 6 201 2912 2967 3126
6031 2 2 6 201 263 264 3102
6032 2 2 6 201 2616 2617 3155
6033 2 2 6 201 2964 1752 3025
6034 2 2 6 201 2307 2728 3178
6035 2 2 6 201 2815 2963 3106
6036 2 2 6 201 2930 2224 3057
6037 2 2 6 201 3096 2367 3138
6038 2 2 6 201 1458 2687 3139
6039 2 2 6 201 2841 1922 3021
6040 2 2 6 201 472 473 3161
6041 2 2 6 201 2992 1435 3137
6042 2 2 6 201 2618 2615 3135
6043 2 2 6 201 2112 2500 3170
6044 2 2 6 201 2668 1536 3128
6045 2 2 6 201 464 465 3175
6046 2 2 6 201 2253 2251 3132
6047 2 2 6 201 2268 2459 3168
6048 2 2 6 201 2700 2649 3110
6049 2 2 6 201 419 1509 3176
6050 2 2 6 201 2360 2850 3045
6051 2 2 6 201 300 301 3123
6052 2 2 6 201 2327 2273 3148
6053 2 2 6 201 1998 3053 3096
6054 2 2 6 201 272 273 3125
6055 2 2 6 201 3017 2279 3080
6056 2 2 6 201 385 1476 3142
6057 2 2 6 201 3128 1536 3159
6058 2 2 6 201 2548 2231 3062
6059 2 2 6 201 2489 2905 3141
6060 2 2 6 201 2562 1501 3127
6061 2 2 6 201 1568 1570 3074
6062 2 2 6 201 1553 1551 3094
6063 2 2 6 201 1524 2741 3050
6064 2 2 6 201 2281 2914 3036
6065 2 2 6 201 1570 1572 3082
6066 2 2 6 201 2143 2889 3067
6067 2 2 6 201 1536 2674 3159
6068 2 2 6 201 230 2512 3061
6069 2 2 6 201 363 364 3174
6070 2 2 6 201 2386 2385 3119
6071 2 2 6 201 2850 2254 3045
6072 2 2 6 201 312 313 3154
6073 2 2 6 201 2773 2332 3093
6074 2 2 6 201 2929 1459 3172
6075 2 2 6 201 322 323 3162
6076 2 2 6 201 1443 2870 3136
6077 2 2 6 201 2849 1543 3077
6078 2 2 6 201 2367 2366 3138
6079 2 2 6 201 2855 2674 3079
6080 2 2 6 201 2318 2854 3101
6081 2 2 6 201 2546 2924 3129
6082 2 2 6 201 1460 371 3160
6083 2 2 6 201 3019 2168 3059
6084 2 2 6 201 2773 2111 3146
6085 2 2 6 201 3050 2742 3169
6086 2 2 6 201 2204 2206 3073
6087 2 2 6 201 265 1426 3133
6088 2 2 6 201 2961 2288 2993
6089 2 2 6 201 2288 2961 3038
6090 2 2 6 201 2338 2336 3150
6091 2 2 6 201 3074 1570 3082
6092 2 2 6 201 2499 2972 3076
6093 2 2 6 201 2317 2992 3137
6094 2 2 6 201 2324 2773 3146
6095 2 2 6 201 2922 2206 3021
6096 2 2 6 201 3066 2215 3134
6097 2 2 6 201 1440 2721 3104
6098 2 2 6 201 1432 2747 3092
6099 2 2 6 201 2286 2287 3117
6100 2 2 6 201 2230 2885 3051
6101 2 2 6 201 2279 2845 3080
6102 2 2 6 201 1587 1592 3109
6103 2 2 6 201 2967 1478 3126
6104 2 2 6 201 2695 1513 3158
6105 2 2 6 201 2905 1506 3141
6106 2 2 6 201 2988 2856 3072
6107 2 2 6 201 3081 2271 3144
6108 2 2 6 201 2885 2091 3051
6109 2 2 6 201 2483 2945 2997
6110 2 2 6 201 1541 2857 3083
6111 2 2 6 201 2288 3038 3048
6112 2 2 6 201 2414 2783 3114
6113 2 2 6 201 2819 2961 2993
6114 2 2 6 201 2874 2930 3173
6115 2 2 6 201 2093 2092 3124
6116 2 2 6 201 3052 2544 3167
6117 2 2 6 201 2215 2727 3134
6118 2 2 6 201 2411 3052 3167
6119 2 2 6 201 2857 391 3083
6120 2 2 6 201 3069 1952 3108
6121 2 2 6 201 2789 2211 3145
6122 2 2 6 201 2271 2732 3144
6123 2 2 6 201 2856 2754 3072
6124 2 2 6 201 3119 2385 3156
6125 2 2 6 201 2153 2796 3164
6126 2 2 6 201 2450 2903 3028
6127 2 2 6 201 2385 2744 3156
6128 2 2 6 201 1558 2831 3116
6129 2 2 6 201 1435 2830 3137
6130 2 2 6 201 2821 2820 3141
6131 2 2 6 201 2890 1507 3088
6132 2 2 6 201 2649 2910 3110
6133 2 2 6 201 1543 2849 3118
6134 2 2 6 201 2257 2815 3106
6135 2 2 6 201 2334 2335 3166
6136 2 2 6 201 2960 2307 3178
6137 2 2 6 201 1527 2731 3163
6138 2 2 6 201 2917 2158 3039
6139 2 2 6 201 2889 1477 3067
6140 2 2 6 201 2903 2192 3028
6141 2 2 6 201 2186 2917 3047
6142 2 2 6 201 2553 2899 3143
6143 2 2 6 201 3073 1493 3152
6144 2 2 6 201 2492 2925 3177
6145 2 2 6 201 3053 2369 3096
6146 2 2 6 201 2381 2950 3100
6147 2 2 6 201 2901 1458 3139
6148 2 2 6 201 1509 2947 3176
6149 2 2 6 201 2830 2499 3137
6150 2 2 6 201 2937 2162 3087
6151 2 2 6 201 2617 2931 3155
6152 2 2 6 201 2870 2663 3136
6153 2 2 6 201 2971 2522 3105
6154 2 2 6 201 3004 1431 3070
6155 2 2 6 201 2935 2592 3124
6156 2 2 6 201 2387 2968 3109
6157 2 2 6 201 2909 2233 3126
6158 2 2 6 201 2954 2153 3164
6159 2 2 6 201 1469 2895 3130
6160 2 2 6 201 2947 2576 3176
6161 2 2 6 201 2930 3057 3173
6162 2 2 6 201 2925 2223 3088
6163 2 2 6 201 1908 2943 3097
6164 2 2 6 201 1501 3062 3127
6165 2 2 6 201 1646 2980 3056
6166 2 2 6 201 2287 3015 3117
6167 2 2 6 201 2025 2937 3087
6168 2 2 6 201 2233 2912 3126
6169 2 2 6 201 2950 2729 3100
6170 2 2 6 201 2862 1905 3140
6171 2 2 6 201 2213 2874 3173
6172 2 2 6 201 2592 3015 3149
6173 2 2 6 201 2972 2386 3076
6174 2 2 6 201 3004 2369 3053
6175 2 2 6 201 3027 1527 3163
6176 2 2 6 201 2924 2276 3129
6177 2 2 6 201 2507 2929 3172
6178 2 2 6 201 2273 3090 3148
6179 2 2 6 201 2369 3004 3070
6180 2 2 6 201 2998 2268 3168
6181 2 2 6 201 2990 1961 3151
6182 2 2 6 201 2244 3050 3169
6183 2 2 6 201 2583 2994 3102
6184 2 2 6 201 2308 2924 3171
6185 2 2 6 201 2984 2371 3159
6186 2 2 6 201 3122 2572 3151
6187 2 2 6 201 2168 3019 3169
6188 2 2 6 201 3021 1922 3115
6189 2 2 6 201 2345 3069 3108
6190 2 2 6 201 2330 3005 3150
6191 2 2 6 201 3015 2287 3149
6192 2 2 6 201 3019 2244 3169
6193 2 2 6 201 3005 2338 3150
6194 2 2 6 201 3048 1583 3165
6195 2 2 6 201 1961 3122 3151
6196 2 2 6 201 3057 2730 3173
6197 2 2 6 201 3090 2166 3148
6198 2 2 6 301 3208 3365 3367
6199 2 2 6 301 3308 3189 3309
6200 2 2 6 301 3190 3308 3309
6201 2 2 6 301 3364 3363 3377
6202 2 2 6 301 3197 3346 3348
6203 2 2 6 301 3247 3240 3340
6204 2 2 6 301 3211 3314 3316
6205 2 2 6 301 3242 3247 3340
6206 2 2 6 301 3312 3311 3360
6207 2 2 6 301 3344 3209 3365
6208 2 2 6 301 3189 3311 3312
6209 2 2 6 301 3228 3231 3234
6210 2 2 6 301 51 3255 3256
6211 2 2 6 301 46 2 3237
6212 2 2 6 301 3221 3224 3336
6213 2 2 6 301 3319 3298 3320
6214 2 2 6 301 3201 456 3326
6215 2 2 6 301 457 3201 3328
6216 2 2 6 301 485 3208 3367
6217 2 2 6 301 3208 483 3370
6218 2 2 6 301 482 3207 3370
6219 2 2 6 301 3205 472 3334
6220 2 2 6 301 3207 479 3369
6221 2 2 6 301 3202 459 3328
6222 2 2 6 301 477 3206 3369
6223 2 2 6 301 461 3202 3331
6224 2 2 6 301 3204 467 3332
6225 2 2 6 301 470 3204 3334
6226 2 2 6 301 466 3203 3332
6227 2 2 6 301 3203 463 3331
6228 2 2 6 301 3210 492 3345
6229 2 2 6 301 3209 487 3367
6230 2 2 6 301 494 3210 3343
6231 2 2 6 301 490 3209 3345
6232 2 2 6 301 3191 408 3310
6233 2 2 6 301 3211 496 3343
6234 2 2 6 301 3199 448 3352
6235 2 2 6 301 413 3190 3309
6236 2 2 6 301 3190 412 3303
6237 2 2 6 301 450 3199 3323
6238 2 2 6 301 409 3191 3303
6239 2 2 6 301 454 3200 3326
6240 2 2 6 301 402 3241 3306
6241 2 2 6 301 3200 452 3323
6242 2 2 6 301 446 3198 3352
6243 2 2 6 301 442 3197 3353
6244 2 2 6 301 3198 444 3353
6245 2 2 6 301 3197 439 3347
6246 2 2 6 301 438 3196 3347
6247 2 2 6 301 3214 403 3306
6248 2 2 6 301 406 3214 3310
6249 2 2 6 301 3189 415 3309
6250 2 2 6 301 3196 435 3350
6251 2 2 6 301 417 3189 3312
6252 2 2 6 301 422 3192 3359
6253 2 2 6 301 434 3195 3350
6254 2 2 6 301 3192 420 3312
6255 2 2 6 301 426 3193 3362
6256 2 2 6 301 429 3194 3364
6257 2 2 6 301 3195 432 3364
6258 2 2 6 301 3194 427 3362
6259 2 2 6 301 3193 423 3359
6260 2 2 6 301 498 3211 3315
6261 2 2 6 301 3212 500 3315
6262 2 2 6 301 502 3212 3318
6263 2 2 6 301 3213 503 3318
6264 2 2 6 301 5 55 3273
6265 2 2 6 301 506 3213 3320
6266 2 2 6 301 3302 3190 3307
6267 2 2 6 301 3220 3217 3226
6268 2 2 6 301 14 3265 3267
6269 2 2 6 301 3198 3351 3352
6270 2 2 6 301 3299 508 3320
6271 2 2 6 301 3194 3363 3364
6272 2 2 6 301 3193 3361 3362
6273 2 2 6 301 3361 3194 3362
6274 2 2 6 301 474 473 3374
6275 2 2 6 301 3365 3208 3366
6276 2 2 6 301 3209 3344 3394
6277 2 2 6 301 3234 3231 3263
6278 2 2 6 301 55 3248 3273
6279 2 2 6 301 475 474 3375
6280 2 2 6 301 3201 3327 3328
6281 2 2 6 301 3214 3304 3310
6282 2 2 6 301 3304 3191 3310
6283 2 2 6 301 3245 51 3246
6284 2 2 6 301 3358 3193 3360
6285 2 2 6 301 3346 3347 3379
6286 2 2 6 301 3272 3262 3338
6287 2 2 6 301 3223 3257 3285
6288 2 2 6 301 3247 3233 3289
6289 2 2 6 301 3232 3266 3338
6290 2 2 6 301 3185 523 3216
6291 2 2 6 301 3373 3334 3382
6292 2 2 6 301 3220 3226 3249
6293 2 2 6 301 3254 3253 3271
6294 2 2 6 301 3230 3229 3289
6295 2 2 6 301 3260 3236 3337
6296 2 2 6 301 3196 3349 3379
6297 2 2 6 301 3366 3208 3370
6298 2 2 6 301 3207 3366 3370
6299 2 2 6 301 3299 3298 3354
6300 2 2 6 301 3243 3244 3268
6301 2 2 6 301 3228 3230 3231
6302 2 2 6 301 3204 3330 3382
6303 2 2 6 301 3219 3217 3220
6304 2 2 6 301 3197 3348 3353
6305 2 2 6 301 3348 3198 3353
6306 2 2 6 301 3231 3232 3338
6307 2 2 6 301 3216 523 3356
6308 2 2 6 301 3262 3263 3338
6309 2 2 6 301 3314 3211 3342
6310 2 2 6 301 3241 14 3341
6311 2 2 6 301 3200 3324 3326
6312 2 2 6 301 3324 3201 3326
6313 2 2 6 301 3218 3219 3291
6314 2 2 6 301 3277 3368 3372
6315 2 2 6 301 3226 3217 3391
6316 2 2 6 301 3240 3247 3248
6317 2 2 6 301 3253 3282 3283
6318 2 2 6 301 3363 3349 3377
6319 2 2 6 301 528 3186 3227
6320 2 2 6 301 522 523 3185
6321 2 2 6 301 524 525 3225
6322 2 2 6 301 3190 3302 3308
6323 2 2 6 301 528 529 3186
6324 2 2 6 301 3349 3350 3377
6325 2 2 6 301 526 527 3215
6326 2 2 6 301 3227 3228 3234
6327 2 2 6 301 3217 3216 3391
6328 2 2 6 301 3252 3260 3287
6329 2 2 6 301 3239 3238 3273
6330 2 2 6 301 527 528 3393
6331 2 2 6 301 3257 3270 3285
6332 2 2 6 301 3336 3224 3354
6333 2 2 6 301 3219 3222 3291
6334 2 2 6 301 14 3267 3341
6335 2 2 6 301 523 524 3356
6336 2 2 6 301 3316 3314 3317
6337 2 2 6 301 3233 3230 3289
6338 2 2 6 301 3252 48 3260
6339 2 2 6 301 3189 3308 3311
6340 2 2 6 301 528 3227 3393
6341 2 2 6 301 3236 3291 3337
6342 2 2 6 301 3236 3181 3291
6343 2 2 6 301 3368 3371 3372
6344 2 2 6 301 3193 3358 3361
6345 2 2 6 301 3330 3332 3383
6346 2 2 6 301 3248 55 3376
6347 2 2 6 301 3255 3254 3276
6348 2 2 6 301 3244 3245 3274
6349 2 2 6 301 3203 3331 3335
6350 2 2 6 301 3245 3246 3278
6351 2 2 6 301 3243 53 3244
6352 2 2 6 301 3191 3304 3307
6353 2 2 6 301 51 50 3255
6354 2 2 6 301 3198 3348 3351
6355 2 2 6 301 52 51 3245
6356 2 2 6 301 3194 3361 3363
6357 2 2 6 301 3227 3234 3357
6358 2 2 6 301 49 3253 3254
6359 2 2 6 301 4 54 3376
6360 2 2 6 301 3185 3216 3217
6361 2 2 6 301 3201 3324 3327
6362 2 2 6 301 3324 3200 3325
6363 2 2 6 301 532 5 3273
6364 2 2 6 301 3304 3214 3381
6365 2 2 6 301 53 52 3244
6366 2 2 6 301 3181 521 3290
6367 2 2 6 301 3342 3343 3388
6368 2 2 6 301 50 49 3254
6369 2 2 6 301 3225 525 3389
6370 2 2 6 301 520 521 3181
6371 2 2 6 301 473 3205 3374
6372 2 2 6 301 522 3185 3290
6373 2 2 6 301 3186 529 3288
6374 2 2 6 301 54 53 3240
6375 2 2 6 301 3366 3207 3385
6376 2 2 6 301 530 531 3182
6377 2 2 6 301 3266 3232 3267
6378 2 2 6 301 530 3182 3288
6379 2 2 6 301 3319 3213 3392
6380 2 2 6 301 49 48 3251
6381 2 2 6 301 3234 3286 3357
6382 2 2 6 301 526 3215 3384
6383 2 2 6 301 47 3 3279
6384 2 2 6 301 519 520 3235
6385 2 2 6 301 3241 3341 3355
6386 2 2 6 301 2 519 3237
6387 2 2 6 301 48 47 3260
6388 2 2 6 301 521 522 3290
6389 2 2 6 301 3231 3230 3232
6390 2 2 6 301 529 530 3288
6391 2 2 6 301 3227 3186 3228
6392 2 2 6 301 3232 3242 3267
6393 2 2 6 301 3236 3260 3279
6394 2 2 6 301 3 46 3279
6395 2 2 6 301 3261 3188 3301
6396 2 2 6 301 3317 3281 3319
6397 2 2 6 301 3219 3220 3221
6398 2 2 6 301 3361 3274 3363
6399 2 2 6 301 3240 3243 3280
6400 2 2 6 301 3179 3272 3338
6401 2 2 6 301 476 475 3375
6402 2 2 6 301 3251 3252 3281
6403 2 2 6 301 531 532 3238
6404 2 2 6 301 3239 3247 3289
6405 2 2 6 301 54 3240 3248
6406 2 2 6 301 3304 3297 3307
6407 2 2 6 301 3253 3251 3282
6408 2 2 6 301 3263 3231 3338
6409 2 2 6 301 3351 3322 3387
6410 2 2 6 301 520 3181 3235
6411 2 2 6 301 3221 3220 3257
6412 2 2 6 301 3185 3218 3290
6413 2 2 6 301 3328 3327 3378
6414 2 2 6 301 393 392 3258
6415 2 2 6 301 394 393 3187
6416 2 2 6 301 3229 3186 3288
6417 2 2 6 301 3249 3264 3269
6418 2 2 6 301 519 3235 3237
6419 2 2 6 301 395 394 3259
6420 2 2 6 301 518 517 3261
6421 2 2 6 301 517 516 3188
6422 2 2 6 301 3212 3317 3318
6423 2 2 6 301 396 395 3183
6424 2 2 6 301 525 12 3389
6425 2 2 6 301 3257 3220 3270
6426 2 2 6 301 3297 3243 3302
6427 2 2 6 301 15 526 3384
6428 2 2 6 301 3225 3261 3301
6429 2 2 6 301 515 514 3184
6430 2 2 6 301 399 398 3179
6431 2 2 6 301 3352 3351 3387
6432 2 2 6 301 398 397 3272
6433 2 2 6 301 512 511 3180
6434 2 2 6 301 3184 3264 3390
6435 2 2 6 301 392 15 3384
6436 2 2 6 301 397 396 3262
6437 2 2 6 301 513 512 3269
6438 2 2 6 301 3250 3188 3300
6439 2 2 6 301 3301 3216 3356
6440 2 2 6 301 514 513 3264
6441 2 2 6 301 3246 51 3256
6442 2 2 6 301 12 518 3389
6443 2 2 6 301 3199 3352 3387
6444 2 2 6 301 3184 3250 3300
6445 2 2 6 301 3368 3366 3385
6446 2 2 6 301 3181 3290 3291
6447 2 2 6 301 516 515 3300
6448 2 2 6 301 3225 3301 3356
6449 2 2 6 301 3282 3281 3314
6450 2 2 6 301 3314 3281 3317
6451 2 2 6 301 3218 3217 3219
6452 2 2 6 301 3228 3229 3230
6453 2 2 6 301 3214 3306 3381
6454 2 2 6 301 3249 3269 3270
6455 2 2 6 301 3188 3250 3301
6456 2 2 6 301 3182 3239 3289
6457 2 2 6 301 3305 3304 3381
6458 2 2 6 301 3207 3369 3385
6459 2 2 6 301 3284 3366 3368
6460 2 2 6 301 3216 3301 3391
6461 2 2 6 301 511 510 3285
6462 2 2 6 301 3308 3268 3311
6463 2 2 6 301 3311 3275 3360
6464 2 2 6 301 474 3374 3375
6465 2 2 6 301 400 399 3265
6466 2 2 6 301 3246 3256 3294
6467 2 2 6 301 3187 393 3258
6468 2 2 6 301 3249 3226 3390
6469 2 2 6 301 55 4 3376
6470 2 2 6 301 3220 3249 3270
6471 2 2 6 301 394 3187 3259
6472 2 2 6 301 3288 3182 3289
6473 2 2 6 301 3210 3345 3394
6474 2 2 6 301 3235 3181 3236
6475 2 2 6 301 3297 3302 3307
6476 2 2 6 301 517 3188 3261
6477 2 2 6 301 3256 3255 3292
6478 2 2 6 301 3183 395 3259
6479 2 2 6 301 3261 3225 3389
6480 2 2 6 301 3369 3206 3371
6481 2 2 6 301 3334 3204 3382
6482 2 2 6 301 3332 3203 3383
6483 2 2 6 301 3331 3202 3395
6484 2 2 6 301 3202 3328 3378
6485 2 2 6 301 3343 3210 3388
6486 2 2 6 301 3323 3199 3386
6487 2 2 6 301 3200 3323 3325
6488 2 2 6 301 3303 3191 3307
6489 2 2 6 301 3306 3241 3355
6490 2 2 6 301 3347 3196 3379
6491 2 2 6 301 3350 3195 3377
6492 2 2 6 301 3359 3192 3360
6493 2 2 6 301 54 3248 3376
6494 2 2 6 301 510 13 3223
6495 2 2 6 301 3212 3315 3316
6496 2 2 6 301 3243 3268 3302
6497 2 2 6 301 3266 3179 3338
6498 2 2 6 301 3344 3388 3394
6499 2 2 6 301 3213 3318 3392
6500 2 2 6 301 3229 3288 3289
6501 2 2 6 301 3274 3296 3363
6502 2 2 6 301 3236 3279 3313
6503 2 2 6 301 396 3183 3262
6504 2 2 6 301 3188 516 3300
6505 2 2 6 301 3179 398 3272
6506 2 2 6 301 3297 3304 3305
6507 2 2 6 301 3277 3271 3368
6508 2 2 6 301 3250 3184 3390
6509 2 2 6 301 3264 3249 3390
6510 2 2 6 301 3240 53 3243
6511 2 2 6 301 515 3184 3300
6512 2 2 6 301 397 3262 3272
6513 2 2 6 301 512 3180 3269
6514 2 2 6 301 3184 514 3264
6515 2 2 6 301 3330 3333 3382
6516 2 2 6 301 3185 3217 3218
6517 2 2 6 301 3277 3372 3373
6518 2 2 6 301 3228 3186 3229
6519 2 2 6 301 3259 3187 3286
6520 2 2 6 301 3264 513 3269
6521 2 2 6 301 3275 3358 3360
6522 2 2 6 301 3321 3324 3325
6523 2 2 6 301 3340 3305 3355
6524 2 2 6 301 3205 3373 3374
6525 2 2 6 301 3349 3346 3379
6526 2 2 6 301 3215 3258 3384
6527 2 2 6 301 3268 3275 3311
6528 2 2 6 301 3283 3282 3344
6529 2 2 6 301 3180 511 3285
6530 2 2 6 301 3262 3183 3263
6531 2 2 6 301 3240 3280 3340
6532 2 2 6 301 3298 3252 3354
6533 2 2 6 301 399 3179 3265
6534 2 2 6 301 3324 3321 3327
6535 2 2 6 301 3346 3295 3348
6536 2 2 6 301 3251 48 3252
6537 2 2 6 301 524 3225 3356
6538 2 2 6 301 3256 3321 3322
6539 2 2 6 301 3372 3206 3375
6540 2 2 6 301 49 3251 3253
6541 2 2 6 301 3296 3278 3349
6542 2 2 6 301 3269 3180 3270
6543 2 2 6 301 50 3254 3255
6544 2 2 6 301 3244 52 3245
6545 2 2 6 301 3294 3256 3322
6546 2 2 6 301 3267 3242 3341
6547 2 2 6 301 3281 3298 3319
6548 2 2 6 301 3206 476 3375
6549 2 2 6 301 3182 531 3238
6550 2 2 6 301 3276 3277 3333
6551 2 2 6 301 3344 3342 3388
6552 2 2 6 301 3203 3335 3383
6553 2 2 6 301 3335 3331 3395
6554 2 2 6 301 3238 532 3273
6555 2 2 6 301 3279 46 3313
6556 2 2 6 301 3296 3349 3363
6557 2 2 6 301 3290 3218 3291
6558 2 2 6 301 3333 3373 3382
6559 2 2 6 301 3317 3319 3392
6560 2 2 6 301 3271 3253 3284
6561 2 2 6 301 3252 3287 3354
6562 2 2 6 301 3234 3263 3339
6563 2 2 6 301 3280 3297 3305
6564 2 2 6 301 3322 3321 3325
6565 2 2 6 301 3182 3238 3239
6566 2 2 6 301 3258 392 3384
6567 2 2 6 301 3255 3276 3293
6568 2 2 6 301 3284 3365 3366
6569 2 2 6 301 3282 3342 3344
6570 2 2 6 301 510 3223 3285
6571 2 2 6 301 457 456 3201
6572 2 2 6 301 487 486 3367
6573 2 2 6 301 461 460 3202
6574 2 2 6 301 485 484 3208
6575 2 2 6 301 483 482 3370
6576 2 2 6 301 469 468 3204
6577 2 2 6 301 465 464 3203
6578 2 2 6 301 477 476 3206
6579 2 2 6 301 479 478 3369
6580 2 2 6 301 473 472 3205
6581 2 2 6 301 481 480 3207
6582 2 2 6 301 471 470 3334
6583 2 2 6 301 467 466 3332
6584 2 2 6 301 493 492 3210
6585 2 2 6 301 463 462 3331
6586 2 2 6 301 459 458 3328
6587 2 2 6 301 491 490 3345
6588 2 2 6 301 489 488 3209
6589 2 2 6 301 495 494 3343
6590 2 2 6 301 497 496 3211
6591 2 2 6 301 413 412 3190
6592 2 2 6 301 501 500 3212
6593 2 2 6 301 505 504 3213
6594 2 2 6 301 409 408 3191
6595 2 2 6 301 455 454 3326
6596 2 2 6 301 407 406 3310
6597 2 2 6 301 401 14 3241
6598 2 2 6 301 449 448 3199
6599 2 2 6 301 447 446 3352
6600 2 2 6 301 451 450 3323
6601 2 2 6 301 453 452 3200
6602 2 2 6 301 445 444 3198
6603 2 2 6 301 441 440 3197
6604 2 2 6 301 403 402 3306
6605 2 2 6 301 415 414 3309
6606 2 2 6 301 437 436 3196
6607 2 2 6 301 411 410 3303
6608 2 2 6 301 443 442 3353
6609 2 2 6 301 417 416 3189
6610 2 2 6 301 439 438 3347
6611 2 2 6 301 405 404 3214
6612 2 2 6 301 435 434 3350
6613 2 2 6 301 419 418 3312
6614 2 2 6 301 421 420 3192
6615 2 2 6 301 431 430 3364
6616 2 2 6 301 423 422 3359
6617 2 2 6 301 427 426 3362
6618 2 2 6 301 425 424 3193
6619 2 2 6 301 429 428 3194
6620 2 2 6 301 433 432 3195
6621 2 2 6 301 518 3261 3389
6622 2 2 6 301 499 498 3315
6623 2 2 6 301 503 502 3318
6624 2 2 6 301 507 506 3320
6625 2 2 6 301 3278 3246 3295
6626 2 2 6 301 509 508 3299
6627 2 2 6 301 3341 3340 3355
6628 2 2 6 301 3275 3274 3358
6629 2 2 6 301 3330 3276 3333
6630 2 2 6 301 3265 3179 3266
6631 2 2 6 301 3336 3287 3337
6632 2 2 6 301 3292 3255 3293
6633 2 2 6 301 3295 3294 3351
6634 2 2 6 301 3348 3295 3351
6635 2 2 6 301 3215 527 3393
6636 2 2 6 301 3292 3293 3329
6637 2 2 6 301 3371 3206 3372
6638 2 2 6 301 3281 3252 3298
6639 2 2 6 301 3284 3283 3365
6640 2 2 6 301 3212 3316 3317
6641 2 2 6 301 3183 3259 3339
6642 2 2 6 301 3237 3235 3313
6643 2 2 6 301 3246 3294 3295
6644 2 2 6 301 3286 3187 3380
6645 2 2 6 301 3283 3344 3365
6646 2 2 6 301 3280 3243 3297
6647 2 2 6 301 3219 3221 3222
6648 2 2 6 301 3278 3346 3349
6649 2 2 6 301 3358 3274 3361
6650 2 2 6 301 3274 3245 3296
6651 2 2 6 301 3268 3244 3275
6652 2 2 6 301 3256 3292 3321
6653 2 2 6 301 3259 3286 3339
6654 2 2 6 301 3253 3283 3284
6655 2 2 6 301 3254 3271 3277
6656 2 2 6 301 3265 3266 3267
6657 2 2 6 301 3251 3281 3282
6658 2 2 6 301 3232 3233 3242
6659 2 2 6 301 3232 3230 3233
6660 2 2 6 301 3244 3274 3275
6661 2 2 6 301 3247 3239 3248
6662 2 2 6 301 3276 3254 3277
6663 2 2 6 301 3263 3183 3339
6664 2 2 6 301 3235 3236 3313
6665 2 2 6 301 3222 3221 3336
6666 2 2 6 301 46 3237 3313
6667 2 2 6 301 3321 3292 3327
6668 2 2 6 301 3260 47 3279
6669 2 2 6 301 3271 3284 3368
6670 2 2 6 301 3187 3258 3380
6671 2 2 6 301 3287 3260 3337
6672 2 2 6 301 3245 3278 3296
6673 2 2 6 301 3293 3276 3330
6674 2 2 6 301 3226 3250 3390
6675 2 2 6 301 3278 3295 3346
6676 2 2 6 301 3386 3199 3387
6677 2 2 6 301 3306 3355 3381
6678 2 2 6 301 3369 3371 3385
6679 2 2 6 301 3335 3330 3383
6680 2 2 6 301 3388 3210 3394
6681 2 2 6 301 3258 3215 3380
6682 2 2 6 301 3202 3378 3395
6683 2 2 6 301 3325 3323 3386
6684 2 2 6 301 3294 3322 3351
6685 2 2 6 301 3242 3340 3341
6686 2 2 6 301 3302 3268 3308
6687 2 2 6 301 3357 3286 3380
6688 2 2 6 301 3215 3357 3380
6689 2 2 6 301 3250 3226 3391
6690 2 2 6 301 3301 3250 3391
6691 2 2 6 301 3322 3386 3387
6692 2 2 6 301 3223 13 3224
6693 2 2 6 301 3222 3336 3337
6694 2 2 6 301 3286 3234 3339
6695 2 2 6 301 3357 3215 3393
6696 2 2 6 301 3282 3314 3342
6697 2 2 6 301 3318 3317 3392
6698 2 2 6 301 3242 3233 3247
6699 2 2 6 301 3287 3336 3354
6700 2 2 6 301 3227 3357 3393
6701 2 2 6 301 3293 3330 3335
6702 2 2 6 301 3373 3372 3374
6703 2 2 6 301 3327 3329 3378
6704 2 2 6 301 3329 3335 3395
6705 2 2 6 301 3280 3305 3340
6706 2 2 6 301 3327 3292 3329
6707 2 2 6 301 3333 3277 3373
6708 2 2 6 301 3322 3325 3386
6709 2 2 6 301 3329 3293 3335
6710 2 2 6 301 3371 3368 3385
6711 2 2 6 301 3355 3305 3381
6712 2 2 6 301 3374 3372 3375
6713 2 2 6 301 3378 3329 3395
6714 2 2 6 301 13 509 3299
6715 2 2 6 301 3224 13 3299
6716 2 2 6 301 14 400 3265
6717 2 2 6 301 402 401 3241
6718 2 2 6 301 404 403 3214
6719 2 2 6 301 406 405 3214
6720 2 2 6 301 408 407 3310
6721 2 2 6 301 410 409 3303
6722 2 2 6 301 412 411 3303
6723 2 2 6 301 414 413 3309
6724 2 2 6 301 416 415 3189
6725 2 2 6 301 418 417 3312
6726 2 2 6 301 420 419 3312
6727 2 2 6 301 422 421 3192
6728 2 2 6 301 424 423 3193
6729 2 2 6 301 426 425 3193
6730 2 2 6 301 428 427 3194
6731 2 2 6 301 430 429 3364
6732 2 2 6 301 432 431 3364
6733 2 2 6 301 434 433 3195
6734 2 2 6 301 436 435 3196
6735 2 2 6 301 438 437 3196
6736 2 2 6 301 440 439 3197
6737 2 2 6 301 442 441 3197
6738 2 2 6 301 444 443 3353
6739 2 2 6 301 446 445 3198
6740 2 2 6 301 448 447 3352
6741 2 2 6 301 450 449 3199
6742 2 2 6 301 452 451 3323
6743 2 2 6 301 454 453 3200
6744 2 2 6 301 456 455 3326
6745 2 2 6 301 458 457 3328
6746 2 2 6 301 460 459 3202
6747 2 2 6 301 462 461 3331
6748 2 2 6 301 464 463 3203
6749 2 2 6 301 466 465 3203
6750 2 2 6 301 468 467 3204
6751 2 2 6 301 470 469 3204
6752 2 2 6 301 472 471 3334
6753 2 2 6 301 478 477 3369
6754 2 2 6 301 480 479 3207
6755 2 2 6 301 482 481 3207
6756 2 2 6 301 484 483 3208
6757 2 2 6 301 486 485 3367
6758 2 2 6 301 488 487 3209
6759 2 2 6 301 490 489 3209
6760 2 2 6 301 492 491 3345
6761 2 2 6 301 494 493 3210
6762 2 2 6 301 496 495 3343
6763 2 2 6 301 498 497 3211
6764 2 2 6 301 500 499 3315
6765 2 2 6 301 502 501 3212
6766 2 2 6 301 504 503 3213
6767 2 2 6 301 506 505 3213
6768 2 2 6 301 508 507 3320
6769 2 2 6 301 3270 3180 3285
6770 2 2 6 301 3190 3303 3307
6771 2 2 6 301 3192 3312 3360
6772 2 2 6 301 3193 3359 3360
6773 2 2 6 301 3195 3364 3377
6774 2 2 6 301 3349 3196 3350
6775 2 2 6 301 3346 3197 3347
6776 2 2 6 301 3330 3204 3332
6777 2 2 6 301 3205 3334 3373
6778 2 2 6 301 3345 3209 3394
6779 2 2 6 301 3365 3209 3367
6780 2 2 6 301 3315 3211 3316
6781 2 2 6 301 3342 3211 3343
6782 2 2 6 301 3213 3319 3320
6783 2 2 6 301 3224 3221 3257
6784 2 2 6 301 3291 3222 3337
6785 2 2 6 301 3223 3224 3257
6786 2 2 6 301 3224 3299 3354
6787 2 2 6 301 3248 3239 3273
6788 2 2 6 301 3298 3299 3320
$EndElements
