$MeshFormat
2.2 0 8
$EndMeshFormat
$PhysicalNames
6
1 1 "Inlet"
1 2 "Symmetry"
1 3 "Outlet"
1 4 "Top"
1 5 "Wall"
2 6 "all"
$EndPhysicalNames
$Nodes
3613
1 -100 0 0
2 -7 0 0
3 -7 5 0
4 20 5 0
5 20 0 0
6 200 0 0
7 200 25 0
8 -100 25 0
9 -0.5 0 0
10 0 0.5 0
11 0.5 0 0
12 -1.5 0 0
13 -1.5 1.5 0
14 15 1.5 0
15 15 0 0
16 -96.99999999999561 0 0
17 -93.99999999999122 0 0
18 -90.99999999998684 0 0
19 -87.99999999998245 0 0
20 -84.99999999997806 0 0
21 -81.99999999997367 0 0
22 -78.99999999996929 0 0
23 -75.9999999999649 0 0
24 -72.99999999996051 0 0
25 -69.99999999995612 0 0
26 -66.99999999996194 0 0
27 -64.00000000000186 0 0
28 -61.00000000002166 0 0
29 -58.0000000000402 0 0
30 -55.00000000005874 0 0
31 -52.00000000006581 0 0
32 -49.00000000006143 0 0
33 -46.00000000005704 0 0
34 -43.00000000005264 0 0
35 -40.00000000004826 0 0
36 -37.00000000004388 0 0
37 -34.00000000003949 0 0
38 -31.0000000000351 0 0
39 -28.00000000003071 0 0
40 -25.00000000002632 0 0
41 -22.00000000002194 0 0
42 -19.00000000001754 0 0
43 -16.00000000001316 0 0
44 -13.00000000000877 0 0
45 -10.00000000000439 0 0
46 -7 2.499999999996205 0
47 -4.000000000001792 5 0
48 -1.000000000003142 5 0
49 1.999999999995026 5 0
50 4.999999999993195 5 0
51 8.000000000001236 5 0
52 11.0000000000055 5 0
53 14.00000000000366 5 0
54 17.00000000000183 5 0
55 20 2.499999999999994 0
56 23.00000000000334 0 0
57 26.00000000000667 0 0
58 29.00000000000751 0 0
59 32.00000000000599 0 0
60 35.00000000000373 0 0
61 38.00000000000115 0 0
62 40.99999999999856 0 0
63 43.99999999999598 0 0
64 46.99999999999339 0 0
65 49.99999999999081 0 0
66 52.99999999998821 0 0
67 55.99999999998563 0 0
68 58.99999999998303 0 0
69 61.99999999998045 0 0
70 64.99999999997786 0 0
71 67.99999999997527 0 0
72 70.9999999999727 0 0
73 73.99999999997011 0 0
74 76.99999999996754 0 0
75 79.99999999996496 0 0
76 82.99999999996238 0 0
77 85.9999999999598 0 0
78 88.99999999995723 0 0
79 91.99999999995465 0 0
80 94.99999999995207 0 0
81 97.99999999994949 0 0
82 100.9999999999469 0 0
83 103.9999999999444 0 0
84 106.9999999999418 0 0
85 109.999999999942 0 0
86 112.9999999999603 0 0
87 115.9999999999814 0 0
88 119.0000000000025 0 0
89 122.0000000000236 0 0
90 125.0000000000447 0 0
91 128.0000000000613 0 0
92 131.0000000000598 0 0
93 134.0000000000572 0 0
94 137.0000000000546 0 0
95 140.000000000052 0 0
96 143.0000000000495 0 0
97 146.0000000000468 0 0
98 149.0000000000442 0 0
99 152.0000000000416 0 0
100 155.000000000039 0 0
101 158.0000000000364 0 0
102 161.0000000000338 0 0
103 164.0000000000312 0 0
104 167.0000000000286 0 0
105 170.000000000026 0 0
106 173.0000000000234 0 0
107 176.0000000000208 0 0
108 179.0000000000182 0 0
109 182.0000000000156 0 0
110 185.000000000013 0 0
111 188.0000000000104 0 0
112 191.0000000000078 0 0
113 194.0000000000052 0 0
114 197.0000000000026 0 0
115 200 2.777777777767225 0
116 200 5.555555555531205 0
117 200 8.333333333296078 0
118 200 11.1111111110693 0
119 200 13.88888888884253 0
120 200 16.66666666662108 0
121 200 19.44444444441405 0
122 200 22.22222222220702 0
123 196.9999999999952 25 0
124 193.9999999999905 25 0
125 190.9999999999857 25 0
126 187.9999999999809 25 0
127 184.9999999999761 25 0
128 181.9999999999713 25 0
129 178.9999999999665 25 0
130 175.9999999999618 25 0
131 172.999999999957 25 0
132 169.9999999999522 25 0
133 166.9999999999474 25 0
134 163.9999999999426 25 0
135 160.9999999999379 25 0
136 157.9999999999331 25 0
137 154.9999999999283 25 0
138 151.9999999999235 25 0
139 148.9999999999188 25 0
140 145.999999999914 25 0
141 142.9999999999092 25 0
142 139.9999999999044 25 0
143 136.9999999998996 25 0
144 133.9999999998949 25 0
145 130.9999999998901 25 0
146 127.9999999998893 25 0
147 124.9999999998972 25 0
148 121.9999999999066 25 0
149 118.9999999999161 25 0
150 115.9999999999255 25 0
151 112.9999999999349 25 0
152 109.9999999999443 25 0
153 106.9999999999538 25 0
154 103.9999999999632 25 0
155 100.9999999999726 25 0
156 97.99999999998205 25 0
157 94.99999999999147 25 0
158 92.00000000000091 25 0
159 89.00000000001033 25 0
160 86.00000000001975 25 0
161 83.00000000002917 25 0
162 80.00000000003863 25 0
163 77.00000000004805 25 0
164 74.00000000005747 25 0
165 71.0000000000729 25 0
166 68.00000000009655 25 0
167 65.0000000001202 25 0
168 62.00000000014384 25 0
169 59.00000000016746 25 0
170 56.00000000019111 25 0
171 53.00000000021475 25 0
172 50.00000000023286 25 0
173 47.00000000023365 25 0
174 44.00000000022885 25 0
175 41.00000000022405 25 0
176 38.00000000021927 25 0
177 35.00000000021447 25 0
178 32.0000000002097 25 0
179 29.00000000020492 25 0
180 26.00000000020012 25 0
181 23.00000000019531 25 0
182 20.00000000019051 25 0
183 17.00000000018576 25 0
184 14.00000000018096 25 0
185 11.00000000017619 25 0
186 8.000000000171383 25 0
187 5.000000000166636 25 0
188 2.00000000016189 25 0
189 -0.9999999998429132 25 0
190 -3.999999999847631 25 0
191 -6.999999999852434 25 0
192 -9.999999999857181 25 0
193 -12.99999999986196 25 0
194 -15.9999999998667 25 0
195 -18.99999999987142 25 0
196 -21.99999999987622 25 0
197 -24.99999999988097 25 0
198 -27.99999999988577 25 0
199 -30.99999999989049 25 0
200 -33.99999999989529 25 0
201 -36.99999999990001 25 0
202 -39.99999999990476 25 0
203 -42.99999999990956 25 0
204 -45.99999999991428 25 0
205 -48.99999999991908 25 0
206 -51.99999999992383 25 0
207 -54.9999999999286 25 0
208 -57.99999999993332 25 0
209 -60.9999999999381 25 0
210 -63.99999999994287 25 0
211 -66.99999999994759 25 0
212 -69.99999999995242 25 0
213 -72.99999999995714 25 0
214 -75.99999999996191 25 0
215 -78.99999999996669 25 0
216 -81.99999999997141 25 0
217 -84.99999999997618 25 0
218 -87.99999999998096 25 0
219 -90.99999999998573 25 0
220 -93.99999999999045 25 0
221 -96.99999999999528 25 0
222 -100 22.22222222224196 0
223 -100 19.44444444448392 0
224 -100 16.66666666672588 0
225 -100 13.88888888895342 0
226 -100 11.11111111117565 0
227 -100 8.333333333392559 0
228 -100 5.555555555595042 0
229 -100 2.777777777797532 0
230 -1.366065995714763 0 0
231 -1.241101137424222 0 0
232 -1.124504792488655 0 0
233 -1.015716577340277 0 0
234 -0.9142135795549641 0 0
235 -0.819507931095285 0 0
236 -0.7311444366940592 0 0
237 -0.6486983578228926 0 0
238 -0.5717734634730569 0 0
239 -0.4949107209162286 0.07115741930521986 0
240 -0.4797464866990654 0.1408662787891534 0
241 -0.4548159974225654 0.2077075070586448 0
242 -0.4206267659741978 0.2703204094146194 0
243 -0.3778747864984079 0.3274303677559285 0
244 -0.3274303661987876 0.3778747878476783 0
245 -0.2703204080405938 0.4206267668572304 0
246 -0.2077075058904343 0.4548159979560693 0
247 -0.1408662779796735 0.4797464869367501 0
248 -0.07115741890929053 0.4949107209731546 0
249 0.07115741930521986 0.4949107209162286 0
250 0.1408662787891534 0.4797464866990654 0
251 0.2077075070586448 0.4548159974225654 0
252 0.2703204094146194 0.4206267659741978 0
253 0.3274303677559285 0.3778747864984079 0
254 0.3778747878476783 0.3274303661987876 0
255 0.4206267668572304 0.2703204080405938 0
256 0.4548159979560693 0.2077075058904343 0
257 0.4797464869367501 0.1408662779796735 0
258 0.4949107209731546 0.07115741890929053 0
259 0.5751990840008652 0 0
260 0.650788123754339 0 0
261 0.7267691839410775 0 0
262 0.8031443079011371 0 0
263 0.8799155179630495 0 0
264 0.9570848654469468 0 0
265 1.034654416524305 0 0
266 1.112626271690443 0 0
267 1.19100250979214 0 0
268 1.269785188360597 0 0
269 1.348976475070588 0 0
270 1.428578445173706 0 0
271 1.508593232624012 0 0
272 1.58902300179533 0 0
273 1.669869873291187 0 0
274 1.751136048373926 0 0
275 1.832823661833169 0 0
276 1.914934954969599 0 0
277 1.997472043978291 0 0
278 2.080437211051659 0 0
279 2.163832631226124 0 0
280 2.247660582144356 0 0
281 2.331923235008074 0 0
282 2.416622917238453 0 0
283 2.501761845483587 0 0
284 2.587342335998583 0 0
285 2.673366637830181 0 0
286 2.759837091012697 0 0
287 2.846755978205895 0 0
288 2.934125646695709 0 0
289 3.021948424078311 0 0
290 3.11022666925638 0 0
291 3.198962725942123 0 0
292 3.288158988530109 0 0
293 3.377817828867236 0 0
294 3.467941662394436 0 0
295 3.558532873885017 0 0
296 3.649593935041983 0 0
297 3.7411272213136 0 0
298 3.833135222784317 0 0
299 3.925620403835419 0 0
300 4.018585203541005 0 0
301 4.112032152577647 0 0
302 4.20596371838027 0 0
303 4.300382419330231 0 0
304 4.395290809990477 0 0
305 4.490691400490225 0 0
306 4.586586743561469 0 0
307 4.682979420184465 0 0
308 4.779871988454304 0 0
309 4.877267067810943 0 0
310 4.975167270503526 0 0
311 5.073575168794037 0 0
312 5.172493442324291 0 0
313 5.271924702365563 0 0
314 5.371871655908618 0 0
315 5.472336923563349 0 0
316 5.573323227784417 0 0
317 5.674833262960845 0 0
318 5.776869735362035 0 0
319 5.879435385215365 0 0
320 5.982532964472909 0 0
321 6.086165196809957 0 0
322 6.190334908873105 0 0
323 6.295044840013778 0 0
324 6.400297841060389 0 0
325 6.506096732783738 0 0
326 6.6124442551851 0 0
327 6.719343283631045 0 0
328 6.826796750037279 0 0
329 6.934807482202277 0 0
330 7.043378374209587 0 0
331 7.152512299226806 0 0
332 7.262212226248674 0 0
333 7.372481093623108 0 0
334 7.483321809523294 0 0
335 7.594737334215368 0 0
336 7.706730720189081 0 0
337 7.819304924902451 0 0
338 7.932462936064939 0 0
339 8.0462077914821 0 0
340 8.160542497739961 0 0
341 8.275470276134104 0 0
342 8.390993973687433 0 0
343 8.507116857646546 0 0
344 8.623841963709314 0 0
345 8.741172384213419 0 0
346 8.859111385472181 0 0
347 8.977661966350924 0 0
348 9.096827403381395 0 0
349 9.216610815127067 0 0
350 9.337015453201397 0 0
351 9.458044535677821 0 0
352 9.579701247606026 0 0
353 9.701988954710298 0 0
354 9.82491079706725 0 0
355 9.948470142798371 0 0
356 10.07267032517603 0 0
357 10.19751464316155 0 0
358 10.32300636193233 0 0
359 10.44914895073752 0 0
360 10.57594569319083 0 0
361 10.70340003396147 0 0
362 10.83151538217811 0 0
363 10.96029511197612 0 0
364 11.08974277268962 0 0
365 11.21986171305953 0 0
366 11.35065548425741 0 0
367 11.48212760075993 0 0
368 11.61428154091475 0 0
369 11.7471208047854 0 0
370 11.88064903361521 0 0
371 12.01486976289791 0 0
372 12.14978655126363 0 0
373 12.28540305998441 0 0
374 12.42172290656414 0 0
375 12.55874971430918 0 0
376 12.69648715090482 0 0
377 12.83493892780414 0 0
378 12.97410871827046 0 0
379 13.11400026777366 0 0
380 13.25461728671628 0 0
381 13.39596361248288 0 0
382 13.53804294846962 0 0
383 13.68085919356067 0 0
384 13.82441602069336 0 0
385 13.9687174213103 0 0
386 14.11376715926538 0 0
387 14.25956912329338 0 0
388 14.40612726858465 0 0
389 14.55344546110893 0 0
390 14.70152770000108 0 0
391 14.85037788977374 0 0
392 15 0.1499999999993801 0
393 15 0.2999999999987259 0
394 15 0.4499999999981913 0
395 15 0.5999999999976567 0
396 15 0.7499999999971438 0
397 15 0.8999999999976976 0
398 15 1.049999999998273 0
399 15 1.199999999998849 0
400 15 1.349999999999424 0
401 14.85000000000137 1.5 0
402 14.70000000000182 1.5 0
403 14.55000000000185 1.5 0
404 14.40000000000258 1.5 0
405 14.25000000000394 1.5 0
406 14.10000000000542 1.5 0
407 13.95000000000601 1.5 0
408 13.80000000000588 1.5 0
409 13.65000000000575 1.5 0
410 13.50000000000561 1.5 0
411 13.35000000000548 1.5 0
412 13.20000000000535 1.5 0
413 13.05000000000521 1.5 0
414 12.90000000000508 1.5 0
415 12.75000000000495 1.5 0
416 12.60000000000482 1.5 0
417 12.45000000000468 1.5 0
418 12.30000000000455 1.5 0
419 12.15000000000442 1.5 0
420 12.00000000000428 1.5 0
421 11.85000000000415 1.5 0
422 11.70000000000402 1.5 0
423 11.55000000000389 1.5 0
424 11.40000000000376 1.5 0
425 11.25000000000362 1.5 0
426 11.10000000000349 1.5 0
427 10.95000000000336 1.5 0
428 10.80000000000322 1.5 0
429 10.65000000000309 1.5 0
430 10.50000000000296 1.5 0
431 10.35000000000283 1.5 0
432 10.20000000000269 1.5 0
433 10.05000000000256 1.5 0
434 9.900000000002429 1.5 0
435 9.750000000002295 1.5 0
436 9.600000000002161 1.5 0
437 9.450000000002028 1.5 0
438 9.300000000001894 1.5 0
439 9.150000000001763 1.5 0
440 9.000000000001627 1.5 0
441 8.850000000001495 1.5 0
442 8.700000000001364 1.5 0
443 8.55000000000123 1.5 0
444 8.400000000001096 1.5 0
445 8.250000000000963 1.5 0
446 8.100000000000829 1.5 0
447 7.950000000000936 1.5 0
448 7.800000000001504 1.5 0
449 7.650000000002179 1.5 0
450 7.500000000002855 1.5 0
451 7.350000000003531 1.5 0
452 7.200000000004206 1.5 0
453 7.050000000004881 1.5 0
454 6.900000000005846 1.5 0
455 6.750000000006924 1.5 0
456 6.600000000007137 1.5 0
457 6.450000000007005 1.5 0
458 6.300000000006872 1.5 0
459 6.15000000000674 1.5 0
460 6.000000000006606 1.5 0
461 5.850000000006473 1.5 0
462 5.700000000006339 1.5 0
463 5.550000000006206 1.5 0
464 5.400000000006074 1.5 0
465 5.250000000005942 1.5 0
466 5.10000000000581 1.5 0
467 4.950000000005677 1.5 0
468 4.800000000005545 1.5 0
469 4.650000000005413 1.5 0
470 4.500000000005281 1.5 0
471 4.350000000005149 1.5 0
472 4.200000000005016 1.5 0
473 4.050000000004884 1.5 0
474 3.900000000004752 1.5 0
475 3.75000000000462 1.5 0
476 3.600000000004488 1.5 0
477 3.450000000004355 1.5 0
478 3.300000000004225 1.5 0
479 3.150000000004091 1.5 0
480 3.000000000003959 1.5 0
481 2.850000000003828 1.5 0
482 2.700000000003694 1.5 0
483 2.550000000003566 1.5 0
484 2.400000000003432 1.5 0
485 2.2500000000033 1.5 0
486 2.100000000003169 1.5 0
487 1.950000000003037 1.5 0
488 1.800000000002905 1.5 0
489 1.650000000002771 1.5 0
490 1.500000000002641 1.5 0
491 1.350000000002508 1.5 0
492 1.200000000002376 1.5 0
493 1.050000000002244 1.5 0
494 0.9000000000021107 1.5 0
495 0.7500000000019806 1.5 0
496 0.6000000000018471 1.5 0
497 0.450000000001717 1.5 0
498 0.3000000000015834 1.5 0
499 0.1500000000014499 1.5 0
500 1.319833131674386e-12 1.5 0
501 -0.149999999998812 1.5 0
502 -0.299999999998942 1.5 0
503 -0.4499999999990756 1.5 0
504 -0.5999999999992056 1.5 0
505 -0.7499999999993392 1.5 0
506 -0.8999999999994728 1.5 0
507 -1.049999999999603 1.5 0
508 -1.199999999999736 1.5 0
509 -1.349999999999866 1.5 0
510 -1.5 1.350000000000967 0
511 -1.5 1.200000000001501 0
512 -1.5 1.05000000000108 0
513 -1.5 0.9000000000014141 0
514 -1.5 0.7500000000020819 0
515 -1.5 0.6000000000016827 0
516 -1.5 0.4500000000012621 0
517 -1.5 0.3000000000008414 0
518 -1.5 0.1500000000004207 0
519 -5.349567253087628 0 0
520 -4.157780825718535 0 0
521 -3.297185714277953 0 0
522 -2.67574537674437 0 0
523 -2.227000097027703 0 0
524 -1.902958764431103 0 0
525 -1.668966829419918 0 0
526 15.1623193586503 0 0
527 15.38464808162231 0 0
528 15.68917159266456 0 0
529 16.10627726947008 0 0
530 16.67758667415216 0 0
531 17.46010876555823 0 0
532 18.53192889730503 0 0
533 -16.71880952245741 12.14121941901232 0
534 30.05555555555004 12.49999999999166 0
535 187.7775670956443 12.96078067410109 0
536 -87.43966800293417 12.2008324947371 0
537 -65.73904113721724 12.2853935816712 0
538 69.72920210565097 12.33149581057849 0
539 54.5000000002029 12.50000000001232 0
540 105.2456928187167 12.51888212795886 0
541 90.51588910850992 12.37959715506475 0
542 129.4999999998898 12.50000000001032 0
543 174.2215776820739 12.47018844093931 0
544 159.1654531696109 12.11931778175176 0
545 144.4431193178627 12.57273612198592 0
546 -50.50000000001201 12.49999999997912 0
547 -35.4863365832266 12.62253536042337 0
548 43.05086396534166 11.8437221497613 0
549 117.4999999999209 13.08000000003545 0
550 -76.26968321300157 11.22233267026205 0
551 18.50000000000091 14.9999999999862 0
552 -5.706248990076681 14.93750130630165 0
553 79.82284852382594 14.58155431805026 0
554 8.488095238100126 14.99999999999584 0
555 -26.2777777778019 15.41333333333299 0
556 137.4960966306016 8.521174804700374 0
557 62.09193225950788 16.53865846862258 0
558 98.4636790326399 16.46137654526194 0
559 -57.92799964097073 8.424594691524062 0
560 -43.15418475126027 16.60405583297518 0
561 167.0000000000296 8.499999999994461 0
562 151.8453370997375 8.371805827850352 0
563 62.04754938784377 8.543049584027441 0
564 -58.41666666662852 16.7499999999893 0
565 98.04754938772479 8.543049584029751 0
566 152.3606589976895 16.74397341235914 0
567 167.0475493877726 16.45695041596952 0
568 -42.99216280825891 8.146240843002438 0
569 137.360658997718 16.74397341237007 0
570 -23.31198354994136 8.283880920822119 0
571 181.2663010014036 17.09748124315094 0
572 181.3326354293698 7.923969601659828 0
573 36.0742692302228 17.05886787088148 0
574 48.20419095690156 17.35176906796375 0
575 83.8666022156464 7.338109095460811 0
576 75.4712816871473 7.867897032262743 0
577 111.5822882764026 8.049002308033653 0
578 123.2562196306032 7.746268221589359 0
579 -71.70695672874314 17.27582596274038 0
580 -81.36904535335928 17.22787102404394 0
581 48.1250467503431 8.471269481839286 0
582 36.0275779974138 8.046506935538934 0
583 111.2318691224643 17.33534741115026 0
584 123.1887395536949 17.08603917740482 0
585 192.6340468391626 17.72151816234605 0
586 -92.46335987456877 7.469804238160528 0
587 192.7778567385832 8.091764362963216 0
588 -92.80014309483515 16.91378459607756 0
589 0.9486144321457897 18.41293563087662 0
590 25.15807767436654 17.81894174423866 0
591 23.51929591924036 10.83887770617894 0
592 -82.63154252941156 7.20956439071854 0
593 -69.95862391538438 7.445723132044518 0
594 -12.21212508246201 17.88744945176906 0
595 -30.66341143501321 7.211958035600635 0
596 -13.90193178386621 7.255642219069576 0
597 73.15364351879555 17.56174686596143 0
598 86.25045467780915 17.82683373440728 0
599 -32.09194785514085 18.49121731455113 0
600 -20.685773483967 18.29466393013022 0
601 28.32808437293839 6.351307443070057 0
602 3.166438126869728 11.02555398697222 0
603 13.47844631545 18.86422674574477 0
604 13.42009007084 10.30335455288289 0
605 131.4564356029208 18.54484134802158 0
606 56.25886506947183 7.058319909849842 0
607 92.24165759899509 6.872130500500897 0
608 146.1669022131782 18.11126658796349 0
609 161.1669022131629 18.1112665879645 0
610 -48.68770627066724 6.377475247523448 0
611 -52.3122937293487 18.62252475248509 0
612 -63.73973284294345 6.396492499516833 0
613 56.03347578362543 18.65598290599538 0
614 131.291922475445 6.499604696557111 0
615 103.8958532107287 18.59921149146964 0
616 142.9665242164815 6.344017094024019 0
617 172.7103855784295 6.476914695720504 0
618 161.0334757835082 6.344017094013769 0
619 69.77014573757633 6.628385231129857 0
620 105.7700978253392 6.628393516478602 0
621 -65.76600402569821 18.37090051739429 0
622 174.4562555334502 18.97088210054585 0
623 67.48271485007777 19.26188680630012 0
624 92.21170079659562 18.78178879761268 0
625 -8.73286921419303 10.22158867520853 0
626 42.27858130262008 18.92868798812243 0
627 42.5983500441337 6.376829108363363 0
628 -37.14524249854716 5.746685512338391 0
629 186.8134175843966 5.99262405403043 0
630 186.9089385577481 18.81207780821622 0
631 117.4999999999275 5.866614297206287 0
632 117.4999999999209 19.13437919464828 0
633 -87.35840925786205 19.78161043824297 0
634 194.7400762664999 12.7620349362079 0
635 -94.74088798590441 12.23774084409287 0
636 30.56080620756394 19.50130757322567 0
637 -37.80228678159457 19.76923733297285 0
638 18.98999923070036 9.92420186210372 0
639 -77.4772299954748 5.442607971627674 0
640 -2.161884823287621 10.31995711581229 0
641 -18.52166056565383 5.174102307057442 0
642 -87.97313241905277 5.168505371852719 0
643 78.71688930512059 19.75586262981233 0
644 -76.37979551336559 20.11164454227654 0
645 20.48399553954173 20.20535944178542 0
646 6.046270522519047 19.93825783914362 0
647 -53.88837571687179 5.073531762227452 0
648 -47.15328927953413 19.93927045432596 0
649 -3.28644388377643 19.78046658255009 0
650 147.9279622637838 4.905321548821272 0
651 155.9675409131595 5.120896792862077 0
652 85.46520254128035 12.61044585676498 0
653 74.80270651693658 13.06756078162369 0
654 156.3686014750882 20.04198674351836 0
655 141.3686014751221 20.04198674354806 0
656 -30.68564347553341 12.32379051896386 0
657 -70.61911954251514 12.02757467117051 0
658 -81.52759610300913 12.24310764644993 0
659 8.447354820979362 9.633430452069847 0
660 79.89967395579941 4.715637597667526 0
661 -21.92507528027117 12.59047192375734 0
662 110.4804544951561 12.56426202842707 0
663 123.0879770512126 12.57206851742916 0
664 49.53438949955021 12.45381223606921 0
665 134.456338619784 12.35755649733733 0
666 -45.34252021457627 12.0786463207748 0
667 95.45743169398241 12.23606557379444 0
668 149.4574316940351 12.76393442622266 0
669 164.4569538438144 12.34600085933912 0
670 59.4563541074598 12.64273440077357 0
671 -55.54841668805842 12.9787200183593 0
672 36.69250196849056 12.23120018533367 0
673 -27.07766855651706 20.19024341734286 0
674 179.0946508761622 12.5058848469703 0
675 177.4934997288946 4.611393528049718 0
676 64.55353445231232 12.61383326846175 0
677 -60.5834285381917 12.42767205256869 0
678 100.4573785065247 12.47602069155617 0
679 139.4827052142487 12.07129705637424 0
680 154.5605583070452 12.51968875542073 0
681 169.3878879617845 12.51665719724529 0
682 -40.2160221254176 12.37905047939165 0
683 -8.118095511196231 20.42191652760213 0
684 87.81975661123366 4.494009494890464 0
685 24.37607800613712 4.578138186178979 0
686 51.68751446612154 20.47516080628824 0
687 126.6902014960891 4.523554354660826 0
688 -26.85322692191715 4.531950768958636 0
689 51.89140342939008 4.532334610025369 0
690 79.83669651843509 9.817853552619892 0
691 -16.0034777646618 20.44459298998636 0
692 32.84974063305738 4.453452356819137 0
693 -12.57900589721457 13.29234041364826 0
694 101.3017255185495 4.777273498498478 0
695 -61.3017255185576 20.22272650150214 0
696 65.30172551860912 4.777273498495152 0
697 170.3017255185823 20.22272650150839 0
698 126.9325024225515 20.61340018246421 0
699 -95.88902458565441 4.161257739063656 0
700 195.5599445725251 20.77250438369774 0
701 195.5599445725384 4.227495616276115 0
702 -95.59790961736201 20.78728451026237 0
703 138.9256400143751 4.297378925057367 0
704 -59.8863391933795 4.386355009407141 0
705 60.00297309683871 20.68766117567134 0
706 99.96150618399639 20.69279554998353 0
707 165.0706578829924 4.308196602522526 0
708 108.2025168512616 20.64353147600901 0
709 60.28941052576214 4.298493283962954 0
710 135.7383823805509 20.67268044810679 0
711 150.7580349205631 20.83772298491317 0
712 96.28941052563226 4.29849328397952 0
713 165.2894105256951 20.70150671603241 0
714 -56.2894105256559 20.70150671602826 0
715 -44.72687568893715 4.192318612734574 0
716 178.2725540039745 20.19985092710484 0
717 22.59558288112438 14.68637594116366 0
718 -75.74011093182733 15.3681950873785 0
719 -42.3208272360646 20.59966450272179 0
720 176.7145561671938 8.836458227768297 0
721 52.37978088037864 16.2280230654116 0
722 127.4033475906616 8.784853932016816 0
723 73.18333432066437 4.143352170073502 0
724 109.3153623538403 4.223527693594026 0
725 38.43716647924662 4.322848544686056 0
726 -11.08290360085266 3.698902601901113 0
727 -69.20924725568455 20.83831553030091 0
728 182.9510983372516 4.135151569590324 0
729 183.0098557536263 20.98255930440057 0
730 -26.2684971830357 11.16812878464495 0
731 183.6343673208113 13.67996387159429 0
732 88.18940653211612 8.998430848503498 0
733 46.32162724157349 20.74373959441274 0
734 169.2486353255749 4.141381576374941 0
735 134.7495076424373 4.104375681555685 0
736 52.28089407170803 8.869262917291875 0
737 31.94497306625858 8.371761099224848 0
738 147.1670576352674 9.140829234976232 0
739 127.7468599329449 16.33346210198033 0
740 -40.50574346428569 4.176114240206046 0
741 38.52574447987441 20.82724406135672 0
742 -67.60920898839795 3.896366843826352 0
743 -83.20164519337919 20.99077292627976 0
744 -1.274610854648214 14.5481341601389 0
745 142.0090419713961 15.95250160812737 0
746 157.0444323292426 15.9168690295258 0
747 113.3073443283579 20.79141694790039 0
748 121.4489142535932 20.83669848960268 0
749 -72.49599825300379 4.127539460680877 0
750 46.22588259405452 4.103606874420647 0
751 -47.74784396922863 15.66261685679258 0
752 -53.2393059882407 9.314637765984125 0
753 121.3627533397 4.160401838485325 0
754 113.6794570661592 4.109060714463076 0
755 83.25092085233689 21.11468780617477 0
756 157.0916666666977 9.117830649214232 0
757 107.5221520159187 16.25074793191612 0
758 64.24437754001416 20.92691817923461 0
759 95.75562246009959 20.92691817922807 0
760 114.8309909353693 9.492313124936981 0
761 -5.689403201151802 8.596519764494138 0
762 14.58507897874982 14.99999999999987 0
763 151.9285168092954 3.864757542119744 0
764 119.4698807865323 9.59187784071805 0
765 -19.67060957220029 9.378171543265474 0
766 184.5031887079562 9.422236177294181 0
767 10.15876110842365 21.04528289749051 0
768 190.6114204949831 3.505470117337376 0
769 190.5531066290504 21.4515578444878 0
770 -33.62198205508653 3.992569778992225 0
771 40.00427551263326 15.54461393388763 0
772 44.57614069328505 15.43115647176223 0
773 26.16093008303654 13.18385979825729 0
774 102.4156223660849 8.909976087167758 0
775 -62.41382692605321 16.08852471888206 0
776 66.41564332059214 8.909958590207783 0
777 171.4389039721204 16.10946407346206 0
778 34.3541747307481 20.82577605635455 0
779 27.86658349257862 21.10253501850004 0
780 71.18231570229889 20.95534892535429 0
781 88.51908839075861 21.09708687946002 0
782 32.99777281457665 15.88551617768376 0
783 72.06803913338672 9.198537864009447 0
784 108.0210825973148 9.135683472062718 0
785 -22.352696732673 3.954350610904802 0
786 -67.48287749450492 15.63390608628639 0
787 196.1047467671754 16.20787562063471 0
788 -96.10474676717736 8.792124379379537 0
789 196.1846460414179 8.972082833835989 0
790 -96.18464604142581 16.02791716617872 0
791 -84.75018156072042 15.59817249507465 0
792 -90.48065929715048 21.04859449574014 0
793 39.74054216157245 9.003102784939481 0
794 -15.54756753946606 16.04970812053754 0
795 177.1102837216865 15.90202106456007 0
796 16.6588377075029 21.08670387888431 0
797 45.51858645966749 10.64757754166275 0
798 190.5154448313338 14.11379929993616 0
799 -91.08587736496776 10.35312580974807 0
800 4.756290719809605 14.71726830089649 0
801 115.0552739608848 16.23047602669022 0
802 120.0022627345245 15.73451400130483 0
803 84.34848875068349 4.108130364911729 0
804 -80.07025620766525 3.816625452445239 0
805 0.6416686235994853 21.19154477813329 0
806 189.5310258503318 9.146169360053527 0
807 -89.69532998378787 15.82811726567844 0
808 22.70301515295054 7.293954966946251 0
809 -67.26736653650431 9.132168862341748 0
810 -86.11301411322042 8.909873574674753 0
811 -74.08031698154193 8.165651553402791 0
812 26.94261962868537 9.312101040771839 0
813 -35.49506518099179 15.95282378723378 0
814 75.8195830850993 21.82001926941645 0
815 -9.148719080621536 15.18581314579408 0
816 -34.20490822728212 9.160029331649586 0
817 -91.13981221625316 3.794740787898502 0
818 70.90749011510331 16.13642600548255 0
819 89.20283341561218 15.92184952216364 0
820 -22.11306235107957 20.64898975711082 0
821 -73.56247374823515 20.64889325985759 0
822 -34.74585101915079 21.28951337133711 0
823 27.8143639391119 16.34511232528155 0
824 -11.43253648638553 21.49596473707309 0
825 -15.63296893187617 3.525573130859677 0
826 -9.688482178855265 7.502714853489207 0
827 93.12726522036154 15.1582082946256 0
828 -29.89344240476963 20.9923707151905 0
829 82.21500642740931 16.78672010387726 0
830 133.0532470884897 9.490431879414931 0
831 57.82193770750508 15.58660491787998 0
832 162.8023872345158 9.374367640282705 0
833 -37.97040698747519 10.63143320198166 0
834 23.46837183807532 21.47566276433981 0
835 0.4206443241545023 8.235474177460038 0
836 15.38089458062004 7.980600271401275 0
837 -84.67136275662446 3.610379052285987 0
838 -79.35799185920069 8.462612760617167 0
839 34.10188158622859 11.81061026321682 0
840 66.59955917765505 14.87784401594243 0
841 -50.71904442220895 3.383602158471721 0
842 -50.28095557781788 21.6163978415442 0
843 -40.40738891142696 15.33458020276844 0
844 -14.43085536132097 10.61859010454737 0
845 -62.90774308502266 9.944916372001972 0
846 101.5581908831747 15.98691832858235 0
847 170.8814375514627 8.882904402175379 0
848 140.5581908831498 9.01308167140566 0
849 -79.28835537773389 21.34034092726067 0
850 159.6608107414075 21.43134269610096 0
851 144.6608107414113 21.4313426961056 0
852 126.4585829171448 13.60261103799195 0
853 -29.84156559848345 15.88120837039354 0
854 5.376761781386384 8.54085961480201 0
855 77.38238488329777 16.66367956178689 0
856 144.931772364794 3.315314850425118 0
857 159.0667538251801 3.387174387314154 0
858 77.11260960383355 3.599290395618776 0
859 57.04880257747125 10.17832281392822 0
860 -54.97772014815433 16.2756352614784 0
861 92.9856767401017 10.01267821182947 0
862 147.0286813836458 14.89044931651685 0
863 162.0750521214789 14.67625842052024 0
864 -46.07543452581832 8.861515305277996 0
865 131.8454420276882 15.13522480115403 0
866 -23.74692311526928 17.86766856684653 0
867 114.3450647899974 12.17103820098538 0
868 -79.04040360786878 14.63002698757718 0
869 -19.90382798051815 15.21409334160733 0
870 16.53292145214357 12.69408640295029 0
871 16.70787596624864 17.75678363627422 0
872 27.33420987718204 3.159351266541404 0
873 11.35283953477763 8.413258335518631 0
874 174.4280317054484 3.350725180153014 0
875 188.0548310875814 15.95875916734739 0
876 -56.65972359741095 3.175166804501156 0
877 -27.41356137155943 7.774960655850001 0
878 138.5511260444525 22.2477882316085 0
879 153.5113900433173 22.00768126558428 0
880 90.97870519602249 3.246394868287096 0
881 -30.34131411421617 2.929886923078882 0
882 54.66788373407138 21.70496967557949 0
883 129.6690770041935 3.267963786254186 0
884 -19.10853314943724 21.30110371818822 0
885 20.32731175533556 12.4696327409319 0
886 -6.059432736842215 11.80648372892906 0
887 54.89984607601241 3.400458521548991 0
888 10.00101404381176 17.10212269277804 0
889 132.2590684823099 21.84903032076744 0
890 -16.55381442297788 7.822284042069841 0
891 11.65230890965177 13.83448104972807 0
892 -62.98124939180327 3.166721177785873 0
893 103.0235178768077 21.18369241114829 0
894 184.4056161359997 16.51340691397775 0
895 3.476742585657495 22.35520608966173 0
896 -32.97961993263023 14.12441727702153 0
897 191.8318817867549 10.38804966979287 0
898 -91.87088960335655 14.60874244318617 0
899 6.312362502721617 12.29430386664823 0
900 69.53338554067636 2.406511365407957 0
901 105.53336895752 2.406492873053384 0
902 -65.53194541955079 22.59509394161883 0
903 174.4999999999593 22.10262987012966 0
904 -89.52329281238784 7.979922782049198 0
905 35.5388852062956 3.164703187364091 0
906 42.54057144251074 22.81323803109316 0
907 134.2416914323393 17.28597478715885 0
908 149.2000908998354 17.27190251024793 0
909 -49.21096701382899 9.292706227075222 0
910 164.38451730995 17.63691741518415 0
911 95.43768294606235 7.172306979612482 0
912 59.44810274069606 7.220548090447919 0
913 -51.79789209851103 15.73015220068761 0
914 -73.84051788728141 12.79624557957843 0
915 13.21113673381545 21.9233603269745 0
916 141.6005882097418 3.050295522964993 0
917 162.3574089520133 3.031588902812148 0
918 45.37365756942727 6.920414540938015 0
919 77.77985563113108 12.03124488388051 0
920 -53.43494394000724 22.14249176783006 0
921 -47.17335498534069 3.175690718041263 0
922 -5.563198178746758 22.01197983976167 0
923 42.48203860204734 2.088217241288624 0
924 144.2860020190073 9.56946121333044 0
925 186.4296372498696 2.143150433686241 0
926 186.1290575585006 22.01962017579266 0
927 67.2750003279975 21.92055785254972 0
928 92.67406894653683 21.84054151776492 0
929 123.8616599227869 22.3106067155646 0
930 -60.90005930794882 7.321326054707463 0
931 174.0135563116613 9.407545891743313 0
932 48.80527659096234 2.694322857604336 0
933 160.1132649502763 9.261763365670252 0
934 -37.47115571195501 3.130142436376516 0
935 48.60180654166759 22.43945227057167 0
936 -44.57500593688079 22.17428769741836 0
937 -86.45567093631423 22.4165200376826 0
938 20.79737555352727 16.89093134806467 0
939 117.4999999999838 2.687987442294924 0
940 117.4999999999209 22.31042445214381 0
941 -84.57134642144486 12.58927749485678 0
942 65.08908217806791 17.52924467636512 0
943 94.94120214082653 17.45595032209841 0
944 180.3423849064159 2.59576766900793 0
945 -5.997539610752339 18.17101454361491 0
946 111.1621789483268 22.34799904471392 0
947 163.0942829308797 22.54280094403705 0
948 148.1723869966829 22.56550365551728 0
949 182.0110987474149 11.39948569385082 0
950 82.94126848627565 10.54919065850188 0
951 25.52539404774496 7.178060073505255 0
952 -39.7065503383235 7.243037191342101 0
953 -70.17690651721507 2.922331622664005 0
954 30.32981157385035 22.48498610429305 0
955 124.886230311089 10.32183727774279 0
956 193.1351281735485 2.446352202589983 0
957 193.1254091958817 22.5464857910369 0
958 197.3029835317896 12.14106795866063 0
959 -97.30361809403588 12.85865916417205 0
960 1.83288272727141 14.08868480764635 0
961 123.6386343295325 2.547638252545358 0
962 -38.7476647337599 22.71470808037115 0
963 85.90570122158691 21.95395771743247 0
964 54.74748299372811 15.49947616033509 0
965 130.0117494331577 9.526335665749938 0
966 20.37296309218201 7.523546005405553 0
967 42.28769967565223 8.966749565374881 0
968 -93.17820537463435 22.38697710028353 0
969 104.8896234763227 15.52707730993221 0
970 46.96229303017529 13.32887355250754 0
971 -11.65367530693482 8.903041323197687 0
972 -1.464225103483394 17.44694999878858 0
973 -78.00592520992041 2.191598499515888 0
974 -29.10315500451001 18.68247280391049 0
975 30.68441053198484 2.397340524471713 0
976 57.84364409691801 22.58886555231382 0
977 87.88968040598155 13.79612187576079 0
978 174.2735693507431 15.91644803404205 0
979 99.11527056276529 2.74221491956015 0
980 -59.11527056277029 22.25778508044445 0
981 168.1152705627971 22.25778508044993 0
982 63.11527056283469 2.742214919547342 0
983 35.16580325581064 14.40358813930656 0
984 94.14507650517939 2.399301383499417 0
985 -3.202490143834589 7.718005813953535 0
986 189.9343521149407 18.55578966604398 0
987 -19.89863169425632 2.485078222570359 0
988 -71.92251501718739 9.721950575620118 0
989 78.50000000004327 22.51402988509426 0
990 -78.28428641427882 17.86837807949786 0
991 -97.62696419768263 6.774922950772361 0
992 197.5383825030254 6.720721552173832 0
993 197.5799527672356 18.21561449534582 0
994 -97.5967905271122 18.19201759141785 0
995 81.82614539888873 2.572772138982324 0
996 137.0436285099248 11.15786243376395 0
997 -42.97033571787177 10.86166903885309 0
998 151.9174162016208 11.33042997826198 0
999 167.007896174892 11.39473770490918 0
1000 97.93072580269531 13.69577054389036 0
1001 -58.00789617488433 11.39473770487396 0
1002 62.03568485635763 13.66155971385171 0
1003 129.1380125496218 22.63293868859504 0
1004 -51.6629618322735 7.326123033160352 0
1005 -49.33570399053238 17.67457499414939 0
1006 -1.960580835492208 22.30758251248608 0
1007 -44.38126662322468 19.01981459815938 0
1008 58.13070086089843 2.422620953106675 0
1009 105.9979721759858 22.53430433369106 0
1010 120.3992866195801 6.870818690210787 0
1011 69.1774051454188 9.658503811260566 0
1012 104.9953147618918 9.488046131674762 0
1013 85.86139148853344 9.876961192379424 0
1014 184.0530226164256 6.761967027357645 0
1015 -0.09643892395815203 11.7431259199895 0
1016 -64.74747729076614 15.64451719725139 0
1017 -56.97280426329696 5.813066029557955 0
1018 33.35645839805576 18.66606446532782 0
1019 -84.28474238424265 18.50527919224305 0
1020 18.82596906783968 22.60887140640454 0
1021 180.6360403702965 22.50933119672008 0
1022 171.6033434584001 2.469567686727995 0
1023 114.6646576014234 6.480182334485478 0
1024 21.74795602930133 9.83730144898851 0
1025 6.449189016156174 17.47422458671436 0
1026 145.8470615857088 6.793278060236632 0
1027 154.8546059626281 7.618535105727455 0
1028 111.4746348331378 2.406293672225833 0
1029 -53.53993876184406 2.370876295272561 0
1030 112.876427719959 15.15973585109363 0
1031 -22.8671166594048 15.44574690494104 0
1032 73.10492481651023 15.08707909663242 0
1033 132.5019918911251 2.37858886507338 0
1034 -87.04858589771766 2.512505220994767 0
1035 154.3661542001916 2.795814468840877 0
1036 149.5375172554054 2.753410232112691 0
1037 7.252367593549056 22.26999760355136 0
1038 -14.48886632107353 22.42505540303596 0
1039 -77.0514467876074 22.74751654962937 0
1040 193.6610882976549 15.04222184576258 0
1041 -93.88972404548353 9.858476637373593 0
1042 158.3754906511852 18.16959863139578 0
1043 143.3724812670301 18.17262861257873 0
1044 -3.430740679420395 12.91572890641992 0
1045 45.25264607490109 18.13451729621119 0
1046 148.7885319889491 7.476211975593544 0
1047 112.3025364413344 10.46740482370771 0
1048 -47.57206065692961 22.62911008051642 0
1049 81.21414303324647 7.502902184570946 0
1050 -74.36893088935591 18.11347282756404 0
1051 78.04209762130608 6.928971505901324 0
1052 -29.24127838348352 10.0370499078419 0
1053 39.20196573265578 18.01810850475777 0
1054 158.2848415619495 6.625708320667604 0
1055 153.4237841511307 19.28709580137374 0
1056 138.2962856727732 19.34789349836648 0
1057 22.04807900328946 3.749999999999996 0
1058 -93.45418295227576 2.424697172529961 0
1059 -33.4864375062057 11.32742907653959 0
1060 -21.19981518802151 7.008494504273568 0
1061 -13.14374466722224 2.575814802679904 0
1062 -82.35955735389982 14.58544077746121 0
1063 82.74992492296408 13.67211336143281 0
1064 -68.36511626708503 11.28871641448907 0
1065 -40.78426504800257 18.43642881589242 0
1066 134.5068065708507 7.034230089001735 0
1067 3.530179979728727 19.40148052315305 0
1068 -45.31001765206953 14.90618510986556 0
1069 -65.78059472902591 2.270977096847934 0
1070 -9.398481540751934 17.84933528701511 0
1071 61.95199106172626 11.14213043711037 0
1072 -57.91810704066059 14.12513690079691 0
1073 97.89690775141068 11.02887180328758 0
1074 152.0156702050326 13.97647077205114 0
1075 166.9290344621794 13.87876517535048 0
1076 137.1023222091619 13.7548728031757 0
1077 -37.85735674380844 14.01601527375628 0
1078 52.13592174463184 13.7481307979273 0
1079 50.19217822537707 9.754729600295367 0
1080 36.47189953237556 22.39438129230454 0
1081 -32.10585759261522 22.71205881879881 0
1082 107.5505236673878 13.9571489147447 0
1083 156.5081604519348 22.69620214104072 0
1084 141.4999999999065 22.74615759705991 0
1085 64.15781492295093 15.08534388398249 0
1086 102.4710741278155 2.38215845093715 0
1087 -62.47083687148844 22.61810601817578 0
1088 66.47107689171182 2.382161532993779 0
1089 171.6455463119844 22.54723357206808 0
1090 22.88860945308738 18.73640218241986 0
1091 161.8756979036739 11.56357498417185 0
1092 -42.9000782287704 13.69403116410479 0
1093 -85.09128537320534 6.275661682115225 0
1094 98.46772633952529 5.772843471980529 0
1095 -58.69365049898179 19.34232825522759 0
1096 167.4588654002081 19.1953605938274 0
1097 62.46946297203829 5.780883657113526 0
1098 142.1038965842014 11.36607138826504 0
1099 -68.95521721871215 18.29047737951914 0
1100 -24.89596858368357 2.687431602976198 0
1101 108.6745307193292 6.403211735977812 0
1102 72.82014345982248 6.296991329213217 0
1103 -55.39944121076883 10.23746268992078 0
1104 72.08487600870006 11.9285035021624 0
1105 74.82940261492506 10.48011274113888 0
1106 56.94868623906228 13.33156107141568 0
1107 9.166494492541947 7.189991542280304 0
1108 131.8994728347259 11.72889235270409 0
1109 -27.87312869888843 13.21754839775221 0
1110 136.9153816438021 2.970975754042539 0
1111 167.0672895811316 2.984311787608216 0
1112 49.51430195019291 15.27759493066506 0
1113 -23.80154232838791 10.57778919724726 0
1114 -24.78632279671822 13.13324039800097 0
1115 35.77597483488304 10.25285945085221 0
1116 175.5678178323762 6.593765193519915 0
1117 154.7197545863862 15.08191924433391 0
1118 139.5449707249227 15.15565105325596 0
1119 169.5304046088641 6.963624960828085 0
1120 10.72601266281961 10.9480554755691 0
1121 -71.88729956383703 14.62544795121089 0
1122 95.48577939786068 14.61158000537802 0
1123 -42.17555876658224 2.605143809702781 0
1124 67.11287672942603 11.85722804948406 0
1125 -63.09166666664942 13.59990280067289 0
1126 102.877420942604 11.29383763780099 0
1127 171.9100245272676 13.72857788715887 0
1128 62.10458798497346 19.32984430291393 0
1129 97.83558380619347 19.23111669156452 0
1130 -90.1191635870197 18.43026493637028 0
1131 59.20669208916067 18.12071897039469 0
1132 164.1524104603199 6.744646313412356 0
1133 89.39028568825542 6.764644999547869 0
1134 -60.23219520748549 9.902603770537613 0
1135 124.0226061406617 14.82486221237551 0
1136 179.022613950706 9.841211119005349 0
1137 176.9358649814656 11.5019147060982 0
1138 81.21232516596331 22.34024235417515 0
1139 -40.7710955954694 9.852286150914187 0
1140 180.0607648490214 5.487723448160089 0
1141 62.6460376640327 22.38821541896992 0
1142 97.44482953535538 22.341982034027 0
1143 -10.17195338732531 13.14354807228396 0
1144 189.5932724687611 6.344943484900826 0
1145 85.14601579742184 15.49578167579419 0
1146 149.4616408732918 10.15467391062256 0
1147 -17.55834533901911 17.69480322463011 0
1148 -82.35084519239885 10.02045614883491 0
1149 147.0208727404416 11.84014205242494 0
1150 79.82560745377833 17.22993755894151 0
1151 185.8170023632441 14.20401688304127 0
1152 -8.479895365159061 22.85379896392713 0
1153 120.2053885830657 12.35799319037823 0
1154 122.0040429207565 9.996824283602971 0
1155 178.7496011806633 17.69183450993949 0
1156 72.49905897270941 22.64384852391497 0
1157 -47.64824155526721 13.40803352898158 0
1158 -53.28301606522817 11.62167793126511 0
1159 86.24771215849718 2.535120248008013 0
1160 181.2235620868937 14.41781799743212 0
1161 -19.58549118445037 11.96305765782389 0
1162 12.65803632361665 16.88973954870628 0
1163 -89.69573814628805 12.88349059084557 0
1164 -26.63768910975109 22.72553649521872 0
1165 39.96503891658375 12.15611824538568 0
1166 -79.05492797984184 11.19377478774487 0
1167 189.8837316190647 11.68720755950655 0
1168 27.91284373751231 18.64261666287274 0
1169 53.3909456721175 18.49305962695491 0
1170 3.113523747275083 7.318645733141462 0
1171 128.4572671453785 6.526096943817273 0
1172 29.67845699170969 9.418854595898187 0
1173 40.35013853835325 6.7700579999589 0
1174 117.6136323171334 16.15255289944107 0
1175 50.56337300146144 17.92151229114586 0
1176 125.6737900269687 6.960829560161178 0
1177 -80.09719685094402 6.035319475144032 0
1178 101.244385710047 18.58470554333386 0
1179 140.2400259492329 6.390711684950926 0
1180 86.57932188107807 6.930047665948965 0
1181 53.45933498587897 6.803005735890022 0
1182 30.8692588255292 6.452257512290208 0
1183 113.930185088759 18.44988125339475 0
1184 120.3118342582586 18.48861603489308 0
1185 156.9500106639405 13.56195032708239 0
1186 -42.67562864194913 5.511562931527701 0
1187 21.15566728916852 22.85797872250595 0
1188 177.4527832681596 2.111577275442132 0
1189 -17.60886956719719 2.114133077864275 0
1190 -34.03354469369587 6.517845960289802 0
1191 -71.33680652287468 22.51460721513509 0
1192 -35.07888450455302 2.244432562812662 0
1193 17.91146060173666 7.528069912522357 0
1194 -13.51199962853561 15.65521428466741 0
1195 69.83233170671664 22.68684622770898 0
1196 90.24052022786634 22.79899724418965 0
1197 75.93682976445908 18.82017656375212 0
1198 109.7235955161772 15.42470738152621 0
1199 50.70687059810041 7.279028570919919 0
1200 51.5461346285235 2.06874899975185 0
1201 -76.62394613083627 8.614235325190174 0
1202 176.9654547027399 22.66320539474581 0
1203 -34.82895857710533 18.5394388933083 0
1204 -13.69580565435181 20.02714307440058 0
1205 66.98141737715929 6.366073810019257 0
1206 102.9814173771265 6.366073810016663 0
1207 -63.05210856104914 18.38328161637981 0
1208 172.1091255838898 18.38931566485821 0
1209 -97.5889917695292 2.372777777799202 0
1210 197.5889917695335 22.62722222220552 0
1211 197.5889917695579 2.372777777764894 0
1212 -97.58899176956574 22.62722222224604 0
1213 -24.49913873367886 6.189228153516412 0
1214 106.4717677855188 18.44023210830775 0
1215 100.2577617248547 9.987863745213046 0
1216 -60.21300831706758 14.97860443578369 0
1217 64.21300831714524 10.02139556422867 0
1218 169.3022999416761 15.03940933104567 0
1219 33.71812219624657 6.933353661649466 0
1220 181.0673260168412 19.59951669600013 0
1221 -74.93317239191289 2.66658670037107 0
1222 -88.31398682504505 10.10736684986885 0
1223 25.32563926300699 15.11109463493274 0
1224 51.59144094846163 22.92391655048788 0
1225 126.5995825659842 2.067831278692074 0
1226 126.1219677221008 18.22275582290487 0
1227 128.7291951624676 18.5003487455322 0
1228 33.23317224036778 2.082410373086675 0
1229 -66.88558022713826 6.418956681237548 0
1230 80.70700137225354 12.09570455510029 0
1231 126.5864349789493 23.11138911732477 0
1232 93.02696889313211 12.84699094379354 0
1233 79.16768579169084 2.177540026453725 0
1234 154.3637732773238 10.0431098556938 0
1235 -16.92017544698214 22.8341504222421 0
1236 194.8788101271758 6.606443195528964 0
1237 -94.93224753309963 18.38416700574254 0
1238 194.9880857719741 18.60338772526235 0
1239 -94.9205377435284 6.70666171051404 0
1240 70.36806644331485 18.69373897718541 0
1241 88.92098686365763 18.40615713358941 0
1242 -7.543878731092101 7.181225781087027 0
1243 171.6875167721258 11.14008531639076 0
1244 156.595079485624 2.247268248369573 0
1245 147.376020631907 2.200148388711076 0
1246 -56.50237496213987 18.60997184721715 0
1247 -45.9964721095307 6.213374510761729 0
1248 100.5963082235741 7.251234879101561 0
1249 -60.64895990508128 17.75918567571571 0
1250 64.5926521164231 7.25476842562975 0
1251 169.6097449673748 17.56887109677854 0
1252 111.5651551417154 5.278546409796645 0
1253 -89.23397288778345 2.151327169042089 0
1254 8.891492153142728 12.4778744093502 0
1255 77.19186681458893 9.425215943160669 0
1256 144.2498530241445 15.26684285361678 0
1257 159.2505034925731 15.20322870844997 0
1258 109.0766675986892 18.07773408152631 0
1259 108.4725335950945 23.1051669708828 0
1260 -26.74417894638839 17.98683526256059 0
1261 127.4926055457757 11.11467712262474 0
1262 -59.60482777375552 2.051639919281335 0
1263 123.439870788452 5.335493477778542 0
1264 39.54794102049678 22.76654441596781 0
1265 88.14316035488957 11.29359473584904 0
1266 42.30732984990717 14.15459509629066 0
1267 39.59572215451388 2.040504907044209 0
1268 48.28915360834124 19.63333467944122 0
1269 76.76460821992187 14.29894856952657 0
1270 137.1083328934469 5.870402183001894 0
1271 -3.670454045637843 16.53566936638468 0
1272 -15.01757546448366 13.73898000403926 0
1273 72.33711770813433 2.131106090547201 0
1274 108.4999999999419 1.924102684511905 0
1275 52.17430643965952 11.21198476960468 0
1276 -69.59008944426373 9.792707456627486 0
1277 185.212630176184 11.90717378818587 0
1278 24.29967636574822 2.031056120206513 0
1279 -68.46256679513981 22.99742332872912 0
1280 24.20194972317104 12.88813307293344 0
1281 37.69663059948061 14.80936274480032 0
1282 186.9068839895261 8.360465799261044 0
1283 -17.38323699980488 10.11830105731603 0
1284 -41.4573535938877 22.88196247879077 0
1285 90.24434600381129 9.386846075215921 0
1286 96.5099515186957 1.888001917407818 0
1287 -56.46561979525798 23.08467862133791 0
1288 60.50707638989175 1.892665831323394 0
1289 165.4999999999451 23.10731442809753 0
1290 150.4999999999214 23.1073144281026 0
1291 135.4999999998972 23.10731442810857 0
1292 -81.20865845870118 19.63368751419963 0
1293 -46.25558471619712 17.4656236095699 0
1294 -74.39643777906855 10.23969175062478 0
1295 33.42389140448579 22.73355342085567 0
1296 -74.63266835026141 22.8742298077029 0
1297 88.73197566358796 2.389579336055055 0
1298 117.5034616188556 8.229609399739529 0
1299 -7.684347208208475 13.67009859897117 0
1300 166.9423179719415 5.752595486422708 0
1301 114.4905082279408 22.90929715640982 0
1302 120.4953023345278 23.02097108740254 0
1303 15.30412156342547 23.02616402736736 0
1304 -88.6589478982587 22.64934499433314 0
1305 36.36606008987583 19.63394473315805 0
1306 -9.221862497539243 2.186955534525184 0
1307 30.36244768434381 14.85067844925196 0
1308 -29.05924258840966 5.444746446544451 0
1309 -54.70483409055783 7.501305286478403 0
1310 114.5358811336078 1.992193857288063 0
1311 120.4811160534045 1.95811523522332 0
1312 45.49999999999466 1.84185466380592 0
1313 -76.94008915845171 13.33279169519219 0
1314 195.4548691075852 23.18924247938803 0
1315 195.4568129031305 1.809325119326198 0
1316 -27.80809249558388 2.362505534310574 0
1317 117.514437015239 10.71005931278836 0
1318 197.9614821084177 15.20952128031926 0
1319 -97.967154250406 9.789319739805775 0
1320 198.271376295786 9.722222222182685 0
1321 -98.27137629579148 15.27777777783965 0
1322 183.5000000000139 1.831948754948766 0
1323 183.4999999999735 23.16805124505735 0
1324 8.584798937731401 19.29899144656002 0
1325 102.5148341912601 13.78901227603141 0
1326 44.48304279967533 13.0811849623969 0
1327 54.28703385739875 9.436816024429492 0
1328 45.4605714674471 23.01365595150448 0
1329 -93.13566134433198 5.035466965208063 0
1330 75.35678245882387 5.415090612866147 0
1331 74.84379146577702 2.204523311480451 0
1332 48.52135625537962 5.666829489291261 0
1333 -71.4687370640316 19.6113961889229 0
1334 -68.22561432533931 1.877436917692796 0
1335 188.7722492061455 22.83464378640087 0
1336 188.8440279176127 1.989315927857627 0
1337 18.87235404586024 18.16647759049469 0
1338 35.79185154266716 5.754041050125802 0
1339 155.5913805904995 17.72844086542223 0
1340 140.5412313683887 17.71246813399897 0
1341 -32.51654762605776 1.957404291092804 0
1342 -87.16258665053812 17.04438622445811 0
1343 111.2860031845661 19.66293154992249 0
1344 16.4651274696904 10.46645376087229 0
1345 141.8074618908558 13.63685801675854 0
1346 -95.47302135230956 23.16029676655839 0
1347 178.3653146595936 7.215753519693866 0
1348 153.2009091685072 5.543536475825393 0
1349 25.56494386695274 22.72996720234645 0
1350 -31.84236816859846 9.371457546528992 0
1351 -81.54472750853952 22.63353948321525 0
1352 176.1536508898324 20.43453107448683 0
1353 -11.51957816613137 6.067566752978672 0
1354 -82.47971860327942 2.329472057617426 0
1355 26.39094157600062 5.316714242323923 0
1356 123.5596624730568 19.6462842336256 0
1357 129.3881735664212 14.8498289851385 0
1358 184.469603791083 19.11604299468485 0
1359 81.53087971419546 19.33686031110545 0
1360 194.286169245085 10.55030729415743 0
1361 -94.29453561312934 14.4485697546998 0
1362 9.80318077664047 23.10616153314625 0
1363 -72.28622322606003 6.624924266209088 0
1364 -74.7360027153843 5.892273994925374 0
1365 73.39665809404146 20.19416544737949 0
1366 -21.1372098566188 22.9144290942716 0
1367 100.850591683102 22.70338125342818 0
1368 -44.61515788819396 1.994630628095724 0
1369 -5.495318664437908 6.55852253586409 0
1370 -90.80495723973857 6.036940028896717 0
1371 59.99055997503942 9.945357065257504 0
1372 95.89664441371093 9.84388277436579 0
1373 164.9786214250391 14.9989784572727 0
1374 149.9305422224382 15.10464616705382 0
1375 134.8260901785211 15.04749698340403 0
1376 25.64340704009398 11.39573336981232 0
1377 138.8883219736051 2.06373004041298 0
1378 165.0990712832394 2.064819458588578 0
1379 57.94721207943223 4.911435183348137 0
1380 192.570943606994 19.96047366372592 0
1381 192.6376383867076 5.151289624922155 0
1382 -92.85138808401686 19.65851210741273 0
1383 176.512271177299 13.75153802533145 0
1384 93.8185065543783 4.797725403175882 0
1385 148.3420247717189 19.80066654907411 0
1386 162.7191847442191 20.08476687186382 0
1387 198.1360229930424 4.428867048290105 0
1388 -98.14104033315698 20.56735948598318 0
1389 198.1381872092092 20.56781850183783 0
1390 -98.22099611057324 4.328458360205557 0
1391 -53.22140899999279 13.82123708235391 0
1392 -47.75543266190056 11.22818027641774 0
1393 -1.016092409990702 19.6751262677293 0
1394 -15.62158982745422 5.778091329873909 0
1395 -54.54079960683767 19.47327262168047 0
1396 -61.87684518401875 5.317723685354326 0
1397 25.47657167709548 20.08435426245293 0
1398 -58.92180060139901 6.486335446299156 0
1399 82.2310106708529 5.247510276318667 0
1400 70.96324670312842 4.385971399611218 0
1401 106.9809727475584 4.383516913568115 0
1402 110.0422359939957 10.34338290191806 0
1403 133.6269462466616 19.39631426934705 0
1404 136.0939228585787 18.58626085965792 0
1405 151.021816415896 18.63884608249409 0
1406 87.89474050478483 23.02808838632046 0
1407 -7.320035342712712 16.33554705596465 0
1408 -9.008100739210091 4.876766503425343 0
1409 -67.05918040409698 20.47131493506509 0
1410 21.88582717455165 1.712992609460498 0
1411 30.60603914792913 17.15005389028515 0
1412 41.24969855080305 4.332779873529807 0
1413 -69.58581451008038 5.13609048751213 0
1414 -69.03721817580137 13.61637123467948 0
1415 60.29853097162015 23.13294842939101 0
1416 13.37652669791663 7.201263186208025 0
1417 83.88757593904448 22.93774822700138 0
1418 27.79674244836767 11.67470119089875 0
1419 -82.50689372018832 4.879503685054407 0
1420 84.30936491093081 18.89001337509208 0
1421 31.99455366513885 10.75773892723231 0
1422 132.5438611168103 4.656952623688419 0
1423 150.3937230217361 5.487588445529052 0
1424 -40.11747972993974 20.78656606751 0
1425 40.74943066777667 20.5644031110525 0
1426 7.198122218980425 7.072856321830431 0
1427 -65.31751677797907 4.492010250199832 0
1428 -4.293931699590123 10.33249655549162 0
1429 -36.45916050686012 22.75469175693622 0
1430 37.97060100933278 10.23470321777622 0
1431 -25.17545153464505 8.880149104819983 0
1432 70.98565552663449 14.01421394011292 0
1433 20.51636513191556 14.53114092603187 0
1434 -83.82858673524329 23.03329121278539 0
1435 115.3456075289799 20.71907980089941 0
1436 119.3454776966951 20.74063622943423 0
1437 -31.52636385354463 4.848535275479391 0
1438 29.79505255928089 4.59037096188426 0
1439 -51.4136015516124 10.20590730070659 0
1440 -49.6303001305329 14.73831787724798 0
1441 -23.55099082382589 22.69584007168971 0
1442 171.5041601353434 4.680442819960907 0
1443 -95.58643986148923 1.791746537878564 0
1444 -39.56102839033948 2.171842004394926 0
1445 -21.66598805556936 9.767561728431055 0
1446 43.90493789341009 4.277283717057728 0
1447 115.7526469600143 4.264859054539216 0
1448 119.1636380969507 4.305304798366702 0
1449 185.2638240836034 4.284573730396969 0
1450 -72.35205707246058 2.083730451639733 0
1451 69.22808580608113 20.70367575781971 0
1452 90.6415906787694 20.58960224306483 0
1453 -87.01658813091782 14.63116614650683 0
1454 156.4262924169236 11.47237947383258 0
1455 -64.9082993903174 8.512079216683192 0
1456 32.18952025595275 13.46855273528709 0
1457 107.5147512956271 11.42529013837854 0
1458 43.76723803280485 20.69970699539941 0
1459 16.45498550063724 15.64398621339909 0
1460 42.27015652766707 16.70194654850532 0
1461 -11.51367183339774 11.23582171777716 0
1462 -92.52356606548051 12.42614157200856 0
1463 192.4863986743989 12.42393676756058 0
1464 28.10550296142247 14.08795564972981 0
1465 91.5545597837464 16.68829263701798 0
1466 -36.22851783528449 8.274519062222353 0
1467 2.98688455502996 16.636472482662 0
1468 -17.343230873072 14.60033876034032 0
1469 122.1013948126319 14.51509541977851 0
1470 68.17016629481022 4.491062806276203 0
1471 104.1731094256515 4.490651510425398 0
1472 -64.10528477952997 20.49770201610837 0
1473 172.6025305895732 20.44655754182204 0
1474 191.0389297618015 16.34371235537944 0
1475 -37.86255354048826 17.00808738432201 0
1476 87.32713157856473 16.18537497590991 0
1477 -14.75488683474939 17.95981852433184 0
1478 -35.46832660553373 4.354010093406877 0
1479 65.28949738598564 22.83966256398902 0
1480 94.71050261412282 22.83966256398476 0
1481 188.1131852003039 4.231681288156159 0
1482 188.3794096789723 20.72539587205563 0
1483 48.06649879302263 10.93125248247483 0
1484 -80.49508798024065 1.581309111560866 0
1485 -32.70086116204464 20.54427193041925 0
1486 86.79568972661528 19.73483491110766 0
1487 46.71781711297857 15.71101602829569 0
1488 176.4726588573869 17.98577021012088 0
1489 27.69332979704177 23.29909127161475 0
1490 23.35305696502251 16.64874917016392 0
1491 129.8785326291813 20.410001110071 0
1492 24.13165860826791 8.864524377670806 0
1493 168.9838536730323 1.91905221014223 0
1494 135.0333762354953 1.890788060134321 0
1495 90.93085989067595 14.6184236707457 0
1496 135.3546490582654 9.82955394609362 0
1497 138.6345429762767 10.1200366616348 0
1498 99.8182707219832 14.84739041464694 0
1499 168.9351439638329 9.920888707587762 0
1500 165.0839295427144 9.671950503587563 0
1501 60.12252020399821 15.31005529430451 0
1502 21.78064897337851 5.614676778198317 0
1503 14.83564443842035 17.208929832549 0
1504 -33.39777736650219 16.55333990590519 0
1505 -11.19556835644722 1.799526369625996 0
1506 37.33133920654615 1.977860275388652 0
1507 -96.01157974461978 10.79856054983041 0
1508 195.9540753943074 14.27254432831702 0
1509 84.28446926159833 1.843204550380414 0
1510 -85.1529251568349 20.72328476967058 0
1511 -35.71974864996346 10.36234442465025 0
1512 -29.49999999988814 23.46366313272517 0
1513 38.08916165637731 7.426116239083157 0
1514 125.5940197686616 16.08978839085221 0
1515 0.6059091512631105 16.22663541602249 0
1516 -13.48378616290048 4.81693180622714 0
1517 75.19084961998684 15.91653190654718 0
1518 187.1647670963953 10.55681966247809 0
1519 57.55093376012284 20.35163965599094 0
1520 18.36921830960349 11.9336187106898 0
1521 -11.17038076948516 15.50228344252965 0
1522 129.8968925576391 16.73667150289376 0
1523 -69.81391383631971 15.88840572288726 0
1524 115.561168581725 14.24817637656812 0
1525 178.9670323647858 15.04332780937886 0
1526 -18.68520534987563 7.513135790676513 0
1527 68.53400432349864 16.78276626968114 0
1528 33.9271805576949 9.362138389619096 0
1529 32.39203513049544 20.73422383702717 0
1530 15.32190131207061 19.41015976957961 0
1531 -24.70391994788635 20.12406153502917 0
1532 105.2617983279792 20.34212597108639 0
1533 0.5479468203698605 23.37621469533174 0
1534 14.55444748315132 12.70650706534191 0
1535 -73.55886261146017 15.84268893243963 0
1536 69.10178458720782 14.58756528570872 0
1537 182.0993803080171 6.077202911691971 0
1538 11.52628566001889 19.46457415390087 0
1539 22.2672118759799 12.10290884466322 0
1540 1.018421237488822 0.761809465415199 0
1541 1.722994094103394 0.7232908869167094 0
1542 2.449797937987996 0.7214673242368412 0
1543 3.154594697599252 0.6959557106083825 0
1544 3.879377813309872 0.7238438620529092 0
1545 -0.8194089287384598 0.8182667585482807 0
1546 4.641225381594009 0.7453299568584922 0
1547 5.401237589503364 0.7073137684513583 0
1548 6.138250052841514 0.7150699999984971 0
1549 6.878449907351013 0.7410555083410623 0
1550 0.505882849525735 0.907522601032317 0
1551 7.667329147634764 0.7217418777915451 0
1552 8.448869576246661 0.7526281517344287 0
1553 9.278877196013209 0.7463396340462544 0
1554 10.01424036570771 0.7167190479965755 0
1555 -0.3474796112031762 0.9159936143028655 0
1556 10.76985727546026 0.7226444257418214 0
1557 11.54820457083741 0.7485456858637555 0
1558 12.36207435044664 0.7175150388761085 0
1559 13.19415863962212 0.7194479532879675 0
1560 14.04274673587487 0.7580081088158306 0
1561 0.06482443805793955 0.9063640732187577 0
1562 1.309380831715593 0.4375425802563376 0
1563 2.125133751602691 0.4593750864404019 0
1564 -0.7904813263681012 0.4309130756862213 0
1565 0.8152678615624535 0.4116825786608731 0
1566 2.814636036041632 0.4407248449255456 0
1567 5.029096220813527 0.4880403314504029 0
1568 4.256003179412684 0.4685534162330275 0
1569 3.50286463341411 0.4488553422483357 0
1570 5.727430025301905 0.4319007949876209 0
1571 1.794259932391971 0.3398160054990171 0
1572 6.550348802166377 0.4303877036716823 0
1573 2.457489653124331 0.3499301973625351 0
1574 7.317346659935866 0.4466496015076271 0
1575 8.037159090279934 0.484609527128782 0
1576 8.862711784406676 0.4889538966406055 0
1577 0.558705141657707 0.5587051393554031 0
1578 2.072282688811755 1.024469869477428 0
1579 1.379293829607716 1.025285776855823 0
1580 -0.4667789327802675 0.6518459960009511 0
1581 3.46858711841362 1.020179660605915 0
1582 2.851822608759706 1.030078842404359 0
1583 4.24463277741356 1.004644251407131 0
1584 9.63575055223802 0.4578094368702307 0
1585 4.989215929012921 1.018098773281932 0
1586 11.15480224287457 0.4718263368896637 0
1587 10.38701269153074 0.4459719795512147 0
1588 4.634783081872969 0.3731014125185565 0
1589 3.879608911664862 0.3683806150415598 0
1590 3.156998219114518 0.348460890563121 0
1591 11.94775939825659 0.4779006254450129 0
1592 6.500991766646405 1.026291369116079 0
1593 8.867806006169699 0.9692025834464228 0
1594 5.800679890042934 1.047083908642279 0
1595 12.76571303935446 0.4848411396981123 0
1596 8.027654607948556 1.016450990405545 0
1597 7.27949381117074 1.042279640414954 0
1598 13.60945107101518 0.4915600181556543 0
1599 14.50422059243511 0.4877524180190727 0
1600 13.60247720726527 1.00174278785815 0
1601 14.47790845970261 1.00979389985709 0
1602 12.76836525330104 1.002569598287677 0
1603 11.96525844047586 1.024946089262059 0
1604 10.38233880395639 1.026444752433213 0
1605 9.644158822286771 1.031373529454288 0
1606 11.15175804744326 1.018455716304432 0
1607 1.073640344107374 0.2805409068321943 0
1608 5.361145837217961 0.3718274052643781 0
1609 0.269581082217786 0.7227748502569822 0
1610 6.138250052841515 0.3556381002357068 0
1611 0.8292660573759267 1.112562846984593 0
1612 6.925173046235384 0.3717861590993757 0
1613 -0.1604748384157034 0.7517434479951171 0
1614 8.449055415666978 0.3725908324257305 0
1615 7.6860483804529 0.3750244766046874 0
1616 -1.115198376408382 0.591825286976799 0
1617 9.291142925354286 0.3772892779295219 0
1618 1.550055045847439 0.2524935263775648 0
1619 3.8783543115628 1.112894231283219 0
1620 -0.6899213972584757 0.2211936848332874 0
1621 -0.6428160214893367 1.150688065756792 0
1622 10.01057023398724 0.363032016435255 0
1623 1.719671314710253 1.067559340592268 0
1624 10.76745770806976 0.3717533056844453 0
1625 -1.113277723878592 1.109182787235194 0
1626 2.455999404102336 1.126041168270299 0
1627 11.5470497916394 0.3675431799992036 0
1628 4.610796177333775 1.125291894723989 0
1629 -1.073744025530334 0.3084509142054088 0
1630 5.391139225820496 1.124074529359502 0
1631 6.867350507567297 1.121103464812258 0
1632 0.6830044868980804 0.2183312294787356 0
1633 0.2819755282643412 1.163738909699643 0
1634 12.34823839811776 0.3441439240274088 0
1635 7.687039379734326 1.124513326273572 0
1636 1.397523412531187 0.7489866089105683 0
1637 9.231514389519036 1.125584476378514 0
1638 8.485789581252764 1.115015096203753 0
1639 -0.5752470462947539 0.4267822572347426 0
1640 6.147316240029508 1.06938934976589 0
1641 3.167663559515513 1.033092560551719 0
1642 -0.1302245881270968 1.167101480149444 0
1643 10.00577093374637 1.116582849569758 0
1644 13.18587854623845 0.3614357909225075 0
1645 10.75591404730885 1.130101084991085 0
1646 1.993259929743615 0.7212648507402486 0
1647 2.039250234011701 0.2393626883636244 0
1648 11.51293431179497 1.091370340083744 0
1649 14.04102702533134 0.3898045071804173 0
1650 13.16210821967261 1.137470519244816 0
1651 0.7300400751832286 0.7724048903512184 0
1652 12.37721274557685 1.137343642297839 0
1653 2.734839741909074 0.7322565964833694 0
1654 1.308912243786176 0.2104472400260748 0
1655 13.98344458023466 1.12941473788478 0
1656 1.557415414695038 0.5057493635645098 0
1657 3.454001524986119 0.7356192189412291 0
1658 2.266755274885465 0.2270217241267638 0
1659 2.707307031333905 0.2396192711511725 0
1660 5.842227532293808 0.7154940002939523 0
1661 0.05021338145351393 0.7067203450981465 0
1662 2.954446256416015 0.2407472355762584 0
1663 0.8970136244111839 0.2127720477976301 0
1664 4.861244963814307 0.2650896439191101 0
1665 4.363344837802775 0.7336821783075378 0
1666 4.112280947086297 0.2501466687962148 0
1667 4.410376257750384 0.2586195507619488 0
1668 1.01640014968956 0.5204769106370734 0
1669 6.447200096936058 0.7286783405064734 0
1670 3.378171582636889 0.2402191962577384 0
1671 3.666452558177399 0.2505660491834053 0
1672 5.14217206651439 0.2572063600798795 0
1673 7.189084788815733 0.7273191278751944 0
1674 4.932191887378926 0.7367155885855272 0
1675 0.5794034906925272 0.3715465142394655 0
1676 5.899294652017369 0.2568529719339892 0
1677 0.5598920086536693 1.16955390394964 0
1678 -0.5880807480243657 0.8798265516831635 0
1679 6.376329174693952 0.2567014466572813 0
1680 1.084299915892155 1.022508576756505 0
1681 2.595370902354808 0.5537229141504406 0
1682 7.943627175900547 0.7451942079424088 0
1683 8.671561289973221 0.2560178559552234 0
1684 5.579562440511052 0.2449252370320175 0
1685 8.245091142293411 0.2517983210454416 0
1686 2.32448113604821 0.5532084609980282 0
1687 9.573936039645503 0.7460750234541299 0
1688 9.03123814813504 0.261668990370612 0
1689 7.159373062749573 0.252601701502342 0
1690 -0.337181410434191 0.5760736808245573 0
1691 8.751686636985651 0.7540830586988505 0
1692 7.890199241381264 0.2648308161519137 0
1693 1.213139945593795 0.6360668634302251 0
1694 0.3751113504232245 0.5719581259642401 0
1695 10.47097691885846 0.7434702704356858 0
1696 6.712237347978027 0.2407796895881924 0
1697 14.67269824889036 0.7582788786494937 0
1698 -0.7089152578774868 0.6399351815479037 0
1699 3.745944090682267 0.5360958015518082 0
1700 1.710502960832556 0.1757144190100268 0
1701 -0.3859137508471409 1.183817598175085 0
1702 5.174586173628109 0.6821822938998227 0
1703 7.47623737191546 0.2459935467837294 0
1704 1.919839860902218 0.5283420289260743 0
1705 4.023504568746999 0.5352696772269248 0
1706 11.07752995592577 0.7527577684596551 0
1707 3.292075897662837 0.4983721756054635 0
1708 3.01186182474585 0.5212596539288834 0
1709 4.464495656347159 0.5498168193320894 0
1710 0.2786855852332521 0.9389060038275093 0
1711 4.816782483253551 0.5612475833801347 0
1712 11.83233384605728 0.7434807736338351 0
1713 5.955496215352833 0.5176867482110825 0
1714 9.009363037932033 0.6957810353746682 0
1715 -1.064736950604527 0.8485529511899684 0
1716 -0.8954900083265025 0.1915456539600711 0
1717 2.221720329651496 0.8193598927392497 0
1718 6.320274651444944 0.5246264847762399 0
1719 12.64014775923039 0.7453746206368541 0
1720 2.544552090741083 0.1740154606062894 0
1721 0.8619074272864262 0.605561766703392 0
1722 14.71121131500803 1.223580274062214 0
1723 -0.1327531506554684 0.9400403544250381 0
1724 14.70707257525942 0.2960882591006831 0
1725 9.491746541095244 0.2709301266805666 0
1726 8.195962277946197 0.693424588362151 0
1727 13.47650836102005 0.752515878199167 0
1728 9.744915634244421 0.2438950936651476 0
1729 4.109772133834522 0.8134648199660419 0
1730 10.98654575501591 0.2543489017672084 0
1731 13.42349613563796 1.210616300777165 0
1732 14.25786180626266 1.208252476338309 0
1733 3.67272070711738 0.8125862815441429 0
1734 10.2163294891919 0.2499039629986864 0
1735 5.509270146923721 0.5132542078008365 0
1736 14.33328514810848 0.7517638986942813 0
1737 14.32367745197466 0.2875394111661973 0
1738 10.55733664386639 0.2554688435806619 0
1739 11.79800409372626 0.2604169831344052 0
1740 11.32897218362831 0.254885896725593 0
1741 2.607858996590391 0.9098002460488647 0
1742 1.860883690448143 0.1574567101472252 0
1743 3.337633527754384 1.259826086042414 0
1744 1.566062888750482 0.8943987456590367 0
1745 13.75781902701046 0.7335649104082198 0
1746 1.212278205621346 1.245468540226354 0
1747 12.60826646225358 0.2633555299340326 0
1748 8.250326298657338 1.241063935136548 0
1749 12.128080425286 0.2598842287430941 0
1750 2.980415026547665 0.8491591169247218 0
1751 4.843890316877166 1.241223072255393 0
1752 13.45333092185394 0.2611546491594959 0
1753 1.929539421442578 1.228715940614508 0
1754 12.93177296313259 0.2690102917300919 0
1755 2.979893292983562 1.243921425477638 0
1756 4.7586960924601 0.9340143817887141 0
1757 1.52429363153447 1.240326010548223 0
1758 13.78147680463148 0.2740055316237155 0
1759 5.268070798711176 0.9059624076166038 0
1760 7.44813072950959 1.238970108555143 0
1761 7.423349589608748 0.6647330543268455 0
1762 12.14512737085612 1.21983583435097 0
1763 3.659763329006973 1.249532856988999 0
1764 -0.8968196428734598 0.6030450901748849 0
1765 12.89782101708016 0.7121805821760515 0
1766 2.665300068168211 1.233001198670369 0
1767 -0.8579870102849324 1.058055536785699 0
1768 6.767915851503571 0.5299051337080103 0
1769 3.879370048572069 0.1645967360772881 0
1770 5.65024401131396 1.240072346310219 0
1771 3.154782604596297 0.1580742032521877 0
1772 11.75011797848248 1.231131982986171 0
1773 4.107715140551561 1.24758927670278 0
1774 4.634783081872969 0.1834377630370105 0
1775 0.4754525432689239 0.6910068818264559 0
1776 2.200480714007754 1.246500733224369 0
1777 8.293732458132306 0.9510135174719127 0
1778 1.852353284384431 0.8869848523037621 0
1779 0.4647691060960138 0.4485889089411397 0
1780 8.633848942071284 0.542059907653591 0
1781 1.158248197882826 0.1476686646659448 0
1782 6.373488870079973 1.22712997526555 0
1783 6.658702575497605 0.8417432789452736 0
1784 7.08730337424719 1.234200037908693 0
1785 12.09283379785426 0.6858678570543121 0
1786 5.951931149076596 1.243050652240389 0
1787 9.48206833323785 1.244477965132327 0
1788 5.147439327511986 1.234211056132438 0
1789 5.546103131477254 0.9307236230058453 0
1790 4.481783566315129 0.9283016529068819 0
1791 7.10835003593548 0.5024301233952881 0
1792 7.049095050577807 0.9174747615425832 0
1793 7.503241235370454 0.9527471510638308 0
1794 1.2249665865707 0.8520236559160337 0
1795 4.380322055746566 1.244897072442009 0
1796 10.98338108393369 1.244317938303602 0
1797 -0.4321587523752869 0.486165200377668 0
1798 11.30174521924846 0.6714430913204353 0
1799 9.423093966802215 0.5519034712497223 0
1800 6.636421744761517 1.252368783236957 0
1801 8.738968327782551 1.218899909366733 0
1802 -1.271355198509118 0.2231110056949868 0
1803 7.927390748879557 1.261095521398646 0
1804 5.301379741243231 0.174370963122476 0
1805 7.841118397238718 0.5382340027118094 0
1806 5.989216962830239 0.8969893635138884 0
1807 8.990272697798773 1.220679001001565 0
1808 13.73335596473989 1.241358608403714 0
1809 12.20225017962531 0.9519392427014568 0
1810 10.15699641054138 0.5445059310736723 0
1811 9.87312992831782 0.5283411875720256 0
1812 10.25497801949702 1.26906803411218 0
1813 9.411903254637522 0.9593010139396267 0
1814 9.75999680454427 1.263460480935974 0
1815 12.64377453874481 1.240820864529471 0
1816 10.24032917723678 0.8323604953237 0
1817 0.682138359928969 0.9659684474705992 0
1818 0.8938642855394544 0.9116603466527278 0
1819 9.086564366531924 0.498124955422715 0
1820 1.73748494009845 0.5164043923303937 0
1821 10.60110572280189 0.5450401550493688 0
1822 -0.3361949775885609 0.753427432254684 0
1823 11.28729743326615 1.249650739179797 0
1824 10.50668952195525 1.255979818844735 0
1825 13.33009031926094 0.9538081623839202 0
1826 6.287058675974823 0.8885380081462138 0
1827 4.240303972215417 0.1641039941841299 0
1828 0.2255218226718985 0.598300981027114 0
1829 10.93458628083163 0.5488215744109641 0
1830 3.501038603479222 0.1575498839403492 0
1831 9.781238957925741 0.8484563528591014 0
1832 0.07417672723027229 1.10661229931535 0
1833 10.91384870670769 0.9461969015252224 0
1834 12.90175791697618 1.24201982502938 0
1835 11.69923688427724 0.9396440281844713 0
1836 11.71654583739315 0.5425182066874424 0
1837 1.443057320815752 0.1453218073350296 0
1838 2.632198213568894 0.3778925100745025 0
1839 14.16471629792728 0.9733331860580114 0
1840 3.277775421768511 0.8568074555479558 0
1841 8.252573166829583 0.484470426861928 0
1842 1.011783127751924 0.1385064615305113 0
1843 2.162723591667508 0.6312916259088883 0
1844 11.3596855060382 0.8928429545477681 0
1845 -0.612881721617773 0.1171375919355832 0
1846 12.53820951050069 0.5403360072858996 0
1847 -0.5545230117015996 0.291111029235592 0
1848 7.782498342928108 0.9116777893893204 0
1849 5.22332653553784 0.4905323425122297 0
1850 7.650734027202238 0.1836486675728156 0
1851 9.116701466937476 0.9178700762465644 0
1852 14.24722563842321 0.5107428910196505 0
1853 6.138250052841515 0.174005015252028 0
1854 -0.1331364249474477 0.6120182701952499 0
1855 13.37138689107405 0.5396667203733766 0
1856 10.61580362621888 0.9297462668359032 0
1857 6.911028962116199 0.1912235209798338 0
1858 1.14894208480261 0.4229590220087311 0
1859 2.397819933802592 0.1605117318693031 0
1860 5.626666724600729 0.7079273359157675 0
1861 0.9813530831102346 1.289121887511742 0
1862 5.748327903796436 0.1735054598562156 0
1863 1.951900558021758 0.3628856549478616 0
1864 0.9329724707716724 0.3463524044711521 0
1865 6.547018685080147 0.1798776917517753 0
1866 0.6833008115525241 0.4789577073578153 0
1867 -0.7896495287202083 1.287958319070365 0
1868 -1.243536894742492 0.4194781523262567 0
1869 8.599777617605259 0.9398860570031496 0
1870 14.76520652165395 0.5464620114332295 0
1871 13.86373447961791 0.5273325715206233 0
1872 7.516076963267176 0.4848575089429518 0
1873 2.296304761647435 0.3878025161719686 0
1874 1.396633846625285 0.3158189635994939 0
1875 -1.28413215696985 0.9770243429556814 0
1876 -1.262211125524971 1.298552295253323 0
1877 0.609091731178637 0.1200058174996657 0
1878 12.99272872404055 0.9354571254639594 0
1879 -1.27254444090821 0.763038552271238 0
1880 8.451120401762836 0.1834966882151814 0
1881 0.7724909229549943 0.1297816610516449 0
1882 13.01622291569604 0.5163617547443602 0
1883 1.640685734823071 0.381518556364154 0
1884 2.154960020638799 0.1480906082864481 0
1885 4.189937934752001 0.6301136783767566 0
1886 14.47768277753947 1.276672870376555 0
1887 2.405245746988049 0.9294285746216391 0
1888 12.14516057665021 0.4750461104967028 0
1889 14.77558543235184 0.9753824426370146 0
1890 7.309317269158494 0.1722012854960703 0
1891 9.208501374379965 0.1836811975870967 0
1892 3.916891359509337 0.9108881574014703 0
1893 -0.957815020979236 0.4337476103109068 0
1894 -0.4949226062843897 1.028338037598638 0
1895 12.49938624319921 0.9192957612102549 0
1896 2.825981404308044 0.1296492995537004 0
1897 0.7308753954708116 1.289732645877955 0
1898 2.872907105460889 0.5851136816305962 0
1899 0.561365936060196 0.240385868596121 0
1900 11.34528883130806 0.4663505030533703 0
1901 0.6890592824148895 0.6223367465260027 0
1902 13.83054748257071 0.9467433822468758 0
1903 1.405899276555734 0.5685815596821994 0
1904 4.966898733677835 0.143401512134665 0
1905 3.563516907702731 0.6029220735551691 0
1906 -0.7706201991265664 0.1258749182642291 0
1907 6.595317612021021 0.6241304470341423 0
1908 8.859116556848067 0.1732844591787698 0
1909 1.584732433178391 0.1206750575918108 0
1910 6.134383441745605 0.5353540501171072 0
1911 10.00970312574829 0.1848421889425071 0
1912 3.697120174236148 1.032001214942288 0
1913 0.1421917177120641 1.302906031810294 0
1914 10.76878806976963 0.1881747078182135 0
1915 7.345641083585376 0.8411623901996732 0
1916 8.432455162423791 0.5640603053136926 0
1917 1.721725554155614 1.270324017676008 0
1918 0.4098391236718557 1.047906629842157 0
1919 -0.6648547590874785 0.3441748863935741 0
1920 2.247571223663074 1.038491823038252 0
1921 6.833331873739571 0.9277251250346934 0
1922 8.064466413790591 0.1616738477221469 0
1923 2.946153991037305 0.3846948744206697 0
1924 3.726269246512943 0.3867872405067361 0
1925 2.155205053546386 0.3139821855777686 0
1926 1.555284489187251 0.671900143527855 0
1927 -0.5334232310880549 1.314472199768414 0
1928 1.205805136787989 0.3017769475553904 0
1929 -1.014171067527541 1.285885782292653 0
1930 0.4132296179761257 1.30629529170574 0
1931 -1.033335433303201 0.1509061416551873 0
1932 -0.02695658991492525 0.8260414037116877 0
1933 4.777992383493867 0.1476107840811255 0
1934 -0.7422830532795041 0.9729213800611196 0
1935 4.064712122908491 1.035098770963934 0
1936 4.005982459168234 0.141700431775008 0
1937 3.276101421574135 0.1360361843836961 0
1938 4.033647992056392 0.3852667629925517 0
1939 11.54800947589952 0.1884800701820692 0
1940 3.848871067793061 1.301805153772215 0
1941 -0.2517061121993756 1.072997641854545 0
1942 14.51455402669458 0.2133629870206472 0
1943 0.1466850219368481 0.8128201420204868 0
1944 0.6973353769833788 0.3375160209052306 0
1945 4.635058749703215 0.5355548231141349 0
1946 3.311258572335524 0.3929533499239125 0
1947 5.079423598603916 0.8430572415777566 0
1948 5.357577732049299 0.5917439774185697 0
1949 6.14953085101912 1.273245551747695 0
1950 -0.5993895633817774 0.5653602065389223 0
1951 2.983592347295574 0.7052860960275076 0
1952 4.500085574832603 0.1398873362040701 0
1953 4.473147332224183 0.3972179649816531 0
1954 0.3709148727974687 0.8207170281746348 0
1955 3.754589967994838 0.1409765130626396 0
1956 1.864391716876107 0.6953138087158774 0
1957 4.797916328948663 0.3986911381904997 0
1958 5.461926811546601 0.1509351567838474 0
1959 4.272096348468691 0.310492541494347 0
1960 6.689786531719718 1.045894560519436 0
1961 12.3525023687391 0.2006020249238289 0
1962 1.881167230649097 1.060861070952762 0
1963 0.1078771586904983 0.6084622584826189 0
1964 -0.2440943573174256 1.307719660977823 0
1965 3.880641086747986 0.5260864685602898 0
1966 -0.7975023730961653 0.3012763129521087 0
1967 3.037912201192539 0.1351548794405684 0
1968 -0.01784892599949556 0.6070626949966605 0
1969 6.936234278294723 0.5731282003068205 0
1970 3.531640547828626 0.2982089397153393 0
1971 2.487877048514196 1.313658784541761 0
1972 10.05447040906176 0.9173696305722219 0
1973 5.736854928989595 0.8679906747308671 0
1974 -0.466090122947505 0.803070023491851 0
1975 10.01661585546013 1.298964106149151 0
1976 6.825007835963825 1.315607100393708 0
1977 2.82929025949156 0.3012960474075522 0
1978 0.7942040374957323 0.2705285708699891 0
1979 2.029997874529904 0.111512834311473 0
1980 4.547401135596828 1.300135948459278 0
1981 2.314533816595707 0.7192278533423189 0
1982 3.17279562101046 0.5018992594778763 0
1983 13.11348855659844 0.1829375687469438 0
1984 2.634018211503623 0.7164733375994962 0
1985 5.522544945235955 0.3852686926003279 0
1986 5.44659948894386 1.305533570045509 0
1987 14.07273917014239 1.298549251339924 0
1988 1.3080986506717 0.1165978639786306 0
1989 9.84212024946315 1.031335030769907 0
1990 7.657185555667295 0.579194437423366 0
1991 8.407203511348154 1.313207976781323 0
1992 11.15481839273189 0.1633019399859253 0
1993 10.38624921656737 0.1586050665657505 0
1994 14.12761538531388 0.1862672817478879 0
1995 7.75223437899704 1.30173764163468 0
1996 10.3464918989998 0.6407252910271732 0
1997 11.94333002775603 0.175121478664672 0
1998 -0.469163959241319 0.3826689060650356 0
1999 1.538218539396083 1.066522021197674 0
2000 13.22480149468914 1.308257168711737 0
2001 11.96498485116677 1.292608219710588 0
2002 -0.6000563622744259 0.7312230768618208 0
2003 12.76571303935446 0.1737173717406543 0
2004 8.079362463692878 0.8648562400456566 0
2005 13.61226333028 0.1806657665203981 0
2006 11.51850513655045 0.556730123354205 0
2007 12.31652588354344 0.5838933621327138 0
2008 7.040218222422338 0.1512086555548697 0
2009 5.005956703393847 0.3267412141858206 0
2010 6.268516121446764 0.1438950666573295 0
2011 12.32266779396683 1.30998720588476 0
2012 11.44153786676116 1.322862631110117 0
2013 6.016413546370583 0.1425685916953905 0
2014 7.81983158142158 0.1779460526409528 0
2015 2.463515362307699 0.4900864438548231 0
2016 0.5940659303050613 0.8061590970882908 0
2017 3.289412634255696 0.6772508195451279 0
2018 -0.2251900097219832 0.8554655941118533 0
2019 2.636279477852441 0.124320755778944 0
2020 9.693088348634511 0.6110961845529898 0
2021 2.993604233552453 1.009859897503127 0
2022 5.737418045229229 0.6300416005957854 0
2023 2.293340780925399 0.1083529184783694 0
2024 9.27866547459967 1.313819063912836 0
2025 9.359491039329022 0.1790526146861983 0
2026 -0.9815269729207519 0.7500834330516811 0
2027 9.268004111871246 0.5911043930732766 0
2028 -1.310777222422204 0.5823714905712452 0
2029 10.19685953653916 1.051943736333166 0
2030 6.304252225499686 1.054080860047784 0
2031 0.4760892201796479 0.3592057224491123 0
2032 0.3782213450985779 0.4755116592407459 0
2033 3.170524000381774 1.312949704609684 0
2034 13.1513145257409 0.5691861764173967 0
2035 3.975763005890596 0.2672483901510628 0
2036 10.72500000000318 1.319945460052476 0
2037 3.336079128746816 1.020841422946522 0
2038 3.247226293124693 0.2563835894798008 0
2039 3.72581178301355 0.6978854991155592 0
2040 5.981894581283103 0.6765409247452153 0
2041 0.9228790149383361 0.0991265870698666 0
2042 6.27173929595131 0.6592068929356583 0
2043 7.282937230406667 1.33544963300283 0
2044 5.026209474269989 0.6222019610956456 0
2045 13.9554269839439 0.1853593161366809 0
2046 -0.21254403296782 0.5543883344713526 0
2047 5.212798146616245 0.3610452939102187 0
2048 14.01462587749107 0.5594604983618267 0
2049 -0.02705451904112757 1.330439454940544 0
2050 5.208766531488647 0.1403097735481577 0
2051 6.786281998239209 0.4037583566867768 0
2052 3.134837322207219 0.8431406334513234 0
2053 4.50212873700657 0.6881236914468054 0
2054 8.078281298741709 0.3700612370180878 0
2055 9.639753636808379 0.1550803581179323 0
2056 5.992604493599391 0.3749575709834918 0
2057 8.598825955750428 0.1594882013442942 0
2058 0.850999453984053 0.7289124413148622 0
2059 1.427673186143485 0.8794642903286364 0
2060 5.970839703865297 1.066457287268309 0
2061 2.058813796631302 0.5570839262422286 0
2062 2.840559547786556 1.319106300219127 0
2063 4.347178415473119 0.1282960448190142 0
2064 2.091715971067726 0.8803256850511018 0
2065 3.604757177066195 0.1228677602229535 0
2066 4.340133270022878 0.5545661900958219 0
2067 -0.2409582651101125 0.6642536231216839 0
2068 7.829685153581548 0.3973874955833264 0
2069 0.8750464481320366 0.4804953848246895 0
2070 5.191909600920708 1.078220037992174 0
2071 13.27404482527199 0.1840840112172955 0
2072 -0.5554368905466288 0.2207673672099768 0
2073 8.87635145635058 0.8542936663823348 0
2074 4.798425693935155 0.7057564616009914 0
2075 4.023931897620376 0.70429630008203 0
2076 8.681725400771755 1.065167625067401 0
2077 9.846868843303104 0.3828494602401318 0
2078 4.733276291377456 0.2730044972448979 0
2079 11.98596216625315 0.884469618365891 0
2080 4.15999918076172 0.121804551032429 0
2081 6.255812588707484 0.3650485423736622 0
2082 13.57631424032227 1.337281554573677 0
2083 2.709716003425023 0.5496857357461369 0
2084 3.423913454517395 0.1169311759242258 0
2085 5.783818023739867 1.332945585728425 0
2086 3.78931556984119 0.2688504729907076 0
2087 9.422621230829591 0.4057284089418079 0
2088 8.084965308902596 1.317323735583001 0
2089 -0.6445018235615948 0.4828454854565392 0
2090 1.357861901700194 1.319617822666615 0
2091 5.417682964025645 0.9190582753470804 0
2092 -0.9520869875697541 0.9356861548627184 0
2093 14.50909602903286 0.6931328118230535 0
2094 1.054584694636584 0.6337524458727195 0
2095 4.423314107928176 1.074945509331452 0
2096 2.59334051929694 1.1067179296198 0
2097 5.633038483637934 0.1260796289782262 0
2098 3.441347642648126 0.5517932333301531 0
2099 4.539152956931284 0.2741292338213362 0
2100 3.473384734321486 1.324034046575371 0
2101 2.838096884584618 0.8856960994449685 0
2102 1.518175551929264 0.3934975553463725 0
2103 9.618327997427411 1.32332153564851 0
2104 7.286130692753881 0.6024469820153864 0
2105 7.890557030584073 1.070568618190969 0
2106 8.84148146613958 0.3647602834726889 0
2107 3.069786634093351 0.2585026685725427 0
2108 11.20304538946449 0.8691528202098895 0
2109 7.072371130970827 0.7015217120062283 0
2110 -1.165254439427652 0.1090070124478315 0
2111 3.44441582558267 0.8736623257467834 0
2112 1.800263777654235 0.08134398827784166 0
2113 6.766438682246599 0.1071177290450185 0
2114 2.38802833419975 0.2593317932364469 0
2115 5.786507092303325 0.3043487755119719 0
2116 1.714816369470157 0.8576579352389986 0
2117 5.009684740885924 1.340939812828146 0
2118 6.435073047482298 0.3878329857000171 0
2119 1.089037364239553 0.8448249060042389 0
2120 6.760124859981402 0.7021378145645825 0
2121 1.885988214740884 0.2749976301393833 0
2122 8.312060869261193 0.1530376610621707 0
2123 4.234212181142473 0.8854762951008619 0
2124 12.59981615255724 1.067378390068698 0
2125 1.044187843319226 0.3785431103767469 0
2126 8.614903737600455 0.3828374502376784 0
2127 7.063202352501748 0.3711588815281082 0
2128 9.034058181332854 1.064280633126508 0
2129 14.00504725896059 0.9183014287549736 0
2130 13.86219331270055 1.349786660755048 0
2131 6.489134045168781 0.55463790996333 0
2132 5.866301245141133 0.1293164535324492 0
2133 0.1681506172523174 0.6641663725524233 0
2134 8.853973576881071 0.6417862821944937 0
2135 4.158338822228292 0.3688710114257434 0
2136 8.04245200851893 0.6341662058565279 0
2137 0.5776946219244141 0.6727461799727219 0
2138 6.411308130615305 0.1317685107397242 0
2139 7.031570908868586 1.085504740220097 0
2140 -0.02347984814854564 1.018381873512487 0
2141 4.627094890950159 0.9028658196812374 0
2142 3.430762547226724 0.3425654668418318 0
2143 7.263947771000449 0.3287620438703784 0
2144 10.76788199953191 0.5836304822392941 0
2145 0.1583322049652719 1.001767281737373 0
2146 12.80446102397618 0.852440856158228 0
2147 0.97828529480753 1.133241199604425 0
2148 4.945281073398167 0.9153016484134144 0
2149 10.16346085689363 0.3886613544986858 0
2150 2.07197585103338 1.319206044426829 0
2151 11.35512655619547 1.091366590986726 0
2152 5.861523333730348 0.4172871603421286 0
2153 0.5587746987167682 1.025941636146332 0
2154 0.3715004485122291 0.6876995046786935 0
2155 6.504139056351856 0.8692190737489638 0
2156 -0.9255036380944539 0.3249630716743797 0
2157 -0.3355549813210227 0.4921269904337922 0
2158 0.6912672113456595 0.07788519304428203 0
2159 4.872856093086924 1.101153338139984 0
2160 8.593571219305435 0.698752031371666 0
2161 1.221538443741383 1.073468514465217 0
2162 7.804796564392683 0.7141989531659463 0
2163 6.486428546485612 1.323848081023552 0
2164 11.12304812082278 1.324955850032565 0
2165 1.654131348144525 0.2770950206137518 0
2166 6.59148189495591 0.3063663455599018 0
2167 7.176931495573825 0.8681342148613829 0
2168 0.9874490287599889 0.2298550090233804 0
2169 14.80974102758598 1.312875573004922 0
2170 0.2608817027200286 0.5337718939968874 0
2171 -0.8319610826062886 0.6997502065526569 0
2172 7.503422884716007 0.7976092246142109 0
2173 4.229846497967494 1.325832554939135 0
2174 0.5885529859787437 1.321812545707649 0
2175 2.488045384463355 0.5838668579810037 0
2176 8.61406164712856 1.34054799638503 0
2177 2.559993355437769 0.2974030856855305 0
2178 13.04908532913944 1.323514155124914 0
2179 7.528069884914946 0.1273380723945235 0
2180 13.16220034074885 0.9143380337672288 0
2181 14.82636323681344 0.1735767399104231 0
2182 10.6149637370772 0.397957038899117 0
2183 1.221246647783788 0.5173243570612758 0
2184 9.036242902751958 0.1135164833474077 0
2185 10.92279409602705 0.3926764043054035 0
2186 12.51549809414428 1.344549207365561 0
2187 -1.355603126321498 1.111102888435871 0
2188 10.01164777997671 0.5282585251046389 0
2189 10.5327533906458 1.082350204458367 0
2190 4.708053182073548 1.368344221977056 0
2191 6.13824314221919 0.8635896300009398 0
2192 9.885280461741335 0.1268744152154087 0
2193 -0.798478374381931 0.5540177733338549 0
2194 1.144842046718429 0.7223636542197059 0
2195 -0.6828582742906876 0.8169505885382846 0
2196 7.182820900311706 0.1324504479687805 0
2197 5.657595339398249 1.100846676253817 0
2198 7.589160485656965 1.36762517475591 0
2199 8.318601068908295 0.7938915457565466 0
2200 14.8311707756805 0.6932215425443395 0
2201 13.62757652741358 0.8391483790763086 0
2202 9.425294818777154 0.8003569920705426 0
2203 11.54826996634451 0.9571315443726797 0
2204 5.457606495235032 0.272982390804593 0
2205 0.9531490059097991 0.6069701861894289 0
2206 9.624391925921348 0.3240220357908629 0
2207 11.15361111315245 0.3406157229522839 0
2208 10.38398086209086 0.3306763023863029 0
2209 9.133883389004716 1.326079395617066 0
2210 -0.09407586560257943 0.6906965413841075 0
2211 1.301755100913127 0.3366228769828958 0
2212 10.88863091268578 0.1294961806054156 0
2213 11.6740394718164 1.345993210154435 0
2214 6.046143792874274 0.2550581378912545 0
2215 9.142231232944539 0.362851079230685 0
2216 10.12644513506441 0.1277595570166141 0
2217 7.953731039594733 0.9039337305160859 0
2218 9.559936040857504 0.9036145164013546 0
2219 0.4804814744722669 0.603432575782392 0
2220 0.6900547858840548 1.104460353173803 0
2221 2.347245581753937 1.350554489231564 0
2222 8.979461520777113 0.4020264528101014 0
2223 10.37159508954579 1.330350064063819 0
2224 14.61889676814317 0.9150761221729067 0
2225 2.241566954737614 0.4875629848069269 0
2226 2.061948008125371 1.179196938784103 0
2227 5.281846315423619 0.7765773639391017 0
2228 11.6756290444789 0.1305248736890031 0
2229 7.410911272439895 1.080079706024114 0
2230 3.807283086052323 0.8444415553336659 0
2231 13.58901237035932 0.6597934263545248 0
2232 8.735318110587219 0.1447900768255051 0
2233 10.64969245591689 0.1298569718835424 0
2234 11.42588404459678 0.1305677802870249 0
2235 4.898607754086402 0.4618085994196517 0
2236 9.863470782482267 0.7263760472630465 0
2237 11.93258294475647 0.3262324240289579 0
2238 7.652819550792655 0.8959305693908566 0
2239 8.747843313238633 0.9282260609673043 0
2240 2.931117905426325 0.1029385886698728 0
2241 1.422114424397187 0.4550378419799573 0
2242 6.649622528368491 0.1178472805787701 0
2243 -1.091202207734138 0.4303163145814186 0
2244 12.48376656976246 0.1328177421878498 0
2245 8.330288781626853 0.3558481914243965 0
2246 11.69856428605097 0.3878302355213552 0
2247 0.556875843928457 0.4555281189864586 0
2248 10.61754842491489 0.7229613033031954 0
2249 4.886295796946034 0.1132608813129192 0
2250 3.583565031809856 0.7045543771490758 0
2251 14.84458213815712 0.3919628645998628 0
2252 12.22722220964625 0.1336325532228814 0
2253 11.15897470886722 0.6216505285115815 0
2254 8.446036823264469 0.8941186336584022 0
2255 12.75397166908778 0.6422379170208963 0
2256 1.953114279782379 0.08124403979183761 0
2257 11.9304837655673 0.6310116227837013 0
2258 0.7795428921207778 0.5040470164714042 0
2259 -0.6899213972584758 0.07891820545803351 0
2260 4.378901575038558 0.4612056134132548 0
2261 3.624314416081038 0.4520265889303421 0
2262 1.628746100583055 0.5797098825760343 0
2263 6.956001322368239 1.348444887817999 0
2264 7.942332513887917 0.1458265936786553 0
2265 8.86340812493556 1.305988200350461 0
2266 11.77955301043823 1.061767593076586 0
2267 6.253591379886029 0.2596998147095163 0
2268 1.830208609797682 0.4519766058276557 0
2269 12.74852232474889 0.3330182383600749 0
2270 8.743514739631191 0.4482942593436628 0
2271 4.238528954925438 1.197967360145888 0
2272 14.61583688191905 1.356385416758406 0
2273 7.551562126508567 0.3666970926840884 0
2274 1.234589239883768 0.07403550284433234 0
2275 3.048123383780673 0.4059888957173748 0
2276 10.93203250680689 0.7024760685484293 0
2277 12.90780130581735 1.073058315441325 0
2278 14.19553690724762 0.65260259803459 0
2279 14.84929755522144 1.114765904385419 0
2280 2.473951175612668 0.09588888524088851 0
2281 4.992134317518635 1.174968369608794 0
2282 8.350317414493761 0.6580336589320762 0
2283 1.795569711560574 0.2300554882069566 0
2284 3.478743493691649 1.176738124644948 0
2285 1.282055682716155 0.7173965482326066 0
2286 11.02073017852796 1.071674434776767 0
2287 8.194831490241421 1.074157723209775 0
2288 10.15795196960159 0.6981556309911564 0
2289 -1.352388258467663 0.3375128597032317 0
2290 1.077601569128148 0.086356642882347 0
2291 9.270315771512552 0.9010517686745321 0
2292 5.320293840419986 1.347049662352894 0
2293 13.90916721397919 0.6652080274377389 0
2294 10.39592173503103 0.8678052574843449 0
2295 13.45174613097507 1.057670540235006 0
2296 11.69648665103701 0.7017524085136391 0
2297 2.117111535282356 0.7490179899788656 0
2298 1.341429159091804 1.175579459292624 0
2299 8.340007478933515 1.098010833562345 0
2300 5.110485790071623 0.3869695184952714 0
2301 12.49841022490366 0.6892488710641399 0
2302 14.33122541878223 1.350902973923839 0
2303 -0.4719358443652116 0.9016457108316766 0
2304 -0.8654742068249653 0.09586908372706823 0
2305 13.33751807773563 0.6893435344654768 0
2306 12.22309701055106 0.7874913802412244 0
2307 13.59289323277737 0.3411174599569547 0
2308 -0.3840658639278281 0.6695005329564762 0
2309 13.5867064101503 1.158807033805741 0
2310 2.756254824159837 0.0905671930427234 0
2311 9.155935007145613 0.6904568233381358 0
2312 10.46451668579786 0.5837825047676026 0
2313 10.76678837414185 0.9024212022930023 0
2314 12.50587418661694 0.3847071376490341 0
2315 12.79197815895678 1.341381280034647 0
2316 6.487922406608093 1.179493053043299 0
2317 10.86011578089204 1.374259206306984 0
2318 11.85375223440316 0.8895933609300593 0
2319 7.401624950859448 0.3504495567572469 0
2320 9.504710778741908 1.08229538286339 0
2321 1.114448659169743 1.360382185541139 0
2322 14.29455834175533 1.058302498202895 0
2323 6.986079683045465 0.2679121704223494 0
2324 2.053452054187568 0.3233969395020558 0
2325 8.179867298812276 0.1388575672141791 0
2326 5.636540406540163 0.3449310034527255 0
2327 7.776222203989092 0.2813661037121381 0
2328 9.565371007362183 0.5776810668399993 0
2329 14.555568984633 0.3608804237488254 0
2330 1.666027356775682 0.09642188078638569 0
2331 5.099209555666116 0.103650965941379 0
2332 0.2607651255914276 0.8241923785732286 0
2333 7.299230067753466 1.176062324963796 0
2334 14.46025392891004 0.8458611691181623 0
2335 2.727930685708812 0.3303939929761643 0
2336 3.972845742764375 1.367316785908861 0
2337 4.143599189277444 0.5101260087598812 0
2338 7.1846776634451 0.4169574918327774 0
2339 13.74957722234032 1.083370872091796 0
2340 -0.435268910231386 1.355149696819103 0
2341 5.847852904044039 0.8498462594013969 0
2342 2.905531318996203 0.4869172344074503 0
2343 11.05794729966395 0.9135595479739038 0
2344 13.31218903722019 1.101828516958556 0
2345 -0.4181604700158367 0.576125697559662 0
2346 -0.6602062996198286 1.361090818152184 0
2347 12.65864792759066 0.8865971367075183 0
2348 12.34755072171763 0.8776193911773145 0
2349 2.865945391328391 1.174709802240117 0
2350 13.48287112824565 0.9057086206079232 0
2351 12.11277569105962 1.070933546109337 0
2352 2.864844453750288 0.756337667897851 0
2353 4.904042027170457 0.6316600406499225 0
2354 14.14820000919417 1.103279701310302 0
2355 10.38710375056145 1.183212901690736 0
2356 5.765014734209633 1.180655333463775 0
2357 2.35798175514876 0.8223504515245617 0
2358 8.540152443376348 0.2711482271787118 0
2359 13.05823189015665 0.6610318415059082 0
2360 8.075692859293353 1.175819707767433 0
2361 3.210616745538482 1.172596723234065 0
2362 5.396071408724406 0.4899087203539922 0
2363 12.23866164745102 1.103849486629801 0
2364 13.34548742830842 0.3888740425718232 0
2365 1.508923869104296 0.08911471345536272 0
2366 5.510978701895312 0.8017817684830053 0
2367 14.55385744575436 1.138748059040944 0
2368 1.506763675943611 0.7754587155657453 0
2369 14.65611240179428 0.1489074139250456 0
2370 2.018458099774629 0.4428367961733256 0
2371 11.13277756220514 1.176235087038388 0
2372 1.959854869812357 0.9425124571800463 0
2373 1.379220971369816 0.07542672897036543 0
2374 -0.3699051301928148 1.038265595916214 0
2375 9.911680648425369 0.266029041930103 0
2376 3.804457804851617 0.6392244456276074 0
2377 5.86190911720129 0.6054768547522873 0
2378 1.399611654418536 0.2262079648092027 0
2379 7.407807405380002 0.1256520968564341 0
2380 1.10911476823654 0.5244323872388056 0
2381 10.12268162497388 1.369924209920242 0
2382 8.973439744282324 0.5655788277030459 0
2383 0.5523750951377862 0.1699832370648531 0
2384 8.86314893546364 1.183163952910205 0
2385 0.288687961036286 1.355431587539395 0
2386 9.519162364490509 0.1220683502255237 0
2387 14.36722701480364 0.5976681052093326 0
2388 14.19224524131563 0.3742728512555632 0
2389 10.0974467600326 0.2667234361769788 0
2390 12.88315383622446 0.1265456471716201 0
2391 5.611248589482109 0.4633684439250545 0
2392 3.628104212802162 0.326718187588964 0
2393 -0.9866778751173348 1.157790577980833 0
2394 0.8445875316453566 0.06705859009080128 0
2395 14.35029652562119 0.4278077420911054 0
2396 9.940868101006075 0.8526745953797856 0
2397 7.553379577103508 0.6490944570554802 0
2398 4.738008544867468 0.8242384974391759 0
2399 14.87464386617003 0.8601726665561454 0
2400 3.220392838574498 0.5939832635145194 0
2401 0.8453659967356961 1.369364460265011 0
2402 8.153655323128348 0.5601686918154027 0
2403 1.219130547603578 0.2132347787529287 0
2404 14.32867436391984 0.1387856059212716 0
2405 8.757465360021643 0.5550828756999087 0
2406 7.964182908150327 0.3745164200108336 0
2407 -0.403846360195584 0.3998326139079465 0
2408 4.74681961698777 1.135466573757254 0
2409 12.77313751803003 1.161528895269069 0
2410 13.49548956164514 0.103261232260148 0
2411 2.480400869574255 0.8587172565162448 0
2412 11.45138890472705 0.2723535879452819 0
2413 -0.1354058650823091 0.8396691885372283 0
2414 13.88144615534883 0.8132204436406051 0
2415 -1.095053682535565 0.7103199555457739 0
2416 13.72999370894935 0.1296317260262421 0
2417 1.606929714492287 1.360394779178642 0
2418 -0.9990540596423068 0.5336279320030424 0
2419 0.9713711229267283 1.005555243985623 0
2420 10.8690700297059 0.2688287472067742 0
2421 2.470023114086893 0.2366141231384176 0
2422 -0.6148306050987864 0.9860021998832252 0
2423 14.62611173799452 0.5907530278062273 0
2424 -0.5129258161548584 1.15852152145054 0
2425 5.122645650492428 0.5526181070792124 0
2426 1.838921243406326 1.360883462697361 0
2427 2.668959841692581 0.8204443583641108 0
2428 6.819712456593192 0.2911271664094462 0
2429 7.54443155393187 1.12922528545897 0
2430 0.3074546537869383 0.6212550668813286 0
2431 -0.5037793901127892 0.5492166939830753 0
2432 4.235277157118376 0.7540338459113524 0
2433 2.175778170386538 0.9559404637279791 0
2434 0.4888842966212432 0.2741934020951675 0
2435 1.29896322591058 0.591543813578394 0
2436 12.24628544580537 0.2614954768338208 0
2437 0.7684434083214861 0.8848157912332254 0
2438 3.947916286223723 0.6221537676049127 0
2439 8.19521006362567 0.3627740379514111 0
2440 13.73375336725388 0.4069137523856023 0
2441 0.04038999166949933 0.5647258728894671 0
2442 12.22991095595773 0.6736608739869923 0
2443 -1.136264951420834 1.373923798282724 0
2444 11.89199335549539 1.181051050659137 0
2445 3.822554263662181 0.9884117286084448 0
2446 13.89993203618168 0.3703626528349198 0
2447 9.619659030866956 1.175797950306776 0
2448 1.974888614105372 0.1883642062504239 0
2449 7.402417262107146 0.5401036138305846 0
2450 13.41854541483193 1.365159105672601 0
2451 3.095743069730822 0.5808249045706834 0
2452 10.6777001622873 0.2715776213592523 0
2453 3.948833925135849 1.230996287960927 0
2454 12.88648127058691 0.3984941917497316 0
2455 4.372844588872904 0.3424112892033544 0
2456 6.565211686661996 0.7438476116322735 0
2457 5.519110269961932 0.6546246850118789 0
2458 13.02683010939813 0.377931106567037 0
2459 5.22913087328352 0.2338873594539394 0
2460 2.562373568767124 0.07472992064008543 0
2461 -1.143316328229463 0.9770337558159751 0
2462 13.47867049939134 0.4330017314656702 0
2463 1.077178717358971 0.1915977792610428 0
2464 11.26099331909115 0.3842781718173654 0
2465 12.05577965566011 0.3880248854937692 0
2466 2.214431865310685 0.07525517933676176 0
2467 0.1739829289391697 0.9010672155141982 0
2468 4.142271969286371 0.9583589480808099 0
2469 11.40565025761403 0.7667355910021523 0
2470 1.812478685889924 0.7882169671700595 0
2471 0.4145401759511289 1.174270284674598 0
2472 0.3887882806518232 0.9253717214523929 0
2473 1.260421579999239 0.9662689140241346 0
2474 9.360343662615714 1.128900849518649 0
2475 2.536703152073601 0.4172200578330542 0
2476 4.353380158509834 0.9504097238650294 0
2477 9.73961576428831 0.09850445996895781 0
2478 9.367491346833878 0.2998611944806514 0
2479 3.154594697599252 0.07944610509202342 0
2480 6.680218360361094 0.4685836326597501 0
2481 6.262984237160742 1.359514415001657 0
2482 3.879377813309872 0.08259617110921126 0
2483 -0.7731337098085129 1.157027564417622 0
2484 14.32000268424528 0.9010764861320311 0
2485 2.510259413760513 0.9937001830966719 0
2486 11.66677639598563 1.13659442568833 0
2487 1.759942239936551 0.6192906516457024 0
2488 2.73416597855402 1.10702378196232 0
2489 2.600171603643748 1.367265520518059 0
2490 6.037244844389862 1.360061494384022 0
2491 1.962576160528383 0.6270982047483924 0
2492 12.06383338427105 1.35585338925308 0
2493 3.072315625650592 1.112681417678886 0
2494 4.69661971458387 0.09667927843700519 0
2495 -1.30875522586628 0.1006049464227425 0
2496 3.395661858657464 0.4469079135899393 0
2497 1.813128831369557 1.160484164317492 0
2498 12.63778427053412 0.4288470753562842 0
2499 -1.187385911322767 0.3108516616197515 0
2500 3.570433319012616 0.9087007302992599 0
2501 5.516746367115088 1.166586488617132 0
2502 8.291444795245056 1.375790538230145 0
2503 13.03697120829452 0.7966520139296552 0
2504 0.7964027929890654 0.990767598772191 0
2505 4.432365680638004 0.8274951150827565 0
2506 1.628406598910252 1.161207565338555 0
2507 3.969827991318555 0.8054980156097689 0
2508 0.05583696453019358 0.7870436433771283 0
2509 10.4925705489857 0.1215407840378238 0
2510 8.970655804319158 0.9528736908995948 0
2511 12.05973130341092 0.1275227426844473 0
2512 -0.6281658751778164 0.2736367160119861 0
2513 4.589477281850117 0.1050841330778103 0
2514 0.7726844064254691 0.6789196787889695 0
2515 3.752207781375508 1.153625304716312 0
2516 11.26387007617556 0.1235282300022205 0
2517 6.870290417362954 0.4826831382933357 0
2518 0.8701172980430401 0.2778082490176903 0
2519 0.4091775803765537 0.3851691570443928 0
2520 11.63517809403944 0.2683955522858921 0
2521 1.116766279420599 1.146396568769707 0
2522 4.865007991568623 1.386393054134915 0
2523 12.64644932932316 0.1071593613222035 0
2524 -0.2444774750976069 0.9576453868458205 0
2525 11.83026538271175 0.1101016524483929 0
2526 6.970266614244092 1.212006761238232 0
2527 6.474033862029526 0.2853129146375007 0
2528 11.04717533138268 0.1221918821234375 0
2529 -1.366337741495459 0.846124641171228 0
2530 10.2806465339499 0.1194557036417544 0
2531 14.17453258981487 0.8232524960212854 0
2532 4.587619626373158 0.6423678523543221 0
2533 6.990112816686626 0.4832641329782186 0
2534 -0.256865404958226 1.195506665083505 0
2535 10.59725070212069 1.370587658358275 0
2536 -0.7637377936056697 0.2175340367786231 0
2537 2.632127719266557 0.217268032559734 0
2538 3.362828625856451 1.382430680914165 0
2539 3.601584793865402 1.125656195681906 0
2540 2.34423211236038 1.190783669474904 0
2541 -0.9822924479771611 0.2420519038208894 0
2542 7.431461206512283 1.385364555947593 0
2543 8.353598757542438 0.2496419579652232 0
2544 4.44731603697362 1.393538415508649 0
2545 1.73017909458219 0.4185963581534786 0
2546 13.29176650315795 0.8214326016362424 0
2547 2.728656888098613 0.4351707301707189 0
2548 7.955226538996124 0.5591239532059719 0
2549 5.330166931033435 1.015885776954967 0
2550 3.71990770667642 1.372052397724519 0
2551 10.48418326345732 0.364564812428101 0
2552 7.313815956292753 0.7224907897645472 0
2553 7.175105902179551 1.129165882185184 0
2554 3.047361962484783 1.366505597647193 0
2555 7.856425328647721 1.394846481887015 0
2556 11.82797810235873 0.4182640456221843 0
2557 0.4361580884466974 0.5405698969047641 0
2558 2.392378073992344 0.421641338771391 0
2559 10.88484333906093 1.119959315882072 0
2560 0.9656542385164013 0.4403485644925307 0
2561 0.6378803803765067 0.2734641104860691 0
2562 10.1179952200949 1.183476615100401 0
2563 1.61732408209375 0.7660478462756277 0
2564 0.2634691353370103 1.051569187177227 0
2565 -0.0307466032217461 0.9211657193508921 0
2566 1.914633065156335 0.8087620799189087 0
2567 5.378774875880688 0.1165042423245152 0
2568 6.924222206162166 0.8596947243968573 0
2569 7.128400272566826 1.365432827011933 0
2570 11.7851490615225 1.376765592479871 0
2571 6.038239492908212 0.7844056037878457 0
2572 2.196167037445591 0.3896952580521684 0
2573 6.700560369384911 1.384150015531643 0
2574 6.401263457622897 0.9604718425205503 0
2575 13.72257693637288 0.572555411104065 0
2576 0.1934484144959214 0.5268269716553657 0
2577 6.776652430630837 0.8066101928965516 0
2578 13.49564041004078 0.5555187570621535 0
2579 0.9893777526901645 0.8469579078651401 0
2580 6.215485574570542 0.4607549907124856 0
2581 7.095398033647786 0.8087852410438749 0
2582 4.900823430966359 0.3454535244994154 0
2583 2.729793563897303 0.9414535846263786 0
2584 -0.1329786011707106 1.049071051774158 0
2585 0.9870838642491098 0.06063728761065932 0
2586 6.23371146792239 1.170642845632349 0
2587 9.378240269160184 0.6710664552096121 0
2588 9.506096882013427 1.392947011912063 0
2589 5.616301164389071 0.5905291969488438 0
2590 0.6012292210990594 0.9095617353987517 0
2591 4.559768563639551 0.4622697039558318 0
2592 11.4477638862191 0.6559542572224228 0
2593 7.733029798716003 0.4912810446541327 0
2594 1.658907023805624 0.9667502448043738 0
2595 4.674434181147906 1.031204128024545 0
2596 -1.379289350987319 0.6795866964347941 0
2597 1.64530448724118 0.4782785271816551 0
2598 2.113817630619943 0.2408494520565693 0
2599 12.87897039812373 0.5614361119617567 0
2600 6.917145253606622 0.9910742292987631 0
2601 9.705547635327177 0.7355626625934237 0
2602 -0.01758483511850936 1.204465773037519 0
2603 6.062942653410932 1.172444704869839 0
2604 -0.8665910741055042 0.4922259234142775 0
2605 5.625000000006264 1.382501581841182 0
2606 9.323792217947014 0.4791597987547799 0
2607 2.367241658527233 0.06826775458805656 0
2608 11.02879531584863 0.4636811761172736 0
2609 1.232960923051385 0.3884515804029822 0
2610 4.702473694099863 0.4542134872416069 0
2611 5.123727035684029 0.9518159851073904 0
2612 6.606989277068471 0.9612869547929146 0
2613 6.262791552598758 0.7822845642465546 0
2614 5.290644409417971 1.211527222102821 0
2615 -0.9649650784476203 0.07626257471356361 0
2616 12.45198642934616 0.2655971262925404 0
2617 2.190279856466057 1.380845624047852 0
2618 0.8595982872464605 1.230886750369128 0
2619 4.70954917225905 0.6177347310423998 0
2620 12.05450682189695 0.5418979721506834 0
2621 4.500664144605575 1.174401166043065 0
2622 11.32500000000363 1.381712144643199 0
2623 10.25641924321449 0.483144508557466 0
2624 11.25976066013411 0.543908129463511 0
2625 12.65871160137798 0.5497772766777562 0
2626 9.831390236116563 1.395758727819407 0
2627 8.508054532328309 0.4870814173448381 0
2628 14.17820920560451 1.361730300059224 0
2629 9.764317849292556 0.4924953308884624 0
2630 13.72477139342745 1.382973451311696 0
2631 -0.3878587980182632 0.8317106108214594 0
2632 8.16951221660652 0.9459512788488118 0
2633 3.812436073751556 0.4384922760471441 0
2634 1.869980920832431 0.06755986543100348 0
2635 2.109366496235269 0.07865169597184295 0
2636 5.459715084353441 1.033771820773141 0
2637 6.075795165959038 0.4513175065756699 0
2638 1.525658949880137 0.1734431810919635 0
2639 9.750543412892863 1.107774198819867 0
2640 5.677936195401492 0.243437251900752 0
2641 6.747067946897549 1.170920645678446 0
2642 11.84375115730159 0.5483304154312703 0
2643 7.631627325262392 1.028578779880486 0
2644 6.835905687429047 0.623638312693084 0
2645 3.949799868914207 0.4379810029947745 0
2646 2.236752043808512 0.3090889188125677 0
2647 14.40303362034262 1.15602437867797 0
2648 4.204167139530085 0.2469562115090543 0
2649 5.24701472216231 0.5983827817560722 0
2650 -0.2626993388373811 0.5037764266752651 0
2651 9.886739675865204 1.14601487966125 0
2652 -0.5635578808578727 0.06821716686269326 0
2653 9.211422149380292 0.4801071084903611 0
2654 -1.009951859945285 1.036772711057453 0
2655 -0.8400965150026105 0.9285322429796018 0
2656 11.63440646945477 0.8329817070476269 0
2657 5.725851499161452 0.08125737887206519 0
2658 3.467638536885949 0.2371875557863178 0
2659 5.285767316386603 0.09104715432536685 0
2660 5.804483050319769 0.5124498795575695 0
2661 -1.218228362796586 0.8633950334883542 0
2662 4.251523179471436 0.07465384816827843 0
2663 14.67162851240209 0.4352919590781851 0
2664 8.617711506147032 1.176525455584233 0
2665 1.246917753299234 1.385093709686822 0
2666 3.51254237342096 0.07193030119068763 0
2667 9.103965744259947 0.7967905954606036 0
2668 10.87237339119199 0.8217690802683757 0
2669 7.15043694606699 0.6077507412447761 0
2670 11.0382719641008 0.6342180845323346 0
2671 -0.07888629094676833 0.5732850357405882 0
2672 9.684166815216035 0.9130690819685505 0
2673 14.66267219325653 1.056821507368592 0
2674 10.27749208197174 0.9712580852560404 0
2675 6.873473502693417 0.09358981881605113 0
2676 7.806086466539027 1.17625375256167 0
2677 5.162472390486449 1.38210864894984 0
2678 7.16648349857145 0.9942601800836572 0
2679 9.27931129762189 0.08800270378971148 0
2680 10.49629511999269 0.946368892733648 0
2681 2.671722086085704 0.6390066384621755 0
2682 1.510490250823512 0.5874703190385548 0
2683 2.535308643689246 1.198327391714467 0
2684 0.5632204943471149 0.06735851961101368 0
2685 2.295746466563351 0.9339620297165923 0
2686 -0.9998555710164603 0.645281867673613 0
2687 1.365026270383993 0.1609283493348878 0
2688 1.144064602584595 0.2445081938218971 0
2689 3.067841409891052 0.7611167465980496 0
2690 3.216808500205186 0.4159769654672973 0
2691 5.327622252255926 0.2701060560378786 0
2692 0.6417306449749681 0.4118978482568057 0
2693 7.379728140190032 0.9603276264936212 0
2694 9.156719109254265 0.0917561644504046 0
2695 -1.126018277625287 1.233946947704022 0
2696 7.753789978930624 0.8133404218493298 0
2697 11.00330899713107 1.38870659892863 0
2698 -0.2511908995448542 0.7409054605042781 0
2699 4.544284510928289 1.040330846714237 0
2700 1.978507028395283 0.2799435651429785 0
2701 0.767651831557645 0.05494508883734564 0
2702 -0.492632654877678 0.2664690650427045 0
2703 3.241185038881752 0.7609589579181055 0
2704 8.37829933413509 0.4629179433391939 0
2705 8.998435470282629 1.363342852599615 0
2706 -0.9053357691226946 1.35691674490157 0
2707 6.559270493984421 0.08156328547636686 0
2708 9.283634893067699 1.030608463265212 0
2709 4.546717995116421 0.8235174848010886 0
2710 10.65677964328652 1.207355782377597 0
2711 10.82700993926717 0.4930700863977006 0
2712 10.70823261551183 0.4948786516941958 0
2713 8.918386675911517 0.09042332291341316 0
2714 0.1680526353912479 1.189096369536976 0
2715 13.86041331509715 1.196848846660805 0
2716 8.740635063854638 1.373422873037579 0
2717 6.375986807912705 0.8282455478292292 0
2718 6.189443262757216 0.09699463171688336 0
2719 0.7482956038283455 0.2046638092101505 0
2720 9.938712311344847 0.6236200404602176 0
2721 8.55036372960963 0.8231341874472822 0
2722 9.124169189729843 1.177669370031648 0
2723 1.482939411281331 0.9692657019148369 0
2724 5.522628851791607 0.08625808881173021 0
2725 4.665173503572287 1.232402779185423 0
2726 3.351506892812179 0.7824644079959076 0
2727 10.31628801093435 0.7406371541137938 0
2728 1.775584651931516 0.9679555592541902 0
2729 6.224983204442273 0.5648364733589009 0
2730 2.382938948676691 0.6372478408075201 0
2731 12.07349555198518 0.946435575354738 0
2732 12.51391719211143 1.194688410375236 0
2733 6.098665903541128 0.08485416262272263 0
2734 4.430896199935954 0.08215400085845137 0
2735 1.13429400783127 0.339693078122747 0
2736 4.073348586500596 0.08058849515942729 0
2737 3.001577346169507 0.3077507390715585 0
2738 4.323574943121856 0.2332668954843225 0
2739 4.112081476258665 1.388147723510155 0
2740 3.340729347147827 0.07737157670113762 0
2741 3.688992501329752 0.07938497440833957 0
2742 1.153344577952604 0.06058866077717769 0
2743 7.620087212754024 0.4746196069232219 0
2744 3.583045173945536 0.2235955713222195 0
2745 -0.4964024676829999 0.4448192192889758 0
2746 0.6435421720700394 0.551273225012239 0
2747 4.635303400482385 0.2756398122041936 0
2748 12.64794620599448 1.377014033503708 0
2749 7.744422219327348 0.1062149075603274 0
2750 9.958838185018474 0.9959306425077148 0
2751 3.880471480150469 0.2687886277583966 0
2752 -1.115904708308542 0.2185599760884374 0
2753 -1.369244147733823 1.369244147733965 0
2754 0.6197314086623034 0.195399089867814 0
2755 1.624048952111832 0.1894075378549204 0
2756 5.302708121443054 0.4488238773818279 0
2757 11.4300170322098 1.197140785488952 0
2758 3.972102803688211 0.07043469604276981 0
2759 -1.334487183924457 0.4823650887245106 0
2760 6.082194262982051 0.9704825200248844 0
2761 3.243560857236115 0.06763925817820679 0
2762 5.889224550474983 0.9651608737034845 0
2763 3.155897789305623 0.2576234493597951 0
2764 12.93411313421297 1.37492309032082 0
2765 5.912328876430784 1.363796921836382 0
2766 0.4713057490975624 0.8065122254839873 0
2767 6.064134584163351 0.5863901271063925 0
2768 9.539240354170314 0.3882044965745221 0
2769 2.915008387692809 0.940966063925498 0
2770 10.54673125779211 0.839281982720548 0
2771 9.723248960999889 0.380214271490967 0
2772 -1.228674154722851 1.073540045876136 0
2773 5.066527987578445 0.7434379173458162 0
2774 2.79046154928328 0.2244317856724471 0
2775 7.209388399627463 0.5152469879991711 0
2776 -0.547746291112155 0.1423890285710559 0
2777 1.327938957530694 0.8225609060022609 0
2778 2.157009739421191 1.105339157378843 0
2779 13.03144569404528 1.177705055822768 0
2780 1.822931755775825 0.5445268884376951 0
2781 7.363111630314918 0.2528016518285822 0
2782 7.575589313375139 0.2468699651314372 0
2783 12.23164223779334 1.366831845483008 0
2784 7.623758291082082 1.232539341858936 0
2785 10.79570701547151 1.028529756235023 0
2786 1.448597606539176 1.148186645664328 0
2787 5.67465486254454 0.9629993425606379 0
2788 -0.6941594943475553 1.245213882251936 0
2789 1.485291190363422 1.357545123529378 0
2790 -0.1457379227799312 0.5476252781035186 0
2791 2.159024460665607 0.5398458645481414 0
2792 6.196492932474062 0.9665661498415605 0
2793 5.93988629467188 0.7846552303484599 0
2794 -0.6916308092334408 0.1584808383519791 0
2795 0.8589288693710753 0.1432707782924047 0
2796 4.861429773380192 0.8462065555864711 0
2797 10.07081256568636 0.6182091849038791 0
2798 -0.5600711589931727 0.6485038474052701 0
2799 2.238156932336375 0.1623003771937826 0
2800 14.04619518655284 0.1070450451532386 0
2801 8.503825104607316 1.005779885800831 0
2802 -0.8499552543697902 0.3730217257408417 0
2803 14.88819188709831 0.5363292837146559 0
2804 2.258971983874739 0.611660013367083 0
2805 0.6455404963419867 0.699991083113098 0
2806 1.736506717671366 0.2790748026051705 0
2807 0.8846564313304918 0.4037244744863321 0
2808 4.937829629684917 0.2479982924035275 0
2809 2.066736449563627 0.6566989994855251 0
2810 11.60648615914585 0.4784506394826793 0
2811 0.6847046014040497 1.399555702644835 0
2812 1.159122244612364 0.9350855061118789 0
2813 3.667225601987978 0.6199631921234318 0
2814 3.787131222048958 0.06636659686734388 0
2815 14.44227362321833 0.3312192502201013 0
2816 10.10441414992951 0.8042598247323379 0
2817 -1.392015222171726 0.1997049348397782 0
2818 0.08158862863176278 1.382622795078988 0
2819 10.25985094680444 1.393868461619248 0
2820 3.230989356982346 0.9596058334859709 0
2821 -0.157889473921306 1.389872400092001 0
2822 0.7285730085134926 0.4070748697850488 0
2823 3.545027281701728 0.8070245867360981 0
2824 -0.7456453923592439 0.3598472774232361 0
2825 13.1918405661204 0.1039635524916215 0
2826 10.27516391113989 0.358007003849695 0
2827 6.690046810048969 0.356833815762625 0
2828 4.025959426094763 0.9243287608547869 0
2829 12.40992747613795 0.4812575751225758 0
2830 1.476625402373442 0.2940921681204688 0
2831 8.526304940806108 0.09445478159508984 0
2832 0.940007378711329 0.163021846778888 0
2833 6.39782224717301 0.6222624800128245 0
2834 0.9782335478040057 1.403773706663578 0
2835 0.6751833989675609 0.8677819923084171 0
2836 6.347671340537092 0.07452621792220815 0
2837 6.718710840327987 0.9387580473932953 0
2838 6.590506583370644 1.108481233949863 0
2839 9.160747860674203 1.037170155164614 0
2840 5.737739993352175 0.7640758543154937 0
2841 13.03130214064059 0.127556046646268 0
2842 3.091722232179814 0.9539849580269023 0
2843 12.92105949633392 0.8492684911733402 0
2844 7.770604906482649 1.040477567215203 0
2845 7.097945336718209 0.07677776036370544 0
2846 0.1189784746404843 0.5410213064107146 0
2847 11.27997230435291 0.9916054924500493 0
2848 1.574157690693516 0.3335811460607975 0
2849 7.309904602084817 0.08360383979849235 0
2850 3.066087546667336 0.06253115997545328 0
2851 6.383100436414896 1.394335958713756 0
2852 4.403711656878739 0.6342045467771585 0
2853 13.76341324439491 0.8601049149561817 0
2854 10.67252347036305 1.045388868174939 0
2855 4.087225832702121 0.6193845740249049 0
2856 1.869545773147505 0.3772939912636614 0
2857 2.359452334312999 1.052968525760961 0
2858 5.867888943711953 1.156794196056042 0
2859 4.9480215046497 0.5476596645913269 0
2860 11.58039470503887 1.238236078204215 0
2861 6.974350399989938 0.08478015066482278 0
2862 7.893253457347813 0.6445919212392239 0
2863 -0.7245618112694882 0.7154687960152689 0
2864 -0.5961546362294754 0.3542289032428633 0
2865 14.10985385247279 0.5045863672281149 0
2866 12.18195621065728 0.3681275128373177 0
2867 3.393423161266761 0.6656983781113135 0
2868 11.20617813505514 0.7405229634869972 0
2869 2.943562960652538 1.385906664668791 0
2870 13.25033108255788 0.4735443874247429 0
2871 3.356642570419206 1.123549515270789 0
2872 7.644938837169796 0.0834403295055333 0
2873 3.956605751236056 1.02157756956603 0
2874 12.45528444903924 0.8066678834166819 0
2875 2.320665141643493 0.1844621476252582 0
2876 9.372709526530388 1.370202902574234 0
2877 5.177205691719039 0.7873425924922903 0
2878 1.248081242838929 0.1515678660894963 0
2879 11.40167629532257 0.3672123824230337 0
2880 2.971720232070883 0.6003061634409423 0
2881 5.947420425029676 0.0864366968327171 0
2882 7.874144384155027 0.8411797848024039 0
2883 0.5520091925914521 0.3185693970718567 0
2884 -0.6811009443023295 0.5639244727810471 0
2885 -1.070110684914466 0.07013088913869064 0
2886 4.161779501749316 1.099715761755707 0
2887 2.913351691530286 0.3076386653819636 0
2888 8.913335399033091 0.2713756094731622 0
2889 2.816991702724924 0.05877026788827707 0
2890 2.623709502117764 0.4711703392343404 0
2891 9.495931252337098 0.6656277856082644 0
2892 13.07664753190903 1.044759844382024 0
2893 11.23723405646492 1.116044475823706 0
2894 1.722736485471587 1.401023384750678 0
2895 5.008213579559747 0.06002813396817816 0
2896 8.390939023451413 0.08011646927416174 0
2897 12.35860056085614 1.004358596629395 0
2898 13.11685563939142 0.4604062748722683 0
2899 9.505119053936429 0.4817102739629195 0
2900 2.956437089055924 1.115327812893112 0
2901 0.6227778237030082 0.05607610699564363 0
2902 14.47500000000225 1.400913954798426 0
2903 5.296706583666287 0.6734835218688372 0
2904 12.25947204708331 0.4743342027078867 0
2905 0.6873135608113365 0.1576778000253821 0
2906 14.90122312199507 0.974999999997986 0
2907 -1.404022433405623 0.9750000000012475 0
2908 7.918996981496216 0.466891431220113 0
2909 8.076346539376939 0.7613070738295075 0
2910 0.7195951712728842 0.5446258447764566 0
2911 0.8338345798016185 0.8206040657617273 0
2912 8.096939995926439 0.07950133357600245 0
2913 8.180816926355268 1.396522861308745 0
2914 10.51186237482307 0.4725293983486097 0
2915 1.917947690389477 0.4363417989413797 0
2916 1.004569541858977 0.3059328711423919 0
2917 12.8733155082782 0.9496118781388072 0
2918 10.81434952958168 1.237199181452933 0
2919 -1.217879870397899 0.6554484603938412 0
2920 5.831977484198584 0.2092876939603061 0
2921 7.035463255229347 0.5940071211050568 0
2922 -0.4388761815394945 0.3285385955537955 0
2923 9.145932172517947 0.2528316145025268 0
2924 6.628234624807175 0.2088843485398953 0
2925 7.666963330115953 0.27686482056259 0
2926 -0.7171273505845542 0.2907841411204643 0
2927 2.737560622779803 1.37898849910721 0
2928 9.267251441143436 0.2688103040493122 0
2929 2.652512944343902 0.2973418179100403 0
2930 7.983805010634653 1.391572272611462 0
2931 11.46244935178432 0.4688102833610908 0
2932 0.7590268148773791 1.189202910932437 0
2933 0.6603986019946041 1.212470113669458 0
2934 8.539764602072255 0.5980220650991426 0
2935 8.190816272560102 0.8265163862044729 0
2936 0.765168062118141 0.3399797151014439 0
2937 4.126646230344113 0.7083077082730191 0
2938 9.936945081366446 0.4408875833425644 0
2939 0.04658363797533448 0.6365389194901787 0
2940 4.814325916061842 0.07425607883188176 0
2941 1.370825500895484 0.6597971649885486 0
2942 4.242163593987102 0.5540642465841388 0
2943 1.961320214725542 1.381504248908473 0
2944 3.592296501497302 1.37523325824228 0
2945 2.082951243374742 0.1686766226006736 0
2946 -1.211514832166674 0.5264893846855654 0
2947 9.229747355316789 1.404109431423591 0
2948 8.010679239781581 0.2602869448994855 0
2949 12.02399551555414 1.190871354890861 0
2950 13.19945876690127 0.2465133110361991 0
2951 8.822159982855865 0.08396209714716649 0
2952 -0.0192746528399899 0.7412234150031758 0
2953 1.610765892554303 0.05609497377189768 0
2954 13.89954144272747 1.054278016466207 0
2955 11.0484528238232 0.3598978377338445 0
2956 8.254825255674291 0.5934652319829143 0
2957 -0.6252256225690908 0.05794379395842637 0
2958 8.65595376454602 0.8295361734835025 0
2959 6.140319282880201 0.2629229400286934 0
2960 6.797300974724306 1.034942559786091 0
2961 14.20712550222664 0.1121211295151381 0
2962 2.864548448704586 0.3785298024928186 0
2963 -1.382044501766773 1.251731572970578 0
2964 10.6692017717145 0.8239621417079277 0
2965 0.7212869504838958 0.2733328104051065 0
2966 8.512139234545565 1.248359446174089 0
2967 1.337008397206131 0.5167644540762062 0
2968 13.20864708976232 1.030441015347309 0
2969 4.295761408426978 0.6434441143421277 0
2970 -0.6227023465336843 0.1902265928421182 0
2971 7.851670835120848 0.08599751077598711 0
2972 2.549936642678794 0.7795013708574631 0
2973 9.070416493982464 0.6085563616345977 0
2974 14.72285684237479 0.6532138814902818 0
2975 11.49402921735258 0.8491025871723714 0
2976 3.702414178579992 0.9312030816533567 0
2977 2.367590889142365 0.3449493039735744 0
2978 14.47915813229492 0.09953513595840791 0
2979 2.887477892134223 0.2101160669601499 0
2980 12.46978657886017 1.064612960116284 0
2981 -0.04145750006750665 1.111391168895123 0
2982 2.993805049903051 0.06670958766525552 0
2983 13.95698246431826 0.4693717999788153 0
2984 1.995098391791802 1.097601501390162 0
2985 2.803495461922197 0.5248709766650104 0
2986 11.29604760112996 0.790326213715197 0
2987 0.5220928075256774 0.3976166543926226 0
2988 -0.5584948183260989 0.4950247148134602 0
2989 -0.7173469748890757 1.071107002759759 0
2990 -0.1791599048774807 0.6788977335826134 0
2991 8.702327097473319 0.6485010816673767 0
2992 -0.641497736606371 0.4111654148519911 0
2993 5.385462035232296 0.196979761814662 0
2994 11.62255253536128 1.034066603289018 0
2995 3.559258302144539 0.51444433356124 0
2996 8.492637143528864 1.39715249419111 0
2997 -0.5087404370293216 0.7293941729374829 0
2998 -0.9256406330930982 0.8363918905376941 0
2999 13.99536013512368 1.389520446971971 0
3000 -0.7753299850707938 0.0568250171365921 0
3001 0.3812937428489684 1.411722517822472 0
3002 1.730749774623665 0.07532344647252603 0
3003 6.149939983144115 1.373205365283344 0
3004 6.603290945007815 0.5299510522979003 0
3005 5.089502334157331 1.108269618838717 0
3006 8.997515139004385 0.8263469414769251 0
3007 13.87498091784677 0.1227725786180683 0
3008 1.375534747242002 0.3868788558986497 0
3009 0.5346425177740917 0.1150044196694585 0
3010 2.630354486914384 0.05415442221439076 0
3011 -0.8744875596939972 1.194886267227368 0
3012 2.214838149350867 0.706334317067511 0
3013 0.06391082252794221 0.9950294996282099 0
3014 10.00952105241502 0.08263680652611602 0
3015 11.59276256914801 0.6388068126573124 0
3016 2.334590275069075 0.4822282164901058 0
3017 0.4890106559024468 1.095840831409052 0
3018 13.15334161819329 1.391587555665841 0
3019 14.88414487585699 0.2766690531951317 0
3020 14.56523624374411 0.803087245440904 0
3021 2.471586578560808 0.1667575502137246 0
3022 6.501441641273159 0.6498596478250236 0
3023 3.264197230800185 1.391041294313253 0
3024 -0.353862173626255 0.4353252718848631 0
3025 10.76813461009306 0.08644773913836537 0
3026 -0.801307296097342 1.397821075326888 0
3027 3.724156536221713 0.3004028249334721 0
3028 13.97519839711339 1.245613280476715 0
3029 0.2427126974344046 0.658792151438514 0
3030 5.05212140951005 0.2231582627910298 0
3031 13.2964754680884 1.389003119504463 0
3032 10.27426767776845 1.135084536232103 0
3033 0.4862066211796877 1.392576045372621 0
3034 12.39068195242558 1.390332776081463 0
3035 0.1218494698072779 0.7312137870381005 0
3036 14.75459901824718 0.8404263305119799 0
3037 7.494368768799756 0.5778903430771934 0
3038 5.027344636895734 0.9164093236993878 0
3039 14.04460777593214 0.2690125876250967 0
3040 -0.3093412797337565 0.662218214887515 0
3041 -1.000353596260786 0.3534911913247566 0
3042 -0.6751078070570857 0.9026407770740644 0
3043 1.071163559615163 0.4561256127801869 0
3044 -0.4199719502396259 0.7409285655639518 0
3045 0.3399165896284999 0.7511191364052988 0
3046 7.242962192804399 0.2290467008287726 0
3047 8.439779566112831 0.2796186998416642 0
3048 8.4093028012124 1.01270694909084 0
3049 1.451428805757383 0.06017511064581482 0
3050 3.803016392759343 0.1922470621822907 0
3051 7.968988701130654 1.144826340871085 0
3052 9.397529994439619 0.07352624601456927 0
3053 3.953891264241625 0.1934676656965599 0
3054 5.69548855680703 0.5232580443461645 0
3055 8.127698429478054 0.2539288770723112 0
3056 0.8235083926840618 0.2064708527065849 0
3057 8.951663936535935 0.1820537730566729 0
3058 4.0440602027034 0.3052921625006081 0
3059 2.194274492639246 0.2335555443423167 0
3060 5.90844712264309 0.3420316739834411 0
3061 3.08135902265304 0.1847794449910187 0
3062 6.512734401658528 0.3524749873922755 0
3063 0.5108530639351599 0.2130750984457449 0
3064 4.323716003042292 0.8302194316535076 0
3065 3.101097395858567 1.23416076681552 0
3066 0.3247006329859202 1.256037134770512 0
3067 8.795427522763891 0.2534014430993564 0
3068 4.863556149137903 0.1882355279486115 0
3069 3.22614867354341 0.1856563055240721 0
3070 2.792253472362414 0.643765764009733 0
3071 4.088696438025325 0.1660958693580039 0
3072 3.315310071925333 0.2952852137298289 0
3073 3.798707212251088 0.3496909838291261 0
3074 3.960234053996685 0.3476278542376741 0
3075 -1.263544044935846 1.408344048254002 0
3076 0.6168309228367392 0.4912724077937443 0
3077 1.084950224863217 1.249142245862593 0
3078 1.457797767656129 0.6686990852855785 0
3079 6.701054184790507 0.6039994758765732 0
3080 10.16785492916549 0.9239095210764099 0
3081 -0.1435352464701451 1.268077212636175 0
3082 5.799357153735285 0.076815858452146 0
3083 10.98077151991454 0.823119646567458 0
3084 11.92161653991025 1.394663062199695 0
3085 3.355509793119735 0.1594640249960953 0
3086 3.080980702511977 0.3361442743523553 0
3087 5.545056719021233 0.1676028387768786 0
3088 4.558138968401531 0.1973490844335655 0
3089 13.14027578692441 1.24724326637178 0
3090 -0.9544637688467476 0.1545152930335675 0
3091 7.762872643487445 0.6135180320274036 0
3092 4.482120579374532 0.2273172855652642 0
3093 3.232803139527974 0.3322558540516304 0
3094 12.09224438486045 0.8192071137743006 0
3095 10.08363153560436 1.031535499193278 0
3096 2.397658196759562 0.5280465264838119 0
3097 -0.5523063360615185 0.802523017482494 0
3098 0.9437154747072182 0.6872543391661765 0
3099 10.06626564989631 0.4464881051747003 0
3100 -1.047398232702471 0.9470559723323699 0
3101 4.713864918202022 0.1954124345878812 0
3102 5.638833057143266 0.8392497665019361 0
3103 0.4730733746931239 0.9912568687041443 0
3104 1.478648172350778 0.5087455097795752 0
3105 11.54870547414995 0.08396032111972193 0
3106 8.336141286606715 0.5529508517538422 0
3107 8.417500964169049 1.194309390882766 0
3108 4.806166694757389 0.3126292087263427 0
3109 1.583851616719548 0.4327217046476298 0
3110 3.672321299376536 0.1728658139502419 0
3111 7.40517808088288 0.7802198189699525 0
3112 0.1822029749309726 1.097050265736074 0
3113 3.608027916821555 1.003548176636545 0
3114 4.987173597354291 0.8269636204850374 0
3115 3.488009761273505 0.6515519334796855 0
3116 -0.08868736160233383 0.7677661686863699 0
3117 3.838324903448646 1.408234867481119 0
3118 12.55569685911733 0.8152149975066617 0
3119 13.71838624120061 0.9622181923943647 0
3120 8.660152026195492 0.0835865452223955 0
3121 11.80059331153933 0.638702310511147 0
3122 10.47445931168202 1.389324856245666 0
3123 4.471996651709256 0.3091397734466568 0
3124 11.95990297612334 0.7666595494559778 0
3125 12.17505560151544 0.5784748255288971 0
3126 11.74967804783378 0.8235073669825737 0
3127 4.715878606835698 0.3543916066494425 0
3128 11.42684572586425 0.9959394638282777 0
3129 14.04381342409845 1.034204211551421 0
3130 1.778759603077396 0.1489329431156747 0
3131 2.77552516396362 1.230150022143774 0
3132 6.416487257748481 0.4845161100301829 0
3133 4.55332823049733 0.3517962077451869 0
3134 8.905378565065217 0.7441131541374326 0
3135 4.517132704562511 0.06934826735951161 0
3136 3.257067816274747 1.076992485553937 0
3137 2.564815194179046 0.6656730738812366 0
3138 1.022334847245367 0.9299750917520767 0
3139 9.197210297813845 0.8181354770957996 0
3140 5.444349386477618 0.5950101721173514 0
3141 3.604063404463495 0.05341332788723237 0
3142 4.347836614660349 0.05555772120815446 0
3143 1.709913239532513 0.3418564663098167 0
3144 -0.7519509156736696 0.8878623494402703 0
3145 0.163664691553908 0.5801539125508415 0
3146 2.967696178484054 0.1641108464592552 0
3147 12.42502948910647 0.6024501708962875 0
3148 6.423148880650744 1.097680347472863 0
3149 5.789853427219218 0.9386162118077332 0
3150 14.73301538570653 1.391494228928995 0
3151 7.257692448030038 0.8039320530079569 0
3152 0.4970358007954698 1.257606617841852 0
3153 6.162934486961325 0.6183195158529065 0
3154 14.89190966462854 1.233600044028287 0
3155 5.300965041798151 1.107426891602366 0
3156 4.030381412507813 1.139628845228243 0
3157 2.012499311360793 0.8197774499537271 0
3158 13.67290922748222 0.2707736947517529 0
3159 6.584265348917827 1.390362720274891 0
3160 4.973226466952476 0.4076883489353876 0
3161 9.971540633445448 1.405066803041264 0
3162 7.42744228494895 0.8664132422682578 0
3163 -0.5249999999991407 1.419538787800281 0
3164 12.35396329732071 0.08867558357354177 0
3165 5.375963273911823 0.82213871676743 0
3166 3.351956984887317 0.9212572222475626 0
3167 0.2035251528145578 0.7487566628789729 0
3168 12.40566167358741 1.245976131024585 0
3169 2.876550608894643 0.05597597016139917 0
3170 -0.5881108467077825 1.223722280999589 0
3171 4.300326259378815 1.095429946491203 0
3172 6.478476747754915 0.07612086321670163 0
3173 2.109683199311373 0.385857253149144 0
3174 12.82678665707066 0.2596255288289733 0
3175 5.476834898821174 1.411070606900032 0
3176 13.35623505109998 0.1127286598044376 0
3177 13.3349620771674 0.2736649805940983 0
3178 13.26932525229141 0.5929700073750733 0
3179 -0.462982428612732 1.248348509635593 0
3180 9.855286587568695 0.9385684386109601 0
3181 0.3403055925335959 0.9982041397546428 0
3182 8.015217766251459 0.07796485774099536 0
3183 7.273102339578706 0.919678633824741 0
3184 9.714714479399408 1.394792542269159 0
3185 -0.3095828592153675 0.819500542399028 0
3186 10.44354322628597 0.2389816576167706 0
3187 -0.02064974900873762 0.5538025906775462 0
3188 4.287636902804226 0.3903067743539454 0
3189 14.58964710505523 1.248846655059529 0
3190 1.272082347227247 0.2654520361974703 0
3191 3.838521919838404 1.208324476794265 0
3192 12.01565754601691 0.254018819004138 0
3193 7.075351873314404 0.2375048541174177 0
3194 1.656858201180801 0.6720478821883857 0
3195 0.9217021307018882 0.792866427695972 0
3196 6.960261216753581 0.6706006385378682 0
3197 8.577765842076825 1.060474823931874 0
3198 12.26644291691112 1.223273301528726 0
3199 -0.5905588488242985 1.0779651685634 0
3200 6.81158665912459 0.1953783969463591 0
3201 2.308992957365736 0.284444160937891 0
3202 1.308490312683951 0.05085543411281696 0
3203 0.1878359715352189 1.395782544584476 0
3204 4.784607501589988 1.036458822500587 0
3205 2.03646633853565 0.05072820213871077 0
3206 3.543537271470532 0.3736749050649626 0
3207 4.158997935478948 0.05281462593422156 0
3208 2.26174922475308 1.126816781775466 0
3209 5.138055885500681 0.4678900300330512 0
3210 2.720529670516587 0.1553474139697948 0
3211 11.2120964720804 0.2460850302730619 0
3212 3.795083554384775 0.7553001441069629 0
3213 0.5521776815052517 0.7364429594800466 0
3214 2.901725618657423 0.6621730564284911 0
3215 2.635083694419833 1.011739145070807 0
3216 3.422879745630836 0.05067099999129897 0
3217 -0.5263482469154022 0.3574579485682433 0
3218 -0.1951231356441873 0.6137690582952438 0
3219 0.4095529851541195 0.7533969156707708 0
3220 12.61217282856088 0.6388890258201034 0
3221 8.47299559490838 0.6542992424902012 0
3222 2.695295687412043 0.06157556002984255 0
3223 -1.413367288750554 0.09006197625258827 0
3224 5.447856688256835 0.07236046613354008 0
3225 -0.7509148958337385 0.4943153150525162 0
3226 4.326236238470829 1.393124902324264 0
3227 0.09893485303578842 0.6694203365322936 0
3228 2.434132558084019 1.235873100646599 0
3229 3.756592337956394 1.25678039937994 0
3230 14.88707769832433 1.387471004043106 0
3231 0.7631672018864168 0.5951375519469764 0
3232 10.25076394041479 0.6123751311633714 0
3233 2.475535934713068 1.417525745307412 0
3234 7.199056881779036 1.246020852441498 0
3235 4.058526395434969 0.4647433668572775 0
3236 14.89083588848448 0.08739091780470068 0
3237 5.207632309646245 0.0670015787629807 0
3238 0.3266674709843934 0.5327485895914189 0
3239 -0.1898729363803237 0.5059908874457719 0
3240 1.55709352338224 0.05067175310179007 0
3241 0.6301057349945287 0.3431814177523443 0
3242 0.3235740477486335 0.8762280583871216 0
3243 7.734034405222717 0.206109115193336 0
3244 0.8437310268869217 0.3416793321012467 0
3245 14.13382144634296 1.21833222688941 0
3246 -0.8307819703004981 0.1727346779818401 0
3247 6.351108000114369 0.724135565106148 0
3248 11.37966295683566 0.5651162000267576 0
3249 14.35633289104127 1.244376468252025 0
3250 9.8027506924977 0.6216558718431915 0
3251 -0.3182507930192174 1.384524919748292 0
3252 0.8838171310538748 1.030524548178973 0
3253 10.54752338462653 0.651923031369909 0
3254 -0.9184252303595525 0.6921482442067713 0
3255 13.60994010619994 0.07792667896204164 0
3256 13.29497276796228 1.23198807085349 0
3257 10.38614186554455 0.07100897585435537 0
3258 11.15487810041656 0.0729669814024087 0
3259 1.865936346803817 0.6029143164947484 0
3260 0.9411088658998294 0.5346839285681172 0
3261 9.653529943930799 0.8282483139106884 0
3262 5.086983021596279 0.3122826127815226 0
3263 -0.2610795799195825 0.606445961359969 0
3264 4.926217169157227 0.05308819176484685 0
3265 -0.8953925695436302 0.7593281065794169 0
3266 -0.5060756641316185 0.1956398493343071 0
3267 6.353652108442962 0.1772960917558514 0
3268 9.24138688386528 1.221737217022227 0
3269 10.00673037376895 0.2700028531954834 0
3270 11.94703407166103 0.07546070531003882 0
3271 14.75063952306889 0.09635794033640969 0
3272 4.573842688188807 1.420086344783029 0
3273 4.868681077154715 0.975205586618517 0
3274 1.327881380390322 0.9102484791243396 0
3275 12.96281155526415 0.6127525725970191 0
3276 7.725000000001831 1.422375643582979 0
3277 3.098947214541693 0.1239971585502503 0
3278 9.639595437586367 0.06776793322738466 0
3279 -0.8654870626792069 0.266166095340288 0
3280 10.77075399245815 0.2750835955171713 0
3281 11.08823636807246 0.5453844827310429 0
3282 0.2988677651690779 0.4682671556958873 0
3283 12.76571303935446 0.07306552407068444 0
3284 -1.175006917769544 0.7682781239916063 0
3285 3.820697088937016 0.1293566158597547 0
3286 2.763437497435144 0.8262065702163369 0
3287 9.759585807558874 0.9784294387471122 0
3288 -1.001154357614029 1.403345265095389 0
3289 5.441972624887985 0.4033883145868424 0
3290 3.736090417745498 0.219804015501894 0
3291 10.66869157047455 0.6201796748996308 0
3292 6.825478828555789 1.418167128045159 0
3293 2.990108494130219 0.4476362423003066 0
3294 -0.01847855401627943 0.6678797993958311 0
3295 5.540111929750491 0.3088696127784583 0
3296 8.143375788521046 0.4524167841551223 0
3297 4.554167770303171 0.5672114894575488 0
3298 5.940158220251694 0.1963740828178001 0
3299 1.137907551865754 0.5992957783741572 0
3300 3.334163242647975 0.5969244622200341 0
3301 -0.4346985799410412 1.103444047828726 0
3302 0.4993979309202284 0.5213649279940314 0
3303 9.11537159686009 0.1736936093559295 0
3304 5.391254788597275 1.225674651405281 0
3305 14.41414084485788 0.2129124898337349 0
3306 3.711576602448771 0.4645207575993514 0
3307 -0.7884880093641428 0.6352064038571005 0
3308 1.425022077998417 1.242515452697369 0
3309 -1.244638151639995 1.179676089579187 0
3310 3.130562752167095 0.4181388890256536 0
3311 3.017600192175336 0.2125410494934554 0
3312 6.998492957673198 0.7852071107295683 0
3313 5.563855493959439 1.042569251195032 0
3314 -0.06848521230251407 0.6301884683424874 0
3315 1.437816794513436 0.3690650769889884 0
3316 -0.4210607980113981 0.9710607396623487 0
3317 5.550400354381469 1.310422778853486 0
3318 6.360561185747295 0.3382473207853173 0
3319 13.05792526811705 0.2610133280199221 0
3320 6.333949050950174 0.4268377390629841 0
3321 1.621949503096518 1.260771601858988 0
3322 -0.7095369524421303 0.4194968615347668 0
3323 0.4306806552814756 0.3224034989381638 0
3324 13.4385485666446 0.6483954218804185 0
3325 -0.542847621020752 0.9459851660572234 0
3326 11.55196166086026 1.393069882807315 0
3327 0.07022839246761833 1.252690453953278 0
3328 -0.3366961956525359 1.267045557100354 0
3329 6.868720379523549 1.223262414311801 0
3330 10.85951717822955 0.6201039170955697 0
3331 9.982251650653748 1.20478003303656 0
3332 14.0756189557628 0.6459488654452111 0
3333 5.142210753010966 0.1855686756138991 0
3334 2.289791908576215 0.04485299193977839 0
3335 0.537713873137588 0.6229535680436096 0
3336 14.6062913382071 0.2576278791349242 0
3337 1.825828762593519 1.255101896326342 0
3338 8.804765807844401 1.075041568814354 0
3339 3.645305986841221 0.5316621245535571 0
3340 6.458155382059825 0.1938867188449075 0
3341 7.881362672075963 0.9693311950978974 0
3342 6.667618067947263 0.7420389250537229 0
3343 6.909699461947715 0.2850569481875825 0
3344 0.2322407411541797 1.277165429656883 0
3345 5.957329656277164 0.2850548875219953 0
3346 14.20774681835181 0.2551862880199427 0
3347 2.539611853185646 0.4933300874311898 0
3348 4.41570532841474 0.1782568522821785 0
3349 9.157991173168146 0.5732251335744949 0
3350 9.353161491874044 1.249971611300539 0
3351 1.341572404321311 0.2703424486396485 0
3352 11.86277235731548 1.295243981607092 0
3353 -0.3807639035365843 0.5326228922989199 0
3354 1.629022441303601 1.053481524534033 0
3355 -0.326080926717715 1.11922128945593 0
3356 4.161089535523769 0.1898214589759664 0
3357 5.300265461722505 0.5295188105549512 0
3358 2.792926768586556 0.3728898989550178 0
3359 3.060979344959724 0.6688819817911655 0
3360 3.787559132709159 1.071733119887566 0
3361 7.997036838516368 0.8246143674951489 0
3362 0.9373550511885003 0.2751629055694955 0
3363 4.030112386185912 0.2206585313795763 0
3364 13.39603365942933 0.8269148450600685 0
3365 11.21932027643505 1.3963421108901 0
3366 1.86724000919435 0.9645784849226904 0
3367 1.474918336100958 0.2156503136349301 0
3368 7.568219615518351 0.5531312706844427 0
3369 10.33395384866343 0.5426982280594501 0
3370 3.425254394127839 0.1822703673809453 0
3371 13.8102405023096 0.6288799192685238 0
3372 12.748056002288 0.7540049775716626 0
3373 5.850979241365303 1.246723798665459 0
3374 1.571054990841339 0.9835201423625699 0
3375 0.4071660574667599 0.6280288182406756 0
3376 7.436369145299027 0.4435438552492209 0
3377 4.63891579004498 0.05044085287870387 0
3378 0.6046469433414384 0.6080283646265973 0
3379 13.89427393437876 0.2595000246636771 0
3380 9.908089142680893 1.285674171773934 0
3381 4.794600181111749 0.4788010658748447 0
3382 3.932334602081551 0.1267935294196089 0
3383 3.299744639320699 0.2121740857285386 0
3384 3.554756388240954 1.246958002903656 0
3385 4.731692856085485 0.5295103381306242 0
3386 4.462133861273152 0.468410662903728 0
3387 -1.398573646671712 0.5736377729179816 0
3388 6.026239607244851 0.06277189023016605 0
3389 7.145960903160501 0.3383560937650864 0
3390 11.54381187244159 0.2755779711893165 0
3391 8.733377751221667 0.3410622584217221 0
3392 9.586186819809786 0.2327805634896653 0
3393 0.9185001917049989 0.03983403418123111 0
3394 3.205470827011587 0.1217151594261101 0
3395 10.72500000000318 1.425592997089916 0
3396 9.613214123084136 0.6596624196626762 0
3397 11.09539213170485 0.2383391897615748 0
3398 8.253839752004293 0.07994037418569082 0
3399 6.25820209472559 0.06308318325928419 0
3400 4.792683566797156 0.2303303494179948 0
3401 3.078898732503463 0.4854770057662195 0
3402 0.3381625160080676 1.094493206903063 0
3403 -0.6440468068976035 0.6573083256747498 0
3404 8.921784572154753 1.077540238366441 0
3405 10.33098553987098 0.2426049495098266 0
3406 -2.949028530468138 1.425000000000482 0
3407 16.28532397592612 1.274999999999135 0
3408 -2.38139231718067 0.7595747642841197 0
3409 15.67106472029422 0.6749999999973942 0
3410 15.61692160976372 1.292416304645734 0
3411 15.93797061634518 3.134838827057191 0
3412 14.08966176939419 3.16369434142606 0
3413 12.41995168134576 3.401286358451402 0
3414 10.72500000000318 3.176514495153737 0
3415 9.008819241984677 3.343547406598564 0
3416 7.125000000004553 3.298442272085155 0
3417 5.412711965258078 3.121786548238301 0
3418 3.551815995037505 3.397087104014656 0
3419 1.875000000002971 3.175267424044116 0
3420 0.07500000000138485 3.302964665631207 0
3421 -1.462398034582602 3.128454597937543 0
3422 -2.127930955994332 1.425000000000483 0
3423 15.31870788861113 0.3606428910940395 0
3424 -1.868990318714663 0.3750000000010518 0
3425 18.19918365314384 1.642063051541268 0
3426 13.24326890846018 2.572294299272221 0
3427 12.39509668670615 2.416968060540544 0
3428 11.55816820082458 2.428331331576821 0
3429 4.377291542782451 2.599051874667604 0
3430 3.52500000000442 2.426462577695761 0
3431 2.625000000003631 2.397342185157368 0
3432 1.825000000002926 2.290126325091132 0
3433 0.9750000000021775 2.409398751410099 0
3434 0.07500000000138486 2.396955865915843 0
3435 -0.6777258042691467 2.327924655949852 0
3436 -1.466080897869895 2.267941828673311 0
3437 10.72500000000318 2.258951878402342 0
3438 9.836974177428518 2.439541222603921 0
3439 8.933145698930932 2.365438934664779 0
3440 8.028419889813271 2.413876208943143 0
3441 7.125000000004553 2.396869555728939 0
3442 6.225000000006822 2.396869555730323 0
3443 5.482458500452745 2.232412886751835 0
3444 -4.919934673442041 1.858961111056953 0
3445 14.02500000000573 2.316344327673971 0
3446 14.92500000000064 2.400841110458342 0
3447 4.875000000005612 2.112927382335193 0
3448 15.33589314585021 0.6774841851496954 0
3449 -1.973973383446073 0.9190938051067615 0
3450 -1.793137545024228 0.6959817406880189 0
3451 -2.413878029806496 2.317239531196873 0
3452 15.31162706265321 0.9979691621650931 0
3453 15.29028028918785 1.233077094873557 0
3454 15.33275244324882 1.860298069476807 0
3455 -1.841189544161466 1.207360063675337 0
3456 4.420131790084527 2.000140970398267 0
3457 3.987601840378688 1.986421834936331 0
3458 3.525000000004419 1.943706367769932 0
3459 3.10714285800221 1.988353994472602 0
3460 2.625000000003631 1.943705983732856 0
3461 1.425000000002574 2.009181308480835 0
3462 0.9750000000021773 1.947915700467794 0
3463 0.5571527460498573 1.986748197783678 0
3464 0.07500000000138485 1.943705984173838 0
3465 10.23987787954305 1.989996333684959 0
3466 9.825000000002351 1.947915282945813 0
3467 9.410027013069209 1.98655175815149 0
3468 8.925000000001567 1.943705984173636 0
3469 8.44450936982142 1.981998253902004 0
3470 8.003565413235238 1.933893501588001 0
3471 7.540283614723737 1.985086559398094 0
3472 7.102915273365385 1.932709968617346 0
3473 6.639702181914787 1.982487961372426 0
3474 6.217940436388323 1.959226268500886 0
3475 13.494711484748 2.072584368206619 0
3476 12.95031398774988 2.070747165293149 0
3477 12.49408213489397 1.986436093158638 0
3478 12.07488260284336 1.964115493031973 0
3479 11.61384180061389 1.922267834230454 0
3480 11.17500000000356 1.943705983732962 0
3481 14.475000000003 2.023013977602755 0
3482 -2.927475980170695 0.7342387038909687 0
3483 17.13152310865221 0.8384431861036815 0
3484 16.33980595610551 0.5906477779633829 0
3485 2.266666666669982 1.982935622065147 0
3486 5.875066489477852 1.973414891960257 0
3487 -1.013761340427531 1.987182184219517 0
3488 -0.3038959290786934 1.973703022922926 0
3489 5.175000000005869 1.87529321521226 0
3490 5.530420831659184 1.828387135511542 0
3491 4.875000000005609 1.815460379565873 0
3492 1.848809523812471 1.847310061931391 0
3493 10.8750000000033 1.778160422620476 0
3494 10.57300601186869 1.802705370034139 0
3495 13.8565132719988 1.850548608998437 0
3496 14.19065634190834 1.856454533606264 0
3497 13.26406860256169 1.832504301167637 0
3498 12.96787651806537 1.797636750209137 0
3499 14.83045874054272 1.867853649900974 0
3500 -0.6749999999992723 1.814494275968627 0
3501 -1.744288807020931 1.791612605973296 0
3502 -1.321304435045356 1.751113214771898 0
3503 15.16916282021867 0.251271970573476 0
3504 -1.69043294717766 0.2455346729972468 0
3505 -2.294089833677647 0.4144297528907961 0
3506 15.89772443106732 0.3433372874668019 0
3507 -1.705398585176076 0.975000000001247 0
3508 -3.659369418965831 0.6997302360653385 0
3509 15.17755848693708 0.5249999999979239 0
3510 -1.677649073705305 0.5250000000014722 0
3511 17.1453345129687 2.385003051270516 0
3512 18.15187267027058 3.340973847603696 0
3513 -1.723997087489414 1.424828778275219 0
3514 15.17432852811602 0.8249999999974205 0
3515 1.568448024776958 1.754907610036811 0
3516 1.277614748179809 1.760301051286262 0
3517 10.103456729595 1.743679476021877 0
3518 15.15372600136341 1.122743602027314 0
3519 4.263867924592729 1.744023792377542 0
3520 4.582374964338724 1.728985889147092 0
3521 -3.753691832611302 2.388800374926427 0
3522 12.6750000000049 1.750158903611003 0
3523 12.39205182152589 1.703802520347965 0
3524 -2.064979430729403 0.2037147142945892 0
3525 0.8112009118826609 1.734564427388179 0
3526 9.661543068740576 1.734540919434947 0
3527 15.52749860734638 0.2056275339220643 0
3528 3.813357562399104 1.735593981121989 0
3529 11.91065041413111 1.733158055077063 0
3530 0.364984887490428 1.73546109709006 0
3531 9.212360037046739 1.734635133445117 0
3532 3.360970480992029 1.733476233756854 0
3533 -0.1006492700981008 1.725664653401837 0
3534 2.914978134696509 1.735587643670939 0
3535 2.452777777781257 1.727205551326172 0
3536 6.065501154315478 1.730760514911762 0
3537 6.346163396092259 1.699713926484094 0
3538 6.84043624255078 1.727707235199331 0
3539 7.28609510572787 1.731777085649121 0
3540 7.740641504661156 1.728337590365398 0
3541 8.18667556941228 1.731550327015734 0
3542 8.637811230806186 1.734456689110743 0
3543 11.32500000000363 1.740868962597863 0
3544 13.5593276227616 1.679376754053241 0
3545 14.49111625965586 1.741560167930251 0
3546 15.13308583915338 0.3773829723324713 0
3547 -1.63631985908576 0.6750000000018822 0
3548 -1.647414467919526 0.3791069346003748 0
3549 -1.640736527054871 1.131002920094143 0
3550 -4.995715042219492 3.41223215362052 0
3551 -1.626971197857213 0.7991963481389288 0
3552 15.13556425969389 0.6749999999974001 0
3553 15.13166763298899 0.9771135473649107 0
3554 15.13555441899156 1.274999999999136 0
3555 15.2246122131473 1.434618034182962 0
3556 -1.63057321775976 1.275000000001234 0
3557 -2.061201119813696 0.5693705990092418 0
3558 17.98534362624228 0.7538171045209571 0
3559 -6.030509626707945 1.171399317893859 0
3560 -4.649467612272726 0.8344189426815981 0
3561 8.925000000001567 1.715514335182649 0
3562 11.62500000000399 1.71551444778173 0
3563 2.181179138325235 1.651064462188958 0
3564 5.780428856860455 1.694511933564572 0
3565 5.047959183679232 1.655821818741247 0
3566 5.325563335893751 1.643250361577508 0
3567 16.188226891091 2.068205141924162 0
3568 13.12500000000533 1.67596536752928 0
3569 14.02500000000573 1.675965367528382 0
3570 10.72483044318902 1.634973654551106 0
3571 -0.3685064570245858 1.644837421756199 0
3572 15.59392646795904 0.9493891781895479 0
3573 15.96006170103674 0.887599604216283 0
3574 -0.9836801811703075 1.667729199149398 0
3575 1.75246536408626 1.633658765663797 0
3576 1.424497802674975 1.647362824192036 0
3577 14.26628245257018 1.638454532080462 0
3578 4.791111208101588 1.628889416649272 0
3579 12.88665196644083 1.631535744478154 0
3580 2.682125985415414 1.651083196454994 0
3581 6.604383636763148 1.651651520509308 0
3582 7.063241103609827 1.648699048244299 0
3583 7.511170037520221 1.657533539235435 0
3584 7.96348041455199 1.648963569828188 0
3585 8.411499361673862 1.65800087833808 0
3586 3.138848578950503 1.659569645316732 0
3587 3.58322134056817 1.652129430441462 0
3588 0.1315559362330109 1.650805289110956 0
3589 0.5888897575714152 1.659462287043652 0
3590 9.438988353143767 1.659287968505258 0
3591 12.13793080641893 1.650179344742833 0
3592 4.035804554564194 1.661006601405976 0
3593 8.777287719788012 1.622325595917132 0
3594 9.072742863759718 1.622357460976837 0
3595 11.47500000000382 1.623470675102445 0
3596 11.77243757395533 1.622093727330853 0
3597 15.59598748767141 2.366045787229126 0
3598 1.03563594334523 1.657130196523705 0
3599 9.881666633057534 1.654355946400439 0
3600 -3.938373456782186 1.449364393858567 0
3601 15.55017775863385 0.4524183795259991 0
3602 10.32772343683587 1.672730196623495 0
3603 -2.671286305867933 0.388973871550752 0
3604 -2.518549135589285 1.092369657415881 0
3605 15.12644508536098 0.1240046537595505 0
3606 15.28146364030163 0.156924508224855 0
3607 14.77500000000163 1.663910099527527 0
3608 16.98921051101872 1.623804963451944 0
3609 -1.798770646750733 0.1401342777287176 0
3610 -2.187371553898803 1.09897606338966 0
3611 -1.627034429612188 0.1229314005109371 0
3612 -2.937613823204138 3.541121109613561 0
3613 -2.451372736886036 0.1792226042841729 0
$EndNodes
$Elements
7224
1 1 2 2 1 1 16
2 1 2 2 1 16 17
3 1 2 2 1 17 18
4 1 2 2 1 18 19
5 1 2 2 1 19 20
6 1 2 2 1 20 21
7 1 2 2 1 21 22
8 1 2 2 1 22 23
9 1 2 2 1 23 24
10 1 2 2 1 24 25
11 1 2 2 1 25 26
12 1 2 2 1 26 27
13 1 2 2 1 27 28
14 1 2 2 1 28 29
15 1 2 2 1 29 30
16 1 2 2 1 30 31
17 1 2 2 1 31 32
18 1 2 2 1 32 33
19 1 2 2 1 33 34
20 1 2 2 1 34 35
21 1 2 2 1 35 36
22 1 2 2 1 36 37
23 1 2 2 1 37 38
24 1 2 2 1 38 39
25 1 2 2 1 39 40
26 1 2 2 1 40 41
27 1 2 2 1 41 42
28 1 2 2 1 42 43
29 1 2 2 1 43 44
30 1 2 2 1 44 45
31 1 2 2 1 45 2
32 1 2 2 5 5 56
33 1 2 2 5 56 57
34 1 2 2 5 57 58
35 1 2 2 5 58 59
36 1 2 2 5 59 60
37 1 2 2 5 60 61
38 1 2 2 5 61 62
39 1 2 2 5 62 63
40 1 2 2 5 63 64
41 1 2 2 5 64 65
42 1 2 2 5 65 66
43 1 2 2 5 66 67
44 1 2 2 5 67 68
45 1 2 2 5 68 69
46 1 2 2 5 69 70
47 1 2 2 5 70 71
48 1 2 2 5 71 72
49 1 2 2 5 72 73
50 1 2 2 5 73 74
51 1 2 2 5 74 75
52 1 2 2 5 75 76
53 1 2 2 5 76 77
54 1 2 2 5 77 78
55 1 2 2 5 78 79
56 1 2 2 5 79 80
57 1 2 2 5 80 81
58 1 2 2 5 81 82
59 1 2 2 5 82 83
60 1 2 2 5 83 84
61 1 2 2 5 84 85
62 1 2 2 5 85 86
63 1 2 2 5 86 87
64 1 2 2 5 87 88
65 1 2 2 5 88 89
66 1 2 2 5 89 90
67 1 2 2 5 90 91
68 1 2 2 5 91 92
69 1 2 2 5 92 93
70 1 2 2 5 93 94
71 1 2 2 5 94 95
72 1 2 2 5 95 96
73 1 2 2 5 96 97
74 1 2 2 5 97 98
75 1 2 2 5 98 99
76 1 2 2 5 99 100
77 1 2 2 5 100 101
78 1 2 2 5 101 102
79 1 2 2 5 102 103
80 1 2 2 5 103 104
81 1 2 2 5 104 105
82 1 2 2 5 105 106
83 1 2 2 5 106 107
84 1 2 2 5 107 108
85 1 2 2 5 108 109
86 1 2 2 5 109 110
87 1 2 2 5 110 111
88 1 2 2 5 111 112
89 1 2 2 5 112 113
90 1 2 2 5 113 114
91 1 2 2 5 114 6
92 1 2 3 6 6 115
93 1 2 3 6 115 116
94 1 2 3 6 116 117
95 1 2 3 6 117 118
96 1 2 3 6 118 119
97 1 2 3 6 119 120
98 1 2 3 6 120 121
99 1 2 3 6 121 122
100 1 2 3 6 122 7
101 1 2 4 7 7 123
102 1 2 4 7 123 124
103 1 2 4 7 124 125
104 1 2 4 7 125 126
105 1 2 4 7 126 127
106 1 2 4 7 127 128
107 1 2 4 7 128 129
108 1 2 4 7 129 130
109 1 2 4 7 130 131
110 1 2 4 7 131 132
111 1 2 4 7 132 133
112 1 2 4 7 133 134
113 1 2 4 7 134 135
114 1 2 4 7 135 136
115 1 2 4 7 136 137
116 1 2 4 7 137 138
117 1 2 4 7 138 139
118 1 2 4 7 139 140
119 1 2 4 7 140 141
120 1 2 4 7 141 142
121 1 2 4 7 142 143
122 1 2 4 7 143 144
123 1 2 4 7 144 145
124 1 2 4 7 145 146
125 1 2 4 7 146 147
126 1 2 4 7 147 148
127 1 2 4 7 148 149
128 1 2 4 7 149 150
129 1 2 4 7 150 151
130 1 2 4 7 151 152
131 1 2 4 7 152 153
132 1 2 4 7 153 154
133 1 2 4 7 154 155
134 1 2 4 7 155 156
135 1 2 4 7 156 157
136 1 2 4 7 157 158
137 1 2 4 7 158 159
138 1 2 4 7 159 160
139 1 2 4 7 160 161
140 1 2 4 7 161 162
141 1 2 4 7 162 163
142 1 2 4 7 163 164
143 1 2 4 7 164 165
144 1 2 4 7 165 166
145 1 2 4 7 166 167
146 1 2 4 7 167 168
147 1 2 4 7 168 169
148 1 2 4 7 169 170
149 1 2 4 7 170 171
150 1 2 4 7 171 172
151 1 2 4 7 172 173
152 1 2 4 7 173 174
153 1 2 4 7 174 175
154 1 2 4 7 175 176
155 1 2 4 7 176 177
156 1 2 4 7 177 178
157 1 2 4 7 178 179
158 1 2 4 7 179 180
159 1 2 4 7 180 181
160 1 2 4 7 181 182
161 1 2 4 7 182 183
162 1 2 4 7 183 184
163 1 2 4 7 184 185
164 1 2 4 7 185 186
165 1 2 4 7 186 187
166 1 2 4 7 187 188
167 1 2 4 7 188 189
168 1 2 4 7 189 190
169 1 2 4 7 190 191
170 1 2 4 7 191 192
171 1 2 4 7 192 193
172 1 2 4 7 193 194
173 1 2 4 7 194 195
174 1 2 4 7 195 196
175 1 2 4 7 196 197
176 1 2 4 7 197 198
177 1 2 4 7 198 199
178 1 2 4 7 199 200
179 1 2 4 7 200 201
180 1 2 4 7 201 202
181 1 2 4 7 202 203
182 1 2 4 7 203 204
183 1 2 4 7 204 205
184 1 2 4 7 205 206
185 1 2 4 7 206 207
186 1 2 4 7 207 208
187 1 2 4 7 208 209
188 1 2 4 7 209 210
189 1 2 4 7 210 211
190 1 2 4 7 211 212
191 1 2 4 7 212 213
192 1 2 4 7 213 214
193 1 2 4 7 214 215
194 1 2 4 7 215 216
195 1 2 4 7 216 217
196 1 2 4 7 217 218
197 1 2 4 7 218 219
198 1 2 4 7 219 220
199 1 2 4 7 220 221
200 1 2 4 7 221 8
201 1 2 1 8 8 222
202 1 2 1 8 222 223
203 1 2 1 8 223 224
204 1 2 1 8 224 225
205 1 2 1 8 225 226
206 1 2 1 8 226 227
207 1 2 1 8 227 228
208 1 2 1 8 228 229
209 1 2 1 8 229 1
210 1 2 2 9 12 230
211 1 2 2 9 230 231
212 1 2 2 9 231 232
213 1 2 2 9 232 233
214 1 2 2 9 233 234
215 1 2 2 9 234 235
216 1 2 2 9 235 236
217 1 2 2 9 236 237
218 1 2 2 9 237 238
219 1 2 2 9 238 9
220 1 2 5 10 9 239
221 1 2 5 10 239 240
222 1 2 5 10 240 241
223 1 2 5 10 241 242
224 1 2 5 10 242 243
225 1 2 5 10 243 244
226 1 2 5 10 244 245
227 1 2 5 10 245 246
228 1 2 5 10 246 247
229 1 2 5 10 247 248
230 1 2 5 10 248 10
231 1 2 5 11 10 249
232 1 2 5 11 249 250
233 1 2 5 11 250 251
234 1 2 5 11 251 252
235 1 2 5 11 252 253
236 1 2 5 11 253 254
237 1 2 5 11 254 255
238 1 2 5 11 255 256
239 1 2 5 11 256 257
240 1 2 5 11 257 258
241 1 2 5 11 258 11
242 1 2 2 12 11 259
243 1 2 2 12 259 260
244 1 2 2 12 260 261
245 1 2 2 12 261 262
246 1 2 2 12 262 263
247 1 2 2 12 263 264
248 1 2 2 12 264 265
249 1 2 2 12 265 266
250 1 2 2 12 266 267
251 1 2 2 12 267 268
252 1 2 2 12 268 269
253 1 2 2 12 269 270
254 1 2 2 12 270 271
255 1 2 2 12 271 272
256 1 2 2 12 272 273
257 1 2 2 12 273 274
258 1 2 2 12 274 275
259 1 2 2 12 275 276
260 1 2 2 12 276 277
261 1 2 2 12 277 278
262 1 2 2 12 278 279
263 1 2 2 12 279 280
264 1 2 2 12 280 281
265 1 2 2 12 281 282
266 1 2 2 12 282 283
267 1 2 2 12 283 284
268 1 2 2 12 284 285
269 1 2 2 12 285 286
270 1 2 2 12 286 287
271 1 2 2 12 287 288
272 1 2 2 12 288 289
273 1 2 2 12 289 290
274 1 2 2 12 290 291
275 1 2 2 12 291 292
276 1 2 2 12 292 293
277 1 2 2 12 293 294
278 1 2 2 12 294 295
279 1 2 2 12 295 296
280 1 2 2 12 296 297
281 1 2 2 12 297 298
282 1 2 2 12 298 299
283 1 2 2 12 299 300
284 1 2 2 12 300 301
285 1 2 2 12 301 302
286 1 2 2 12 302 303
287 1 2 2 12 303 304
288 1 2 2 12 304 305
289 1 2 2 12 305 306
290 1 2 2 12 306 307
291 1 2 2 12 307 308
292 1 2 2 12 308 309
293 1 2 2 12 309 310
294 1 2 2 12 310 311
295 1 2 2 12 311 312
296 1 2 2 12 312 313
297 1 2 2 12 313 314
298 1 2 2 12 314 315
299 1 2 2 12 315 316
300 1 2 2 12 316 317
301 1 2 2 12 317 318
302 1 2 2 12 318 319
303 1 2 2 12 319 320
304 1 2 2 12 320 321
305 1 2 2 12 321 322
306 1 2 2 12 322 323
307 1 2 2 12 323 324
308 1 2 2 12 324 325
309 1 2 2 12 325 326
310 1 2 2 12 326 327
311 1 2 2 12 327 328
312 1 2 2 12 328 329
313 1 2 2 12 329 330
314 1 2 2 12 330 331
315 1 2 2 12 331 332
316 1 2 2 12 332 333
317 1 2 2 12 333 334
318 1 2 2 12 334 335
319 1 2 2 12 335 336
320 1 2 2 12 336 337
321 1 2 2 12 337 338
322 1 2 2 12 338 339
323 1 2 2 12 339 340
324 1 2 2 12 340 341
325 1 2 2 12 341 342
326 1 2 2 12 342 343
327 1 2 2 12 343 344
328 1 2 2 12 344 345
329 1 2 2 12 345 346
330 1 2 2 12 346 347
331 1 2 2 12 347 348
332 1 2 2 12 348 349
333 1 2 2 12 349 350
334 1 2 2 12 350 351
335 1 2 2 12 351 352
336 1 2 2 12 352 353
337 1 2 2 12 353 354
338 1 2 2 12 354 355
339 1 2 2 12 355 356
340 1 2 2 12 356 357
341 1 2 2 12 357 358
342 1 2 2 12 358 359
343 1 2 2 12 359 360
344 1 2 2 12 360 361
345 1 2 2 12 361 362
346 1 2 2 12 362 363
347 1 2 2 12 363 364
348 1 2 2 12 364 365
349 1 2 2 12 365 366
350 1 2 2 12 366 367
351 1 2 2 12 367 368
352 1 2 2 12 368 369
353 1 2 2 12 369 370
354 1 2 2 12 370 371
355 1 2 2 12 371 372
356 1 2 2 12 372 373
357 1 2 2 12 373 374
358 1 2 2 12 374 375
359 1 2 2 12 375 376
360 1 2 2 12 376 377
361 1 2 2 12 377 378
362 1 2 2 12 378 379
363 1 2 2 12 379 380
364 1 2 2 12 380 381
365 1 2 2 12 381 382
366 1 2 2 12 382 383
367 1 2 2 12 383 384
368 1 2 2 12 384 385
369 1 2 2 12 385 386
370 1 2 2 12 386 387
371 1 2 2 12 387 388
372 1 2 2 12 388 389
373 1 2 2 12 389 390
374 1 2 2 12 390 391
375 1 2 2 12 391 15
376 1 2 2 16 2 519
377 1 2 2 16 519 520
378 1 2 2 16 520 521
379 1 2 2 16 521 522
380 1 2 2 16 522 523
381 1 2 2 16 523 524
382 1 2 2 16 524 525
383 1 2 2 16 525 12
384 1 2 2 17 15 526
385 1 2 2 17 526 527
386 1 2 2 17 527 528
387 1 2 2 17 528 529
388 1 2 2 17 529 530
389 1 2 2 17 530 531
390 1 2 2 17 531 532
391 1 2 2 17 532 5
392 2 2 6 101 683 824 1070
393 2 2 6 101 824 594 1070
394 2 2 6 101 41 785 1100
395 2 2 6 101 575 803 1180
396 2 2 6 101 803 684 1180
397 2 2 6 101 644 849 990
398 2 2 6 101 888 554 891
399 2 2 6 101 792 633 1304
400 2 2 6 101 1181 606 1327
401 2 2 6 101 768 112 956
402 2 2 6 101 125 769 957
403 2 2 6 101 628 740 934
404 2 2 6 101 163 164 814
405 2 2 6 101 888 891 1162
406 2 2 6 101 858 660 1051
407 2 2 6 101 537 809 1455
408 2 2 6 101 740 628 952
409 2 2 6 101 99 763 1036
410 2 2 6 101 763 99 1035
411 2 2 6 101 625 761 886
412 2 2 6 101 836 604 1416
413 2 2 6 101 535 798 875
414 2 2 6 101 858 1051 1330
415 2 2 6 101 1015 744 1044
416 2 2 6 101 600 820 866
417 2 2 6 101 802 549 1153
418 2 2 6 101 809 593 1229
419 2 2 6 101 758 623 927
420 2 2 6 101 624 759 928
421 2 2 6 101 792 219 968
422 2 2 6 101 544 756 933
423 2 2 6 101 1186 568 1247
424 2 2 6 101 1133 607 1285
425 2 2 6 101 820 600 884
426 2 2 6 101 756 544 1454
427 2 2 6 101 640 1015 1044
428 2 2 6 101 576 783 1102
429 2 2 6 101 577 784 1101
430 2 2 6 101 642 810 904
431 2 2 6 101 791 941 1062
432 2 2 6 101 771 1165 1266
433 2 2 6 101 606 859 1327
434 2 2 6 101 554 800 899
435 2 2 6 101 825 43 1061
436 2 2 6 101 767 1037 1324
437 2 2 6 101 833 547 1077
438 2 2 6 101 682 833 1077
439 2 2 6 101 623 758 942
440 2 2 6 101 759 624 943
441 2 2 6 101 979 82 1086
442 2 2 6 101 980 209 1087
443 2 2 6 101 132 981 1089
444 2 2 6 101 982 70 1088
445 2 2 6 101 845 537 1455
446 2 2 6 101 608 1043 1256
447 2 2 6 101 609 1042 1257
448 2 2 6 101 48 49 835
449 2 2 6 101 990 849 1292
450 2 2 6 101 854 659 899
451 2 2 6 101 604 873 1416
452 2 2 6 101 761 625 1242
453 2 2 6 101 602 854 899
454 2 2 6 101 789 958 1360
455 2 2 6 101 779 636 954
456 2 2 6 101 607 861 1285
457 2 2 6 101 790 959 1361
458 2 2 6 101 990 718 1050
459 2 2 6 101 577 760 1047
460 2 2 6 101 801 632 1183
461 2 2 6 101 802 584 1184
462 2 2 6 101 862 608 1256
463 2 2 6 101 863 609 1257
464 2 2 6 101 568 864 1247
465 2 2 6 101 645 796 1337
466 2 2 6 101 805 589 1067
467 2 2 6 101 649 922 945
468 2 2 6 101 922 683 945
469 2 2 6 101 875 630 894
470 2 2 6 101 619 783 1011
471 2 2 6 101 620 784 1012
472 2 2 6 101 760 577 1023
473 2 2 6 101 941 791 1453
474 2 2 6 101 621 786 1016
475 2 2 6 101 1165 771 1281
476 2 2 6 101 929 148 1302
477 2 2 6 101 192 193 824
478 2 2 6 101 713 910 1096
479 2 2 6 101 911 712 1094
480 2 2 6 101 912 709 1097
481 2 2 6 101 1129 558 1178
482 2 2 6 101 602 835 1170
483 2 2 6 101 572 766 949
484 2 2 6 101 797 548 967
485 2 2 6 101 785 41 987
486 2 2 6 101 800 602 899
487 2 2 6 101 864 568 997
488 2 2 6 101 666 864 997
489 2 2 6 101 808 685 951
490 2 2 6 101 806 587 897
491 2 2 6 101 866 555 1031
492 2 2 6 101 766 572 1014
493 2 2 6 101 807 588 898
494 2 2 6 101 1220 571 1358
495 2 2 6 101 799 586 904
496 2 2 6 101 785 641 1060
497 2 2 6 101 581 797 918
498 2 2 6 101 783 576 1105
499 2 2 6 101 101 102 857
500 2 2 6 101 96 97 856
501 2 2 6 101 854 602 1170
502 2 2 6 101 644 990 1050
503 2 2 6 101 783 619 1102
504 2 2 6 101 784 620 1101
505 2 2 6 101 18 817 1058
506 2 2 6 101 1052 730 1109
507 2 2 6 101 633 937 1304
508 2 2 6 101 639 804 973
509 2 2 6 101 915 185 1362
510 2 2 6 101 784 577 1402
511 2 2 6 101 636 779 1168
512 2 2 6 101 48 835 985
513 2 2 6 101 112 768 1336
514 2 2 6 101 769 125 1335
515 2 2 6 101 786 621 1099
516 2 2 6 101 823 590 1223
517 2 2 6 101 611 842 920
518 2 2 6 101 610 841 921
519 2 2 6 101 813 547 896
520 2 2 6 101 64 932 1312
521 2 2 6 101 1165 548 1266
522 2 2 6 101 565 911 1094
523 2 2 6 101 910 567 1096
524 2 2 6 101 563 912 1097
525 2 2 6 101 31 32 841
526 2 2 6 101 205 206 842
527 2 2 6 101 848 556 1179
528 2 2 6 101 558 846 1178
529 2 2 6 101 731 894 1160
530 2 2 6 101 894 571 1160
531 2 2 6 101 782 573 1018
532 2 2 6 101 682 843 1092
533 2 2 6 101 843 560 1092
534 2 2 6 101 641 785 987
535 2 2 6 101 1229 593 1413
536 2 2 6 101 66 887 1200
537 2 2 6 101 573 782 983
538 2 2 6 101 617 847 1119
539 2 2 6 101 1053 573 1281
540 2 2 6 101 549 867 1317
541 2 2 6 101 867 760 1317
542 2 2 6 101 828 673 1164
543 2 2 6 101 642 817 1253
544 2 2 6 101 633 792 1130
545 2 2 6 101 857 102 917
546 2 2 6 101 96 856 916
547 2 2 6 101 537 786 1414
548 2 2 6 101 786 537 1016
549 2 2 6 101 791 580 1019
550 2 2 6 101 557 1128 1131
551 2 2 6 101 1031 555 1114
552 2 2 6 101 618 917 1132
553 2 2 6 101 1219 692 1338
554 2 2 6 101 580 791 1062
555 2 2 6 101 830 614 1066
556 2 2 6 101 796 645 1020
557 2 2 6 101 43 44 1061
558 2 2 6 101 644 821 1296
559 2 2 6 101 588 790 1361
560 2 2 6 101 637 822 1429
561 2 2 6 101 587 789 1360
562 2 2 6 101 1172 534 1418
563 2 2 6 101 547 833 1511
564 2 2 6 101 1037 767 1362
565 2 2 6 101 692 905 1338
566 2 2 6 101 621 1016 1207
567 2 2 6 101 620 1012 1206
568 2 2 6 101 619 1011 1205
569 2 2 6 101 694 979 1086
570 2 2 6 101 695 980 1087
571 2 2 6 101 981 697 1089
572 2 2 6 101 696 982 1088
573 2 2 6 101 1035 651 1348
574 2 2 6 101 796 1020 1303
575 2 2 6 101 814 164 1156
576 2 2 6 101 1044 744 1271
577 2 2 6 101 66 67 887
578 2 2 6 101 850 609 1386
579 2 2 6 101 851 608 1385
580 2 2 6 101 958 634 1360
581 2 2 6 101 1020 183 1303
582 2 2 6 101 548 797 1326
583 2 2 6 101 602 800 960
584 2 2 6 101 772 1045 1460
585 2 2 6 101 1045 626 1460
586 2 2 6 101 632 801 1174
587 2 2 6 101 549 802 1174
588 2 2 6 101 818 597 1240
589 2 2 6 101 959 635 1361
590 2 2 6 101 771 1053 1281
591 2 2 6 101 571 894 1358
592 2 2 6 101 804 639 1177
593 2 2 6 101 219 792 1304
594 2 2 6 101 789 587 1236
595 2 2 6 101 790 588 1237
596 2 2 6 101 798 535 1167
597 2 2 6 101 627 967 1173
598 2 2 6 101 151 946 1301
599 2 2 6 101 1037 646 1324
600 2 2 6 101 856 616 916
601 2 2 6 101 618 857 917
602 2 2 6 101 1441 1164 1531
603 2 2 6 101 821 644 1050
604 2 2 6 101 797 581 1483
605 2 2 6 101 53 54 836
606 2 2 6 101 656 1052 1109
607 2 2 6 101 840 676 1124
608 2 2 6 101 748 929 1302
609 2 2 6 101 823 1223 1464
610 2 2 6 101 810 592 1148
611 2 2 6 101 684 803 1159
612 2 2 6 101 967 793 1173
613 2 2 6 101 596 844 890
614 2 2 6 101 1148 838 1166
615 2 2 6 101 586 799 1041
616 2 2 6 101 881 38 1316
617 2 2 6 101 1179 556 1270
618 2 2 6 101 78 79 880
619 2 2 6 101 947 850 1386
620 2 2 6 101 948 851 1385
621 2 2 6 101 978 622 1208
622 2 2 6 101 802 1153 1469
623 2 2 6 101 38 39 1316
624 2 2 6 101 536 810 941
625 2 2 6 101 554 888 1025
626 2 2 6 101 547 813 1077
627 2 2 6 101 958 789 1320
628 2 2 6 101 959 790 1321
629 2 2 6 101 763 1035 1348
630 2 2 6 101 1190 595 1350
631 2 2 6 101 767 915 1362
632 2 2 6 101 557 1131 1501
633 2 2 6 101 1132 561 1500
634 2 2 6 101 841 32 921
635 2 2 6 101 842 206 920
636 2 2 6 101 587 806 1144
637 2 2 6 101 1016 775 1207
638 2 2 6 101 816 1190 1350
639 2 2 6 101 1012 774 1206
640 2 2 6 101 1011 776 1205
641 2 2 6 101 800 554 1025
642 2 2 6 101 810 536 1222
643 2 2 6 101 140 141 851
644 2 2 6 101 135 136 850
645 2 2 6 101 588 807 1130
646 2 2 6 101 840 1124 1536
647 2 2 6 101 739 852 1357
648 2 2 6 101 852 542 1357
649 2 2 6 101 40 41 1100
650 2 2 6 101 147 148 929
651 2 2 6 101 537 845 1125
652 2 2 6 101 845 677 1125
653 2 2 6 101 926 729 1358
654 2 2 6 101 584 802 1469
655 2 2 6 101 593 809 1276
656 2 2 6 101 552 1044 1271
657 2 2 6 101 577 1101 1252
658 2 2 6 101 848 616 924
659 2 2 6 101 777 978 1208
660 2 2 6 101 1184 584 1356
661 2 2 6 101 639 1221 1364
662 2 2 6 101 1041 788 1239
663 2 2 6 101 1040 787 1238
664 2 2 6 101 803 575 1399
665 2 2 6 101 167 168 1141
666 2 2 6 101 156 157 1142
667 2 2 6 101 167 1141 1479
668 2 2 6 101 1142 157 1480
669 2 2 6 101 647 841 1004
670 2 2 6 101 841 610 1004
671 2 2 6 101 842 611 1005
672 2 2 6 101 648 842 1005
673 2 2 6 101 950 652 1063
674 2 2 6 101 924 738 1149
675 2 2 6 101 545 924 1149
676 2 2 6 101 617 1119 1442
677 2 2 6 101 917 707 1132
678 2 2 6 101 589 805 1393
679 2 2 6 101 892 28 1262
680 2 2 6 101 534 1172 1421
681 2 2 6 101 825 641 1189
682 2 2 6 101 835 640 985
683 2 2 6 101 878 710 1056
684 2 2 6 101 879 711 1055
685 2 2 6 101 853 555 1260
686 2 2 6 101 932 750 1312
687 2 2 6 101 592 838 1148
688 2 2 6 101 184 185 915
689 2 2 6 101 78 880 1297
690 2 2 6 101 916 616 1179
691 2 2 6 101 27 28 892
692 2 2 6 101 656 853 896
693 2 2 6 101 615 969 1214
694 2 2 6 101 672 1165 1281
695 2 2 6 101 950 1063 1230
696 2 2 6 101 962 637 1429
697 2 2 6 101 828 599 974
698 2 2 6 101 625 826 1242
699 2 2 6 101 64 65 932
700 2 2 6 101 639 973 1221
701 2 2 6 101 610 921 1247
702 2 2 6 101 614 830 965
703 2 2 6 101 831 613 964
704 2 2 6 101 192 824 1152
705 2 2 6 101 757 969 1082
706 2 2 6 101 969 540 1082
707 2 2 6 101 893 154 1367
708 2 2 6 101 618 832 933
709 2 2 6 101 154 155 1367
710 2 2 6 101 601 812 951
711 2 2 6 101 91 92 883
712 2 2 6 101 170 171 882
713 2 2 6 101 600 869 1147
714 2 2 6 101 611 920 1395
715 2 2 6 101 586 1041 1239
716 2 2 6 101 585 1040 1238
717 2 2 6 101 704 876 1017
718 2 2 6 101 895 805 1067
719 2 2 6 101 942 840 1527
720 2 2 6 101 785 1060 1213
721 2 2 6 101 1025 888 1324
722 2 2 6 101 704 1017 1398
723 2 2 6 101 814 643 989
724 2 2 6 101 163 814 989
725 2 2 6 101 1183 632 1435
726 2 2 6 101 846 558 1498
727 2 2 6 101 556 848 1497
728 2 2 6 101 810 642 1093
729 2 2 6 101 106 107 874
730 2 2 6 101 809 537 1064
731 2 2 6 101 46 3 1408
732 2 2 6 101 29 30 876
733 2 2 6 101 629 1144 1282
734 2 2 6 101 828 1164 1512
735 2 2 6 101 1226 698 1356
736 2 2 6 101 875 894 1151
737 2 2 6 101 860 611 1395
738 2 2 6 101 623 942 1527
739 2 2 6 101 609 850 1042
740 2 2 6 101 850 654 1042
741 2 2 6 101 608 851 1043
742 2 2 6 101 851 655 1043
743 2 2 6 101 592 810 1093
744 2 2 6 101 89 961 1311
745 2 2 6 101 144 145 889
746 2 2 6 101 1131 831 1501
747 2 2 6 101 832 1132 1500
748 2 2 6 101 1124 538 1536
749 2 2 6 101 536 941 1453
750 2 2 6 101 820 1441 1531
751 2 2 6 101 845 612 930
752 2 2 6 101 931 720 1137
753 2 2 6 101 796 871 1337
754 2 2 6 101 543 931 1137
755 2 2 6 101 698 929 1356
756 2 2 6 101 1147 869 1468
757 2 2 6 101 877 1213 1431
758 2 2 6 101 615 846 969
759 2 2 6 101 1010 578 1154
760 2 2 6 101 1223 773 1464
761 2 2 6 101 969 757 1214
762 2 2 6 101 946 747 1301
763 2 2 6 101 685 808 1502
764 2 2 6 101 918 750 1332
765 2 2 6 101 967 548 1165
766 2 2 6 101 793 967 1165
767 2 2 6 101 1306 46 1408
768 2 2 6 101 817 18 1253
769 2 2 6 101 860 564 1072
770 2 2 6 101 671 860 1072
771 2 2 6 101 868 718 990
772 2 2 6 101 824 683 1152
773 2 2 6 101 20 837 1034
774 2 2 6 101 600 866 1031
775 2 2 6 101 1039 644 1296
776 2 2 6 101 844 693 1272
777 2 2 6 101 847 617 931
778 2 2 6 101 859 606 912
779 2 2 6 101 605 865 907
780 2 2 6 101 861 607 911
781 2 2 6 101 608 862 908
782 2 2 6 101 609 863 910
783 2 2 6 101 611 860 913
784 2 2 6 101 610 864 909
785 2 2 6 101 151 152 946
786 2 2 6 101 827 943 1465
787 2 2 6 101 856 650 1026
788 2 2 6 101 616 856 1026
789 2 2 6 101 852 663 955
790 2 2 6 101 887 689 1200
791 2 2 6 101 539 964 1078
792 2 2 6 101 964 721 1078
793 2 2 6 101 561 1132 1300
794 2 2 6 101 1363 749 1413
795 2 2 6 101 643 814 1197
796 2 2 6 101 576 1102 1330
797 2 2 6 101 645 834 1187
798 2 2 6 101 599 853 974
799 2 2 6 101 869 600 1031
800 2 2 6 101 817 642 1370
801 2 2 6 101 1060 570 1213
802 2 2 6 101 863 544 1091
803 2 2 6 101 669 863 1091
804 2 2 6 101 624 1241 1465
805 2 2 6 101 1030 801 1183
806 2 2 6 101 533 844 1272
807 2 2 6 101 1156 165 1195
808 2 2 6 101 597 818 1032
809 2 2 6 101 764 1010 1154
810 2 2 6 101 877 688 1213
811 2 2 6 101 1240 597 1365
812 2 2 6 101 749 953 1413
813 2 2 6 101 658 1148 1166
814 2 2 6 101 144 889 1291
815 2 2 6 101 844 596 971
816 2 2 6 101 91 883 1225
817 2 2 6 101 1055 711 1405
818 2 2 6 101 1056 710 1404
819 2 2 6 101 135 850 947
820 2 2 6 101 140 851 948
821 2 2 6 101 882 171 1224
822 2 2 6 101 877 730 1052
823 2 2 6 101 689 1199 1332
824 2 2 6 101 625 886 1299
825 2 2 6 101 583 1030 1183
826 2 2 6 101 943 624 1465
827 2 2 6 101 57 58 872
828 2 2 6 101 932 689 1332
829 2 2 6 101 17 18 1058
830 2 2 6 101 1034 642 1253
831 2 2 6 101 691 884 1147
832 2 2 6 101 884 600 1147
833 2 2 6 101 1144 806 1282
834 2 2 6 101 1021 129 1202
835 2 2 6 101 137 138 879
836 2 2 6 101 142 143 878
837 2 2 6 101 935 173 1328
838 2 2 6 101 1066 614 1422
839 2 2 6 101 822 637 1203
840 2 2 6 101 812 1172 1418
841 2 2 6 101 1246 860 1395
842 2 2 6 101 729 926 1323
843 2 2 6 101 941 658 1062
844 2 2 6 101 673 828 974
845 2 2 6 101 919 653 1105
846 2 2 6 101 612 845 1455
847 2 2 6 101 579 1099 1333
848 2 2 6 101 974 853 1260
849 2 2 6 101 187 188 895
850 2 2 6 101 703 916 1179
851 2 2 6 101 614 965 1171
852 2 2 6 101 736 1181 1327
853 2 2 6 101 964 613 1169
854 2 2 6 101 1080 177 1295
855 2 2 6 101 866 820 1531
856 2 2 6 101 539 859 1106
857 2 2 6 101 859 670 1106
858 2 2 6 101 834 645 1090
859 2 2 6 101 865 542 1108
860 2 2 6 101 665 865 1108
861 2 2 6 101 729 1220 1358
862 2 2 6 101 112 113 956
863 2 2 6 101 124 125 957
864 2 2 6 101 874 675 1116
865 2 2 6 101 617 874 1116
866 2 2 6 101 203 936 1284
867 2 2 6 101 949 731 1160
868 2 2 6 101 701 1236 1381
869 2 2 6 101 1238 700 1380
870 2 2 6 101 181 834 1349
871 2 2 6 101 200 822 1081
872 2 2 6 101 822 200 1429
873 2 2 6 101 674 949 1160
874 2 2 6 101 219 220 968
875 2 2 6 101 4 966 1193
876 2 2 6 101 853 599 1504
877 2 2 6 101 538 1011 1104
878 2 2 6 101 1011 783 1104
879 2 2 6 101 835 602 1015
880 2 2 6 101 867 549 1524
881 2 2 6 101 640 835 1015
882 2 2 6 101 215 849 1039
883 2 2 6 101 821 1050 1333
884 2 2 6 101 704 892 1262
885 2 2 6 101 581 918 1332
886 2 2 6 101 836 54 1193
887 2 2 6 101 641 825 1394
888 2 2 6 101 812 601 1172
889 2 2 6 101 839 672 983
890 2 2 6 101 893 706 1178
891 2 2 6 101 615 893 1178
892 2 2 6 101 876 30 1029
893 2 2 6 101 53 836 1416
894 2 2 6 101 658 868 1062
895 2 2 6 101 868 580 1062
896 2 2 6 101 880 607 1133
897 2 2 6 101 684 880 1133
898 2 2 6 101 590 823 1168
899 2 2 6 101 34 35 1123
900 2 2 6 101 824 193 1038
901 2 2 6 101 172 173 935
902 2 2 6 101 651 857 1054
903 2 2 6 101 857 618 1054
904 2 2 6 101 594 824 1204
905 2 2 6 101 98 99 1036
906 2 2 6 101 99 100 1035
907 2 2 6 101 657 914 988
908 2 2 6 101 1241 624 1452
909 2 2 6 101 89 90 961
910 2 2 6 101 652 1013 1265
911 2 2 6 101 760 867 1047
912 2 2 6 101 956 701 1381
913 2 2 6 101 700 957 1380
914 2 2 6 101 1027 651 1054
915 2 2 6 101 756 1027 1054
916 2 2 6 101 706 1129 1178
917 2 2 6 101 610 909 1004
918 2 2 6 101 611 913 1005
919 2 2 6 101 599 828 1485
920 2 2 6 101 961 753 1311
921 2 2 6 101 203 204 936
922 2 2 6 101 849 215 1351
923 2 2 6 101 546 909 1392
924 2 2 6 101 546 913 1391
925 2 2 6 101 837 20 1354
926 2 2 6 101 918 797 967
927 2 2 6 101 1143 625 1299
928 2 2 6 101 1161 661 1445
929 2 2 6 101 944 109 1322
930 2 2 6 101 761 985 1428
931 2 2 6 101 1164 673 1531
932 2 2 6 101 965 722 1171
933 2 2 6 101 1123 35 1444
934 2 2 6 101 630 926 1358
935 2 2 6 101 721 964 1169
936 2 2 6 101 851 141 1084
937 2 2 6 101 850 136 1083
938 2 2 6 101 1191 213 1296
939 2 2 6 101 868 658 1166
940 2 2 6 101 921 715 1247
941 2 2 6 101 1026 650 1046
942 2 2 6 101 738 1026 1046
943 2 2 6 101 874 107 1188
944 2 2 6 101 895 188 1533
945 2 2 6 101 1157 546 1392
946 2 2 6 101 1158 546 1391
947 2 2 6 101 829 553 1063
948 2 2 6 101 977 652 1265
949 2 2 6 101 780 1156 1195
950 2 2 6 101 778 1080 1295
951 2 2 6 101 553 829 1150
952 2 2 6 101 838 639 1201
953 2 2 6 101 1213 570 1431
954 2 2 6 101 1099 579 1523
955 2 2 6 101 102 103 917
956 2 2 6 101 95 96 916
957 2 2 6 101 838 592 1177
958 2 2 6 101 919 1105 1255
959 2 2 6 101 837 642 1034
960 2 2 6 101 960 1467 1515
961 2 2 6 101 655 851 1084
962 2 2 6 101 654 850 1083
963 2 2 6 101 820 884 1366
964 2 2 6 101 1005 913 1440
965 2 2 6 101 1004 909 1439
966 2 2 6 101 604 836 1344
967 2 2 6 101 54 4 1193
968 2 2 6 101 642 837 1093
969 2 2 6 101 108 109 944
970 2 2 6 101 630 875 986
971 2 2 6 101 830 665 1108
972 2 2 6 101 670 831 1106
973 2 2 6 101 43 825 1189
974 2 2 6 101 826 625 971
975 2 2 6 101 708 1258 1343
976 2 2 6 101 963 1420 1486
977 2 2 6 101 963 755 1420
978 2 2 6 101 832 669 1091
979 2 2 6 101 40 1100 1316
980 2 2 6 101 613 882 1169
981 2 2 6 101 882 686 1169
982 2 2 6 101 880 79 984
983 2 2 6 101 1128 705 1131
984 2 2 6 101 883 614 1171
985 2 2 6 101 687 883 1171
986 2 2 6 101 81 82 979
987 2 2 6 101 208 209 980
988 2 2 6 101 132 133 981
989 2 2 6 101 69 70 982
990 2 2 6 101 883 687 1225
991 2 2 6 101 821 1191 1296
992 2 2 6 101 853 656 1109
993 2 2 6 101 555 853 1109
994 2 2 6 101 686 882 1224
995 2 2 6 101 665 830 1496
996 2 2 6 101 831 670 1501
997 2 2 6 101 669 832 1500
998 2 2 6 101 613 831 1131
999 2 2 6 101 832 618 1132
1000 2 2 6 101 1138 643 1359
1001 2 2 6 101 946 708 1343
1002 2 2 6 101 841 647 1029
1003 2 2 6 101 31 841 1029
1004 2 2 6 101 833 682 1139
1005 2 2 6 101 889 710 1291
1006 2 2 6 101 796 915 1530
1007 2 2 6 101 862 545 1149
1008 2 2 6 101 668 862 1149
1009 2 2 6 101 715 1186 1247
1010 2 2 6 101 647 876 1029
1011 2 2 6 101 227 991 1319
1012 2 2 6 101 120 993 1318
1013 2 2 6 101 992 117 1320
1014 2 2 6 101 994 224 1321
1015 2 2 6 101 872 685 1278
1016 2 2 6 101 659 854 1426
1017 2 2 6 101 887 606 1181
1018 2 2 6 101 689 887 1181
1019 2 2 6 101 553 855 1269
1020 2 2 6 101 871 551 1337
1021 2 2 6 101 156 1142 1367
1022 2 2 6 101 607 880 1384
1023 2 2 6 101 551 871 1459
1024 2 2 6 101 835 49 1170
1025 2 2 6 101 896 853 1504
1026 2 2 6 101 636 1168 1411
1027 2 2 6 101 834 181 1187
1028 2 2 6 101 806 1167 1518
1029 2 2 6 101 945 683 1070
1030 2 2 6 101 887 67 1008
1031 2 2 6 101 733 935 1328
1032 2 2 6 101 716 1021 1202
1033 2 2 6 101 39 40 1316
1034 2 2 6 101 170 882 976
1035 2 2 6 101 1051 576 1330
1036 2 2 6 101 870 551 1459
1037 2 2 6 101 722 955 1176
1038 2 2 6 101 955 578 1176
1039 2 2 6 101 639 838 1177
1040 2 2 6 101 1101 724 1252
1041 2 2 6 101 633 1130 1342
1042 2 2 6 101 672 839 1115
1043 2 2 6 101 71 72 900
1044 2 2 6 101 83 84 901
1045 2 2 6 101 210 211 902
1046 2 2 6 101 130 131 903
1047 2 2 6 101 667 1122 1232
1048 2 2 6 101 571 1155 1525
1049 2 2 6 101 1025 646 1067
1050 2 2 6 101 595 1190 1437
1051 2 2 6 101 176 1080 1264
1052 2 2 6 101 155 156 1367
1053 2 2 6 101 675 874 1188
1054 2 2 6 101 833 952 1466
1055 2 2 6 101 1122 827 1232
1056 2 2 6 101 1077 813 1475
1057 2 2 6 101 952 628 1466
1058 2 2 6 101 941 810 1148
1059 2 2 6 101 842 648 1048
1060 2 2 6 101 573 1053 1305
1061 2 2 6 101 1111 734 1300
1062 2 2 6 101 205 842 1048
1063 2 2 6 101 805 895 1533
1064 2 2 6 101 720 931 1116
1065 2 2 6 101 936 719 1284
1066 2 2 6 101 931 617 1116
1067 2 2 6 101 57 872 1278
1068 2 2 6 101 750 918 1446
1069 2 2 6 101 641 987 1189
1070 2 2 6 101 794 1147 1468
1071 2 2 6 101 77 78 1297
1072 2 2 6 101 950 690 1049
1073 2 2 6 101 575 950 1049
1074 2 2 6 101 229 1 1209
1075 2 2 6 101 122 7 1210
1076 2 2 6 101 6 115 1211
1077 2 2 6 101 8 222 1212
1078 2 2 6 101 812 1376 1492
1079 2 2 6 101 849 644 1039
1080 2 2 6 101 702 1237 1382
1081 2 2 6 101 951 685 1355
1082 2 2 6 101 676 840 1085
1083 2 2 6 101 32 33 921
1084 2 2 6 101 206 207 920
1085 2 2 6 101 618 933 1054
1086 2 2 6 101 686 935 1268
1087 2 2 6 101 560 843 1065
1088 2 2 6 101 971 596 1353
1089 2 2 6 101 190 191 922
1090 2 2 6 101 1024 808 1492
1091 2 2 6 101 174 175 906
1092 2 2 6 101 898 588 1361
1093 2 2 6 101 843 682 1077
1094 2 2 6 101 960 744 1015
1095 2 2 6 101 897 587 1360
1096 2 2 6 101 627 918 967
1097 2 2 6 101 989 643 1138
1098 2 2 6 101 844 533 1283
1099 2 2 6 101 41 42 987
1100 2 2 6 101 677 845 1134
1101 2 2 6 101 1025 1067 1467
1102 2 2 6 101 1159 77 1297
1103 2 2 6 101 578 1010 1263
1104 2 2 6 101 904 810 1222
1105 2 2 6 101 580 868 990
1106 2 2 6 101 728 944 1322
1107 2 2 6 101 933 756 1054
1108 2 2 6 101 960 800 1467
1109 2 2 6 101 1467 589 1515
1110 2 2 6 101 693 844 1461
1111 2 2 6 101 50 854 1170
1112 2 2 6 101 915 796 1303
1113 2 2 6 101 873 604 1120
1114 2 2 6 101 679 848 1098
1115 2 2 6 101 762 870 1459
1116 2 2 6 101 968 702 1382
1117 2 2 6 101 872 58 975
1118 2 2 6 101 966 808 1024
1119 2 2 6 101 227 228 991
1120 2 2 6 101 120 121 993
1121 2 2 6 101 116 117 992
1122 2 2 6 101 223 224 994
1123 2 2 6 101 154 893 1009
1124 2 2 6 101 1175 686 1268
1125 2 2 6 101 650 856 1245
1126 2 2 6 101 857 651 1244
1127 2 2 6 101 551 870 1520
1128 2 2 6 101 1 16 1209
1129 2 2 6 101 7 123 1210
1130 2 2 6 101 114 6 1211
1131 2 2 6 101 221 8 1212
1132 2 2 6 101 182 183 1020
1133 2 2 6 101 137 879 1083
1134 2 2 6 101 142 878 1084
1135 2 2 6 101 879 654 1083
1136 2 2 6 101 878 655 1084
1137 2 2 6 101 662 867 1030
1138 2 2 6 101 1007 560 1065
1139 2 2 6 101 719 1007 1065
1140 2 2 6 101 1168 823 1411
1141 2 2 6 101 62 63 923
1142 2 2 6 101 826 971 1353
1143 2 2 6 101 889 145 1003
1144 2 2 6 101 110 111 925
1145 2 2 6 101 126 127 926
1146 2 2 6 101 606 887 1379
1147 2 2 6 101 864 666 1392
1148 2 2 6 101 860 671 1391
1149 2 2 6 101 871 796 1530
1150 2 2 6 101 855 553 1150
1151 2 2 6 101 855 643 1197
1152 2 2 6 101 1070 594 1521
1153 2 2 6 101 848 679 1497
1154 2 2 6 101 74 858 1331
1155 2 2 6 101 985 761 1369
1156 2 2 6 101 659 873 1120
1157 2 2 6 101 858 74 1233
1158 2 2 6 101 660 858 1233
1159 2 2 6 101 846 615 1178
1160 2 2 6 101 616 848 1179
1161 2 2 6 101 869 661 1161
1162 2 2 6 101 1241 819 1465
1163 2 2 6 101 709 912 1379
1164 2 2 6 101 867 662 1047
1165 2 2 6 101 873 52 1416
1166 2 2 6 101 732 1133 1285
1167 2 2 6 101 712 911 1384
1168 2 2 6 101 663 852 1135
1169 2 2 6 101 829 1145 1420
1170 2 2 6 101 661 869 1031
1171 2 2 6 101 910 713 1386
1172 2 2 6 101 542 852 1261
1173 2 2 6 101 951 812 1492
1174 2 2 6 101 1023 631 1298
1175 2 2 6 101 139 140 948
1176 2 2 6 101 134 135 947
1177 2 2 6 101 852 739 1514
1178 2 2 6 101 710 878 1291
1179 2 2 6 101 878 143 1291
1180 2 2 6 101 711 879 1290
1181 2 2 6 101 879 138 1290
1182 2 2 6 101 876 647 1017
1183 2 2 6 101 637 1065 1475
1184 2 2 6 101 106 874 1022
1185 2 2 6 101 52 873 1107
1186 2 2 6 101 880 984 1384
1187 2 2 6 101 643 855 1150
1188 2 2 6 101 885 551 1520
1189 2 2 6 101 542 865 1357
1190 2 2 6 101 970 664 1112
1191 2 2 6 101 735 1110 1270
1192 2 2 6 101 865 605 1522
1193 2 2 6 101 217 218 937
1194 2 2 6 101 1163 799 1222
1195 2 2 6 101 854 50 1426
1196 2 2 6 101 988 914 1294
1197 2 2 6 101 87 88 939
1198 2 2 6 101 869 1161 1468
1199 2 2 6 101 149 150 940
1200 2 2 6 101 945 1070 1407
1201 2 2 6 101 1103 559 1309
1202 2 2 6 101 765 1161 1445
1203 2 2 6 101 1130 807 1342
1204 2 2 6 101 555 866 1260
1205 2 2 6 101 19 20 1034
1206 2 2 6 101 874 617 1442
1207 2 2 6 101 29 876 1262
1208 2 2 6 101 876 704 1262
1209 2 2 6 101 1068 560 1293
1210 2 2 6 101 541 861 1232
1211 2 2 6 101 861 667 1232
1212 2 2 6 101 1161 533 1468
1213 2 2 6 101 856 97 1245
1214 2 2 6 101 101 857 1244
1215 2 2 6 101 1010 753 1263
1216 2 2 6 101 985 640 1428
1217 2 2 6 101 859 539 1327
1218 2 2 6 101 1144 629 1481
1219 2 2 6 101 79 80 984
1220 2 2 6 101 807 1163 1453
1221 2 2 6 101 550 1166 1201
1222 2 2 6 101 1166 838 1201
1223 2 2 6 101 896 547 1059
1224 2 2 6 101 1050 579 1333
1225 2 2 6 101 67 68 1008
1226 2 2 6 101 1167 535 1518
1227 2 2 6 101 622 978 1488
1228 2 2 6 101 991 788 1319
1229 2 2 6 101 993 787 1318
1230 2 2 6 101 789 992 1320
1231 2 2 6 101 790 994 1321
1232 2 2 6 101 1080 741 1264
1233 2 2 6 101 670 859 1371
1234 2 2 6 101 667 861 1372
1235 2 2 6 101 862 668 1374
1236 2 2 6 101 863 669 1373
1237 2 2 6 101 865 665 1375
1238 2 2 6 101 801 1030 1524
1239 2 2 6 101 927 166 1479
1240 2 2 6 101 158 928 1480
1241 2 2 6 101 868 1166 1313
1242 2 2 6 101 973 804 1484
1243 2 2 6 101 885 638 1024
1244 2 2 6 101 1065 843 1475
1245 2 2 6 101 656 896 1059
1246 2 2 6 101 815 1070 1521
1247 2 2 6 101 861 541 1285
1248 2 2 6 101 559 1017 1309
1249 2 2 6 101 215 216 1351
1250 2 2 6 101 549 1174 1524
1251 2 2 6 101 195 884 1235
1252 2 2 6 101 751 1005 1440
1253 2 2 6 101 752 1004 1439
1254 2 2 6 101 840 942 1085
1255 2 2 6 101 164 165 1156
1256 2 2 6 101 545 862 1256
1257 2 2 6 101 544 863 1257
1258 2 2 6 101 564 860 1246
1259 2 2 6 101 864 610 1247
1260 2 2 6 101 883 92 1033
1261 2 2 6 101 551 938 1337
1262 2 2 6 101 924 616 1026
1263 2 2 6 101 738 924 1026
1264 2 2 6 101 915 603 1530
1265 2 2 6 101 118 119 958
1266 2 2 6 101 225 226 959
1267 2 2 6 101 944 728 1140
1268 2 2 6 101 2 46 1306
1269 2 2 6 101 970 1112 1487
1270 2 2 6 101 595 877 1052
1271 2 2 6 101 1344 870 1534
1272 2 2 6 101 1243 681 1499
1273 2 2 6 101 655 878 1056
1274 2 2 6 101 654 879 1055
1275 2 2 6 101 178 179 954
1276 2 2 6 101 919 553 1269
1277 2 2 6 101 580 990 1292
1278 2 2 6 101 214 215 1039
1279 2 2 6 101 748 1184 1356
1280 2 2 6 101 169 170 976
1281 2 2 6 101 890 641 1394
1282 2 2 6 101 569 1118 1340
1283 2 2 6 101 566 1117 1339
1284 2 2 6 101 870 762 1534
1285 2 2 6 101 731 949 1277
1286 2 2 6 101 685 872 1355
1287 2 2 6 101 949 766 1277
1288 2 2 6 101 1030 867 1524
1289 2 2 6 101 848 924 1098
1290 2 2 6 101 572 1136 1347
1291 2 2 6 101 201 202 962
1292 2 2 6 101 653 1032 1104
1293 2 2 6 101 943 827 1122
1294 2 2 6 101 922 191 1152
1295 2 2 6 101 936 648 1007
1296 2 2 6 101 719 936 1007
1297 2 2 6 101 1145 598 1420
1298 2 2 6 101 875 798 1474
1299 2 2 6 101 560 1007 1293
1300 2 2 6 101 688 877 1308
1301 2 2 6 101 877 595 1308
1302 2 2 6 101 762 891 1534
1303 2 2 6 101 918 627 1446
1304 2 2 6 101 604 1344 1534
1305 2 2 6 101 718 868 1313
1306 2 2 6 101 45 2 1306
1307 2 2 6 101 847 1243 1499
1308 2 2 6 101 536 1163 1222
1309 2 2 6 101 180 181 1349
1310 2 2 6 101 166 167 1479
1311 2 2 6 101 157 158 1480
1312 2 2 6 101 691 1147 1477
1313 2 2 6 101 552 886 1044
1314 2 2 6 101 550 914 1313
1315 2 2 6 101 914 718 1313
1316 2 2 6 101 873 659 1107
1317 2 2 6 101 961 687 1263
1318 2 2 6 101 965 542 1261
1319 2 2 6 101 722 965 1261
1320 2 2 6 101 1155 795 1525
1321 2 2 6 101 638 885 1520
1322 2 2 6 101 780 1240 1365
1323 2 2 6 101 562 1046 1423
1324 2 2 6 101 922 649 1006
1325 2 2 6 101 190 922 1006
1326 2 2 6 101 554 899 1254
1327 2 2 6 101 920 207 1287
1328 2 2 6 101 891 604 1534
1329 2 2 6 101 1348 562 1423
1330 2 2 6 101 730 877 1431
1331 2 2 6 101 707 1111 1300
1332 2 2 6 101 882 613 1519
1333 2 2 6 101 895 646 1037
1334 2 2 6 101 153 154 1009
1335 2 2 6 101 683 922 1152
1336 2 2 6 101 187 895 1037
1337 2 2 6 101 760 1023 1298
1338 2 2 6 101 891 554 1254
1339 2 2 6 101 591 1024 1492
1340 2 2 6 101 806 897 1167
1341 2 2 6 101 1043 745 1256
1342 2 2 6 101 1042 746 1257
1343 2 2 6 101 890 844 1283
1344 2 2 6 101 744 972 1271
1345 2 2 6 101 36 934 1444
1346 2 2 6 101 900 72 1273
1347 2 2 6 101 901 84 1274
1348 2 2 6 101 902 211 1279
1349 2 2 6 101 1020 645 1187
1350 2 2 6 101 779 954 1489
1351 2 2 6 101 884 195 1366
1352 2 2 6 101 807 898 1163
1353 2 2 6 101 1221 749 1364
1354 2 2 6 101 535 875 1151
1355 2 2 6 101 593 988 1363
1356 2 2 6 101 988 811 1363
1357 2 2 6 101 1019 580 1292
1358 2 2 6 101 872 601 1355
1359 2 2 6 101 614 883 1422
1360 2 2 6 101 714 920 1287
1361 2 2 6 101 996 679 1076
1362 2 2 6 101 999 681 1075
1363 2 2 6 101 998 680 1074
1364 2 2 6 101 678 1000 1073
1365 2 2 6 101 677 1001 1072
1366 2 2 6 101 676 1002 1071
1367 2 2 6 101 1201 639 1364
1368 2 2 6 101 1193 638 1344
1369 2 2 6 101 1013 575 1180
1370 2 2 6 101 732 1013 1180
1371 2 2 6 101 27 892 1069
1372 2 2 6 101 917 103 1378
1373 2 2 6 101 95 916 1377
1374 2 2 6 101 666 997 1092
1375 2 2 6 101 642 904 1370
1376 2 2 6 101 891 762 1162
1377 2 2 6 101 145 146 1003
1378 2 2 6 101 887 1008 1379
1379 2 2 6 101 1076 679 1118
1380 2 2 6 101 1074 680 1117
1381 2 2 6 101 805 1006 1393
1382 2 2 6 101 38 881 1341
1383 2 2 6 101 1102 723 1330
1384 2 2 6 101 1053 741 1305
1385 2 2 6 101 553 919 1230
1386 2 2 6 101 919 690 1230
1387 2 2 6 101 626 1045 1458
1388 2 2 6 101 671 1103 1158
1389 2 2 6 101 740 952 1186
1390 2 2 6 101 952 568 1186
1391 2 2 6 101 843 1077 1475
1392 2 2 6 101 1341 881 1437
1393 2 2 6 101 1203 599 1485
1394 2 2 6 101 174 906 1328
1395 2 2 6 101 770 1341 1437
1396 2 2 6 101 58 59 975
1397 2 2 6 101 1338 725 1513
1398 2 2 6 101 22 23 973
1399 2 2 6 101 1055 566 1339
1400 2 2 6 101 1056 569 1340
1401 2 2 6 101 651 1027 1348
1402 2 2 6 101 1099 727 1333
1403 2 2 6 101 687 1176 1263
1404 2 2 6 101 1107 659 1426
1405 2 2 6 101 1068 666 1092
1406 2 2 6 101 569 907 1375
1407 2 2 6 101 566 908 1374
1408 2 2 6 101 567 910 1373
1409 2 2 6 101 911 565 1372
1410 2 2 6 101 912 563 1371
1411 2 2 6 101 601 872 1438
1412 2 2 6 101 646 895 1067
1413 2 2 6 101 1104 1032 1432
1414 2 2 6 101 894 731 1151
1415 2 2 6 101 35 36 1444
1416 2 2 6 101 936 204 1048
1417 2 2 6 101 20 21 1354
1418 2 2 6 101 1110 703 1270
1419 2 2 6 101 62 923 1267
1420 2 2 6 101 193 194 1038
1421 2 2 6 101 839 983 1456
1422 2 2 6 101 923 63 1312
1423 2 2 6 101 75 76 995
1424 2 2 6 101 110 925 1322
1425 2 2 6 101 926 127 1323
1426 2 2 6 101 652 977 1145
1427 2 2 6 101 551 885 1433
1428 2 2 6 101 845 930 1134
1429 2 2 6 101 886 761 1428
1430 2 2 6 101 652 950 1013
1431 2 2 6 101 950 575 1013
1432 2 2 6 101 604 891 1120
1433 2 2 6 101 1103 752 1158
1434 2 2 6 101 661 1113 1445
1435 2 2 6 101 716 1352 1488
1436 2 2 6 101 1032 653 1517
1437 2 2 6 101 983 782 1456
1438 2 2 6 101 725 1173 1513
1439 2 2 6 101 678 1325 1498
1440 2 2 6 101 1155 716 1488
1441 2 2 6 101 880 684 1297
1442 2 2 6 101 47 48 985
1443 2 2 6 101 726 1353 1516
1444 2 2 6 101 52 53 1416
1445 2 2 6 101 661 1031 1114
1446 2 2 6 101 653 1269 1517
1447 2 2 6 101 884 691 1235
1448 2 2 6 101 128 129 1021
1449 2 2 6 101 1135 584 1469
1450 2 2 6 101 1018 573 1305
1451 2 2 6 101 1163 536 1453
1452 2 2 6 101 83 901 1086
1453 2 2 6 101 71 900 1088
1454 2 2 6 101 210 902 1087
1455 2 2 6 101 903 131 1089
1456 2 2 6 101 162 163 989
1457 2 2 6 101 1061 726 1516
1458 2 2 6 101 1068 751 1157
1459 2 2 6 101 666 1068 1157
1460 2 2 6 101 905 60 1506
1461 2 2 6 101 1385 908 1405
1462 2 2 6 101 799 904 1222
1463 2 2 6 101 718 914 1535
1464 2 2 6 101 743 1019 1292
1465 2 2 6 101 1328 906 1458
1466 2 2 6 101 82 83 1086
1467 2 2 6 101 209 210 1087
1468 2 2 6 101 70 71 1088
1469 2 2 6 101 131 132 1089
1470 2 2 6 101 599 1203 1504
1471 2 2 6 101 940 150 1301
1472 2 2 6 101 149 940 1302
1473 2 2 6 101 105 106 1022
1474 2 2 6 101 602 960 1015
1475 2 2 6 101 87 939 1310
1476 2 2 6 101 939 88 1311
1477 2 2 6 101 1006 805 1533
1478 2 2 6 101 1064 537 1414
1479 2 2 6 101 755 1138 1359
1480 2 2 6 101 1014 629 1282
1481 2 2 6 101 1023 577 1252
1482 2 2 6 101 754 1023 1252
1483 2 2 6 101 641 890 1526
1484 2 2 6 101 972 589 1393
1485 2 2 6 101 955 663 1154
1486 2 2 6 101 25 953 1450
1487 2 2 6 101 1121 657 1414
1488 2 2 6 101 766 1014 1282
1489 2 2 6 101 889 605 1403
1490 2 2 6 101 710 889 1403
1491 2 2 6 101 1121 1414 1523
1492 2 2 6 101 1140 728 1537
1493 2 2 6 101 1278 1057 1410
1494 2 2 6 101 189 190 1006
1495 2 2 6 101 742 1229 1413
1496 2 2 6 101 648 936 1048
1497 2 2 6 101 1376 591 1492
1498 2 2 6 101 1325 846 1498
1499 2 2 6 101 204 205 1048
1500 2 2 6 101 630 986 1482
1501 2 2 6 101 931 543 1243
1502 2 2 6 101 1322 925 1449
1503 2 2 6 101 685 1057 1278
1504 2 2 6 101 703 1179 1270
1505 2 2 6 101 978 795 1488
1506 2 2 6 101 596 890 1394
1507 2 2 6 101 649 945 1271
1508 2 2 6 101 912 606 1379
1509 2 2 6 101 60 905 1228
1510 2 2 6 101 933 832 1091
1511 2 2 6 101 544 933 1091
1512 2 2 6 101 829 1063 1145
1513 2 2 6 101 129 130 1202
1514 2 2 6 101 705 1128 1141
1515 2 2 6 101 1128 758 1141
1516 2 2 6 101 759 1129 1142
1517 2 2 6 101 1129 706 1142
1518 2 2 6 101 558 943 1122
1519 2 2 6 101 51 52 1107
1520 2 2 6 101 934 36 1192
1521 2 2 6 101 911 607 1384
1522 2 2 6 101 572 949 1136
1523 2 2 6 101 949 674 1136
1524 2 2 6 101 161 162 1138
1525 2 2 6 101 24 25 1450
1526 2 2 6 101 1109 730 1114
1527 2 2 6 101 555 1109 1114
1528 2 2 6 101 962 202 1284
1529 2 2 6 101 778 1018 1305
1530 2 2 6 101 605 889 1491
1531 2 2 6 101 648 1005 1293
1532 2 2 6 101 1005 751 1293
1533 2 2 6 101 603 915 1538
1534 2 2 6 101 813 896 1504
1535 2 2 6 101 194 195 1235
1536 2 2 6 101 212 213 1191
1537 2 2 6 101 85 86 1028
1538 2 2 6 101 175 176 1264
1539 2 2 6 101 924 545 1098
1540 2 2 6 101 947 713 1289
1541 2 2 6 101 134 947 1289
1542 2 2 6 101 948 711 1290
1543 2 2 6 101 139 948 1290
1544 2 2 6 101 892 612 1427
1545 2 2 6 101 836 1193 1344
1546 2 2 6 101 609 910 1386
1547 2 2 6 101 608 908 1385
1548 2 2 6 101 914 657 1121
1549 2 2 6 101 893 615 1532
1550 2 2 6 101 612 892 1396
1551 2 2 6 101 892 704 1396
1552 2 2 6 101 958 119 1318
1553 2 2 6 101 118 958 1320
1554 2 2 6 101 225 959 1321
1555 2 2 6 101 959 226 1319
1556 2 2 6 101 819 977 1495
1557 2 2 6 101 977 541 1495
1558 2 2 6 101 632 1174 1184
1559 2 2 6 101 1174 802 1184
1560 2 2 6 101 1147 794 1477
1561 2 2 6 101 899 659 1254
1562 2 2 6 101 839 1421 1528
1563 2 2 6 101 894 630 1358
1564 2 2 6 101 111 112 1336
1565 2 2 6 101 125 126 1335
1566 2 2 6 101 952 833 1139
1567 2 2 6 101 706 893 1367
1568 2 2 6 101 1052 656 1350
1569 2 2 6 101 30 31 1029
1570 2 2 6 101 921 33 1368
1571 2 2 6 101 23 24 1221
1572 2 2 6 101 218 219 1304
1573 2 2 6 101 1308 881 1316
1574 2 2 6 101 688 1308 1316
1575 2 2 6 101 1177 592 1419
1576 2 2 6 101 656 1059 1350
1577 2 2 6 101 1075 681 1218
1578 2 2 6 101 678 1073 1215
1579 2 2 6 101 677 1072 1216
1580 2 2 6 101 676 1071 1217
1581 2 2 6 101 942 758 1128
1582 2 2 6 101 557 942 1128
1583 2 2 6 101 759 943 1129
1584 2 2 6 101 943 558 1129
1585 2 2 6 101 638 966 1024
1586 2 2 6 101 915 767 1538
1587 2 2 6 101 92 93 1033
1588 2 2 6 101 631 1023 1447
1589 2 2 6 101 726 1306 1408
1590 2 2 6 101 177 178 1295
1591 2 2 6 101 1006 649 1393
1592 2 2 6 101 1112 721 1175
1593 2 2 6 101 811 1201 1364
1594 2 2 6 101 907 865 1375
1595 2 2 6 101 908 862 1374
1596 2 2 6 101 910 863 1373
1597 2 2 6 101 861 911 1372
1598 2 2 6 101 859 912 1371
1599 2 2 6 101 834 1090 1397
1600 2 2 6 101 49 50 1170
1601 2 2 6 101 186 187 1037
1602 2 2 6 101 568 952 1139
1603 2 2 6 101 966 4 1502
1604 2 2 6 101 1019 633 1342
1605 2 2 6 101 942 557 1085
1606 2 2 6 101 647 1004 1309
1607 2 2 6 101 1004 752 1309
1608 2 2 6 101 902 1279 1409
1609 2 2 6 101 200 201 1429
1610 2 2 6 101 711 1385 1405
1611 2 2 6 101 5 56 1410
1612 2 2 6 101 130 903 1202
1613 2 2 6 101 966 638 1193
1614 2 2 6 101 47 985 1369
1615 2 2 6 101 791 1019 1342
1616 2 2 6 101 1402 662 1457
1617 2 2 6 101 738 1146 1149
1618 2 2 6 101 1049 690 1051
1619 2 2 6 101 660 1049 1051
1620 2 2 6 101 4 55 1057
1621 2 2 6 101 901 1274 1401
1622 2 2 6 101 900 1273 1400
1623 2 2 6 101 886 552 1299
1624 2 2 6 101 73 74 1331
1625 2 2 6 101 930 559 1134
1626 2 2 6 101 1022 874 1442
1627 2 2 6 101 905 692 1228
1628 2 2 6 101 735 1066 1422
1629 2 2 6 101 962 1284 1424
1630 2 2 6 101 972 649 1271
1631 2 2 6 101 74 75 1233
1632 2 2 6 101 715 921 1368
1633 2 2 6 101 916 703 1377
1634 2 2 6 101 707 917 1378
1635 2 2 6 101 645 938 1090
1636 2 2 6 101 1027 756 1234
1637 2 2 6 101 540 969 1325
1638 2 2 6 101 582 1219 1338
1639 2 2 6 101 1124 676 1217
1640 2 2 6 101 776 1124 1217
1641 2 2 6 101 1125 677 1216
1642 2 2 6 101 775 1125 1216
1643 2 2 6 101 1126 678 1215
1644 2 2 6 101 774 1126 1215
1645 2 2 6 101 681 1127 1218
1646 2 2 6 101 1127 777 1218
1647 2 2 6 101 1160 571 1525
1648 2 2 6 101 26 27 1069
1649 2 2 6 101 1057 685 1502
1650 2 2 6 101 1146 668 1149
1651 2 2 6 101 923 1312 1446
1652 2 2 6 101 831 964 1106
1653 2 2 6 101 965 830 1108
1654 2 2 6 101 176 177 1080
1655 2 2 6 101 22 973 1484
1656 2 2 6 101 734 1119 1300
1657 2 2 6 101 36 37 1192
1658 2 2 6 101 1014 572 1537
1659 2 2 6 101 1141 758 1479
1660 2 2 6 101 759 1142 1480
1661 2 2 6 101 166 927 1195
1662 2 2 6 101 928 158 1196
1663 2 2 6 101 199 200 1081
1664 2 2 6 101 1330 723 1331
1665 2 2 6 101 1172 737 1421
1666 2 2 6 101 575 1049 1399
1667 2 2 6 101 954 179 1489
1668 2 2 6 101 60 61 1506
1669 2 2 6 101 1136 720 1347
1670 2 2 6 101 782 1018 1411
1671 2 2 6 101 976 882 1519
1672 2 2 6 101 172 935 1224
1673 2 2 6 101 935 686 1224
1674 2 2 6 101 781 1241 1452
1675 2 2 6 101 662 1082 1457
1676 2 2 6 101 108 944 1188
1677 2 2 6 101 944 675 1188
1678 2 2 6 101 1115 582 1430
1679 2 2 6 101 544 1185 1454
1680 2 2 6 101 574 1112 1175
1681 2 2 6 101 747 1183 1435
1682 2 2 6 101 543 978 1127
1683 2 2 6 101 978 777 1127
1684 2 2 6 101 657 988 1276
1685 2 2 6 101 986 585 1380
1686 2 2 6 101 1119 734 1442
1687 2 2 6 101 690 919 1255
1688 2 2 6 101 903 622 1352
1689 2 2 6 101 622 903 1473
1690 2 2 6 101 653 1104 1105
1691 2 2 6 101 1104 783 1105
1692 2 2 6 101 1162 603 1538
1693 2 2 6 101 545 1256 1345
1694 2 2 6 101 932 65 1200
1695 2 2 6 101 195 196 1366
1696 2 2 6 101 658 941 1148
1697 2 2 6 101 717 1433 1539
1698 2 2 6 101 578 955 1154
1699 2 2 6 101 675 944 1140
1700 2 2 6 101 822 1203 1485
1701 2 2 6 101 906 175 1264
1702 2 2 6 101 858 1330 1331
1703 2 2 6 101 664 970 1483
1704 2 2 6 101 970 797 1483
1705 2 2 6 101 147 929 1231
1706 2 2 6 101 97 98 1245
1707 2 2 6 101 100 101 1244
1708 2 2 6 101 769 986 1380
1709 2 2 6 101 557 1002 1085
1710 2 2 6 101 1002 676 1085
1711 2 2 6 101 1430 582 1513
1712 2 2 6 101 904 586 1370
1713 2 2 6 101 905 725 1338
1714 2 2 6 101 136 137 1083
1715 2 2 6 101 141 142 1084
1716 2 2 6 101 1117 680 1185
1717 2 2 6 101 746 1117 1185
1718 2 2 6 101 1076 569 1375
1719 2 2 6 101 1074 566 1374
1720 2 2 6 101 1075 567 1373
1721 2 2 6 101 565 1073 1372
1722 2 2 6 101 563 1071 1371
1723 2 2 6 101 725 905 1506
1724 2 2 6 101 964 539 1106
1725 2 2 6 101 736 1079 1199
1726 2 2 6 101 1079 581 1199
1727 2 2 6 101 689 932 1200
1728 2 2 6 101 888 1162 1538
1729 2 2 6 101 542 965 1108
1730 2 2 6 101 995 660 1233
1731 2 2 6 101 1028 86 1310
1732 2 2 6 101 581 1079 1483
1733 2 2 6 101 593 1363 1413
1734 2 2 6 101 1010 764 1298
1735 2 2 6 101 631 1010 1298
1736 2 2 6 101 1433 885 1539
1737 2 2 6 101 1018 636 1411
1738 2 2 6 101 651 1035 1244
1739 2 2 6 101 1036 650 1245
1740 2 2 6 101 797 970 1326
1741 2 2 6 101 994 790 1237
1742 2 2 6 101 992 789 1236
1743 2 2 6 101 787 993 1238
1744 2 2 6 101 788 991 1239
1745 2 2 6 101 653 919 1269
1746 2 2 6 101 189 1006 1533
1747 2 2 6 101 217 937 1434
1748 2 2 6 101 939 1311 1448
1749 2 2 6 101 1310 939 1447
1750 2 2 6 101 671 1001 1103
1751 2 2 6 101 963 160 1417
1752 2 2 6 101 1197 814 1365
1753 2 2 6 101 982 696 1097
1754 2 2 6 101 709 982 1097
1755 2 2 6 101 980 695 1095
1756 2 2 6 101 714 980 1095
1757 2 2 6 101 712 979 1094
1758 2 2 6 101 979 694 1094
1759 2 2 6 101 981 713 1096
1760 2 2 6 101 697 981 1096
1761 2 2 6 101 929 698 1231
1762 2 2 6 101 914 550 1294
1763 2 2 6 101 754 1028 1310
1764 2 2 6 101 1137 674 1383
1765 2 2 6 101 786 1099 1523
1766 2 2 6 101 1190 770 1437
1767 2 2 6 101 808 966 1502
1768 2 2 6 101 1063 553 1230
1769 2 2 6 101 667 1000 1122
1770 2 2 6 101 847 931 1243
1771 2 2 6 101 1120 891 1254
1772 2 2 6 101 940 1301 1435
1773 2 2 6 101 1302 940 1436
1774 2 2 6 101 1038 194 1235
1775 2 2 6 101 103 104 1378
1776 2 2 6 101 94 95 1377
1777 2 2 6 101 646 1025 1324
1778 2 2 6 101 975 59 1228
1779 2 2 6 101 909 546 1439
1780 2 2 6 101 913 546 1440
1781 2 2 6 101 1132 707 1300
1782 2 2 6 101 1140 572 1347
1783 2 2 6 101 3 47 1369
1784 2 2 6 101 1045 574 1268
1785 2 2 6 101 733 1045 1268
1786 2 2 6 101 1123 740 1186
1787 2 2 6 101 715 1123 1186
1788 2 2 6 101 562 998 1146
1789 2 2 6 101 605 907 1403
1790 2 2 6 101 907 569 1404
1791 2 2 6 101 908 566 1405
1792 2 2 6 101 909 864 1392
1793 2 2 6 101 913 860 1391
1794 2 2 6 101 1028 724 1274
1795 2 2 6 101 85 1028 1274
1796 2 2 6 101 168 169 1415
1797 2 2 6 101 995 76 1509
1798 2 2 6 101 852 955 1261
1799 2 2 6 101 955 722 1261
1800 2 2 6 101 1066 735 1270
1801 2 2 6 101 986 769 1482
1802 2 2 6 101 1145 977 1476
1803 2 2 6 101 662 1030 1198
1804 2 2 6 101 59 60 1228
1805 2 2 6 101 184 915 1303
1806 2 2 6 101 1267 923 1412
1807 2 2 6 101 160 161 1417
1808 2 2 6 101 93 94 1494
1809 2 2 6 101 104 105 1493
1810 2 2 6 101 1383 674 1525
1811 2 2 6 101 584 1226 1356
1812 2 2 6 101 577 1047 1402
1813 2 2 6 101 692 975 1228
1814 2 2 6 101 729 1021 1220
1815 2 2 6 101 1090 590 1397
1816 2 2 6 101 1002 670 1071
1817 2 2 6 101 665 996 1076
1818 2 2 6 101 1000 667 1073
1819 2 2 6 101 1001 671 1072
1820 2 2 6 101 668 998 1074
1821 2 2 6 101 669 999 1075
1822 2 2 6 101 1021 716 1220
1823 2 2 6 101 186 1037 1362
1824 2 2 6 101 1112 574 1487
1825 2 2 6 101 1400 619 1470
1826 2 2 6 101 1401 620 1471
1827 2 2 6 101 1064 657 1276
1828 2 2 6 101 844 971 1461
1829 2 2 6 101 569 1076 1118
1830 2 2 6 101 566 1074 1117
1831 2 2 6 101 986 875 1474
1832 2 2 6 101 900 1400 1470
1833 2 2 6 101 901 1401 1471
1834 2 2 6 101 1080 778 1305
1835 2 2 6 101 55 5 1410
1836 2 2 6 101 920 714 1395
1837 2 2 6 101 914 1121 1535
1838 2 2 6 101 808 951 1492
1839 2 2 6 101 997 682 1092
1840 2 2 6 101 1153 663 1469
1841 2 2 6 101 741 1080 1305
1842 2 2 6 101 1409 621 1472
1843 2 2 6 101 1133 732 1180
1844 2 2 6 101 684 1133 1180
1845 2 2 6 101 1119 847 1499
1846 2 2 6 101 561 1119 1499
1847 2 2 6 101 935 733 1268
1848 2 2 6 101 938 551 1433
1849 2 2 6 101 925 111 1336
1850 2 2 6 101 126 926 1335
1851 2 2 6 101 181 182 1187
1852 2 2 6 101 946 152 1259
1853 2 2 6 101 708 946 1259
1854 2 2 6 101 926 630 1482
1855 2 2 6 101 902 1409 1472
1856 2 2 6 101 663 1153 1154
1857 2 2 6 101 1153 764 1154
1858 2 2 6 101 730 1113 1114
1859 2 2 6 101 1113 661 1114
1860 2 2 6 101 750 932 1332
1861 2 2 6 101 803 995 1509
1862 2 2 6 101 690 950 1230
1863 2 2 6 101 687 961 1225
1864 2 2 6 101 961 90 1225
1865 2 2 6 101 597 1197 1365
1866 2 2 6 101 1001 559 1103
1867 2 2 6 101 191 192 1152
1868 2 2 6 101 929 748 1356
1869 2 2 6 101 930 612 1396
1870 2 2 6 101 704 930 1396
1871 2 2 6 101 740 1123 1444
1872 2 2 6 101 1040 585 1474
1873 2 2 6 101 758 927 1479
1874 2 2 6 101 928 759 1480
1875 2 2 6 101 1066 556 1496
1876 2 2 6 101 830 1066 1496
1877 2 2 6 101 733 1328 1458
1878 2 2 6 101 627 1412 1446
1879 2 2 6 101 930 704 1398
1880 2 2 6 101 559 930 1398
1881 2 2 6 101 1412 923 1446
1882 2 2 6 101 975 692 1438
1883 2 2 6 101 927 623 1451
1884 2 2 6 101 624 928 1452
1885 2 2 6 101 165 166 1195
1886 2 2 6 101 158 159 1196
1887 2 2 6 101 1082 662 1198
1888 2 2 6 101 1046 562 1146
1889 2 2 6 101 757 1198 1258
1890 2 2 6 101 1021 729 1323
1891 2 2 6 101 1234 756 1454
1892 2 2 6 101 1166 550 1313
1893 2 2 6 101 98 1036 1245
1894 2 2 6 101 1035 100 1244
1895 2 2 6 101 197 198 1164
1896 2 2 6 101 1011 538 1124
1897 2 2 6 101 776 1011 1124
1898 2 2 6 101 1012 540 1126
1899 2 2 6 101 774 1012 1126
1900 2 2 6 101 883 1033 1422
1901 2 2 6 101 128 1021 1323
1902 2 2 6 101 945 552 1271
1903 2 2 6 101 573 983 1281
1904 2 2 6 101 1434 937 1510
1905 2 2 6 101 1001 677 1134
1906 2 2 6 101 559 1001 1134
1907 2 2 6 101 1126 540 1325
1908 2 2 6 101 1000 558 1122
1909 2 2 6 101 717 938 1433
1910 2 2 6 101 1003 146 1231
1911 2 2 6 101 698 1003 1231
1912 2 2 6 101 1078 721 1112
1913 2 2 6 101 937 218 1304
1914 2 2 6 101 560 1068 1092
1915 2 2 6 101 1016 537 1125
1916 2 2 6 101 775 1016 1125
1917 2 2 6 101 160 963 1406
1918 2 2 6 101 724 1028 1252
1919 2 2 6 101 1028 754 1252
1920 2 2 6 101 161 1138 1417
1921 2 2 6 101 628 934 1478
1922 2 2 6 101 1065 637 1424
1923 2 2 6 101 65 66 1200
1924 2 2 6 101 997 568 1139
1925 2 2 6 101 682 997 1139
1926 2 2 6 101 1174 801 1524
1927 2 2 6 101 50 51 1426
1928 2 2 6 101 804 1177 1419
1929 2 2 6 101 996 665 1496
1930 2 2 6 101 999 669 1500
1931 2 2 6 101 670 1002 1501
1932 2 2 6 101 162 989 1138
1933 2 2 6 101 107 108 1188
1934 2 2 6 101 953 25 1334
1935 2 2 6 101 146 147 1231
1936 2 2 6 101 42 43 1189
1937 2 2 6 101 727 1191 1333
1938 2 2 6 101 1191 821 1333
1939 2 2 6 101 1203 813 1504
1940 2 2 6 101 934 740 1444
1941 2 2 6 101 938 717 1490
1942 2 2 6 101 712 984 1286
1943 2 2 6 101 984 80 1286
1944 2 2 6 101 937 633 1510
1945 2 2 6 101 33 34 1368
1946 2 2 6 101 1199 581 1332
1947 2 2 6 101 1260 866 1531
1948 2 2 6 101 906 1425 1458
1949 2 2 6 101 543 1127 1243
1950 2 2 6 101 958 1318 1508
1951 2 2 6 101 959 1319 1507
1952 2 2 6 101 728 1322 1449
1953 2 2 6 101 1421 737 1528
1954 2 2 6 101 998 668 1146
1955 2 2 6 101 153 1009 1259
1956 2 2 6 101 1009 708 1259
1957 2 2 6 101 753 961 1263
1958 2 2 6 101 1013 732 1265
1959 2 2 6 101 1425 626 1458
1960 2 2 6 101 971 625 1461
1961 2 2 6 101 746 1042 1339
1962 2 2 6 101 1042 654 1339
1963 2 2 6 101 745 1043 1340
1964 2 2 6 101 1043 655 1340
1965 2 2 6 101 1201 811 1294
1966 2 2 6 101 550 1201 1294
1967 2 2 6 101 1093 837 1419
1968 2 2 6 101 1198 583 1258
1969 2 2 6 101 159 160 1406
1970 2 2 6 101 768 1144 1481
1971 2 2 6 101 1023 754 1447
1972 2 2 6 101 699 1058 1329
1973 2 2 6 101 213 214 1296
1974 2 2 6 101 171 172 1224
1975 2 2 6 101 743 1292 1351
1976 2 2 6 101 90 91 1225
1977 2 2 6 101 1292 849 1351
1978 2 2 6 101 1115 839 1528
1979 2 2 6 101 18 19 1253
1980 2 2 6 101 1078 664 1275
1981 2 2 6 101 747 946 1343
1982 2 2 6 101 183 184 1303
1983 2 2 6 101 664 1079 1275
1984 2 2 6 101 1003 698 1491
1985 2 2 6 101 720 1136 1137
1986 2 2 6 101 1136 674 1137
1987 2 2 6 101 178 954 1295
1988 2 2 6 101 1100 785 1213
1989 2 2 6 101 688 1100 1213
1990 2 2 6 101 701 956 1315
1991 2 2 6 101 957 700 1314
1992 2 2 6 101 939 631 1447
1993 2 2 6 101 631 939 1448
1994 2 2 6 101 632 940 1435
1995 2 2 6 101 940 632 1436
1996 2 2 6 101 660 995 1399
1997 2 2 6 101 995 803 1399
1998 2 2 6 101 738 1046 1146
1999 2 2 6 101 1098 545 1345
2000 2 2 6 101 1081 828 1512
2001 2 2 6 101 199 1081 1512
2002 2 2 6 101 1258 583 1343
2003 2 2 6 101 222 223 1388
2004 2 2 6 101 115 116 1387
2005 2 2 6 101 121 122 1389
2006 2 2 6 101 228 229 1390
2007 2 2 6 101 1105 576 1255
2008 2 2 6 101 938 645 1337
2009 2 2 6 101 552 945 1407
2010 2 2 6 101 973 23 1221
2011 2 2 6 101 540 1012 1457
2012 2 2 6 101 1012 784 1457
2013 2 2 6 101 800 1025 1467
2014 2 2 6 101 798 1040 1474
2015 2 2 6 101 123 124 1314
2016 2 2 6 101 113 114 1315
2017 2 2 6 101 742 953 1334
2018 2 2 6 101 713 947 1386
2019 2 2 6 101 711 948 1385
2020 2 2 6 101 954 636 1529
2021 2 2 6 101 978 543 1383
2022 2 2 6 101 795 978 1383
2023 2 2 6 101 998 562 1234
2024 2 2 6 101 1100 688 1316
2025 2 2 6 101 152 153 1259
2026 2 2 6 101 182 1020 1187
2027 2 2 6 101 1221 24 1450
2028 2 2 6 101 1420 598 1486
2029 2 2 6 101 28 29 1262
2030 2 2 6 101 1236 587 1381
2031 2 2 6 101 585 1238 1380
2032 2 2 6 101 1218 777 1251
2033 2 2 6 101 776 1217 1250
2034 2 2 6 101 774 1215 1248
2035 2 2 6 101 775 1216 1249
2036 2 2 6 101 25 26 1334
2037 2 2 6 101 197 1164 1441
2038 2 2 6 101 956 113 1315
2039 2 2 6 101 124 957 1314
2040 2 2 6 101 1164 198 1512
2041 2 2 6 101 61 62 1267
2042 2 2 6 101 987 42 1189
2043 2 2 6 101 220 221 1346
2044 2 2 6 101 664 1078 1112
2045 2 2 6 101 104 1111 1378
2046 2 2 6 101 1110 94 1377
2047 2 2 6 101 1217 563 1250
2048 2 2 6 101 1215 565 1248
2049 2 2 6 101 567 1218 1251
2050 2 2 6 101 1216 564 1249
2051 2 2 6 101 72 73 1273
2052 2 2 6 101 84 85 1274
2053 2 2 6 101 56 57 1278
2054 2 2 6 101 969 846 1325
2055 2 2 6 101 44 45 1505
2056 2 2 6 101 691 1038 1235
2057 2 2 6 101 574 1175 1268
2058 2 2 6 101 211 212 1279
2059 2 2 6 101 709 1008 1288
2060 2 2 6 101 1008 68 1288
2061 2 2 6 101 94 1110 1494
2062 2 2 6 101 1111 104 1493
2063 2 2 6 101 673 974 1260
2064 2 2 6 101 202 203 1284
2065 2 2 6 101 216 217 1434
2066 2 2 6 101 953 742 1413
2067 2 2 6 101 816 1059 1511
2068 2 2 6 101 1059 547 1511
2069 2 2 6 101 1449 925 1481
2070 2 2 6 101 751 1068 1293
2071 2 2 6 101 629 1449 1481
2072 2 2 6 101 768 956 1381
2073 2 2 6 101 957 769 1380
2074 2 2 6 101 80 81 1286
2075 2 2 6 101 207 208 1287
2076 2 2 6 101 68 69 1288
2077 2 2 6 101 133 134 1289
2078 2 2 6 101 138 139 1290
2079 2 2 6 101 143 144 1291
2080 2 2 6 101 1169 686 1175
2081 2 2 6 101 721 1169 1175
2082 2 2 6 101 872 975 1438
2083 2 2 6 101 687 1171 1176
2084 2 2 6 101 1171 722 1176
2085 2 2 6 101 702 968 1346
2086 2 2 6 101 824 1038 1204
2087 2 2 6 101 1038 691 1204
2088 2 2 6 101 953 749 1450
2089 2 2 6 101 1045 733 1458
2090 2 2 6 101 562 1027 1234
2091 2 2 6 101 601 951 1355
2092 2 2 6 101 1063 652 1145
2093 2 2 6 101 1141 168 1415
2094 2 2 6 101 592 1093 1419
2095 2 2 6 101 982 709 1288
2096 2 2 6 101 713 981 1289
2097 2 2 6 101 69 982 1288
2098 2 2 6 101 980 714 1287
2099 2 2 6 101 981 133 1289
2100 2 2 6 101 979 712 1286
2101 2 2 6 101 81 979 1286
2102 2 2 6 101 208 980 1287
2103 2 2 6 101 541 977 1265
2104 2 2 6 101 1361 635 1462
2105 2 2 6 101 150 151 1301
2106 2 2 6 101 148 149 1302
2107 2 2 6 101 1360 634 1463
2108 2 2 6 101 1181 736 1199
2109 2 2 6 101 689 1181 1199
2110 2 2 6 101 1284 719 1424
2111 2 2 6 101 650 1036 1423
2112 2 2 6 101 1036 763 1423
2113 2 2 6 101 679 996 1497
2114 2 2 6 101 1000 678 1498
2115 2 2 6 101 681 999 1499
2116 2 2 6 101 1161 765 1283
2117 2 2 6 101 635 1041 1462
2118 2 2 6 101 1142 706 1367
2119 2 2 6 101 634 1040 1463
2120 2 2 6 101 75 995 1233
2121 2 2 6 101 3 1242 1408
2122 2 2 6 101 637 962 1424
2123 2 2 6 101 86 87 1310
2124 2 2 6 101 88 89 1311
2125 2 2 6 101 680 998 1234
2126 2 2 6 101 63 64 1312
2127 2 2 6 101 201 962 1429
2128 2 2 6 101 1204 691 1477
2129 2 2 6 101 533 1161 1283
2130 2 2 6 101 1118 745 1340
2131 2 2 6 101 1117 746 1339
2132 2 2 6 101 1030 583 1198
2133 2 2 6 101 109 110 1322
2134 2 2 6 101 127 128 1323
2135 2 2 6 101 963 781 1406
2136 2 2 6 101 173 174 1328
2137 2 2 6 101 898 1361 1462
2138 2 2 6 101 744 960 1515
2139 2 2 6 101 897 1360 1463
2140 2 2 6 101 119 120 1318
2141 2 2 6 101 226 227 1319
2142 2 2 6 101 224 225 1321
2143 2 2 6 101 117 118 1320
2144 2 2 6 101 755 963 1417
2145 2 2 6 101 26 1069 1334
2146 2 2 6 101 1069 742 1334
2147 2 2 6 101 1256 745 1345
2148 2 2 6 101 37 38 1341
2149 2 2 6 101 1239 699 1329
2150 2 2 6 101 1182 692 1219
2151 2 2 6 101 705 976 1519
2152 2 2 6 101 701 992 1236
2153 2 2 6 101 702 994 1237
2154 2 2 6 101 993 700 1238
2155 2 2 6 101 991 699 1239
2156 2 2 6 101 737 1182 1219
2157 2 2 6 101 708 1009 1532
2158 2 2 6 101 1041 799 1462
2159 2 2 6 101 970 772 1326
2160 2 2 6 101 781 963 1486
2161 2 2 6 101 1040 798 1463
2162 2 2 6 101 1010 631 1448
2163 2 2 6 101 753 1010 1448
2164 2 2 6 101 1197 597 1517
2165 2 2 6 101 855 1197 1517
2166 2 2 6 101 539 1078 1275
2167 2 2 6 101 968 220 1346
2168 2 2 6 101 1279 727 1409
2169 2 2 6 101 983 672 1281
2170 2 2 6 101 185 186 1362
2171 2 2 6 101 743 1434 1510
2172 2 2 6 101 988 593 1276
2173 2 2 6 101 1274 724 1401
2174 2 2 6 101 1273 723 1400
2175 2 2 6 101 1266 772 1460
2176 2 2 6 101 692 1182 1438
2177 2 2 6 101 589 972 1515
2178 2 2 6 101 792 968 1382
2179 2 2 6 101 972 744 1515
2180 2 2 6 101 1135 852 1514
2181 2 2 6 101 1009 893 1532
2182 2 2 6 101 673 1260 1531
2183 2 2 6 101 1185 544 1257
2184 2 2 6 101 746 1185 1257
2185 2 2 6 101 1237 588 1382
2186 2 2 6 101 179 180 1489
2187 2 2 6 101 811 988 1294
2188 2 2 6 101 752 1103 1309
2189 2 2 6 101 76 77 1509
2190 2 2 6 101 809 1064 1276
2191 2 2 6 101 1044 886 1428
2192 2 2 6 101 16 17 1443
2193 2 2 6 101 1051 690 1255
2194 2 2 6 101 977 819 1476
2195 2 2 6 101 634 958 1508
2196 2 2 6 101 635 959 1507
2197 2 2 6 101 196 197 1441
2198 2 2 6 101 569 1056 1404
2199 2 2 6 101 566 1055 1405
2200 2 2 6 101 1153 549 1317
2201 2 2 6 101 764 1153 1317
2202 2 2 6 101 1176 578 1263
2203 2 2 6 101 588 1130 1382
2204 2 2 6 101 21 22 1484
2205 2 2 6 101 19 1034 1253
2206 2 2 6 101 1324 888 1538
2207 2 2 6 101 787 1040 1508
2208 2 2 6 101 788 1041 1507
2209 2 2 6 101 1073 565 1215
2210 2 2 6 101 567 1075 1218
2211 2 2 6 101 1072 564 1216
2212 2 2 6 101 1071 563 1217
2213 2 2 6 101 1007 648 1293
2214 2 2 6 101 767 1324 1538
2215 2 2 6 101 1223 717 1280
2216 2 2 6 101 198 199 1512
2217 2 2 6 101 188 189 1533
2218 2 2 6 101 976 705 1415
2219 2 2 6 101 649 972 1393
2220 2 2 6 101 815 1143 1299
2221 2 2 6 101 1172 601 1182
2222 2 2 6 101 105 1022 1493
2223 2 2 6 101 1130 792 1382
2224 2 2 6 101 757 1082 1198
2225 2 2 6 101 698 1227 1491
2226 2 2 6 101 1312 750 1446
2227 2 2 6 101 889 1003 1491
2228 2 2 6 101 625 1143 1461
2229 2 2 6 101 714 1246 1395
2230 2 2 6 101 1194 794 1272
2231 2 2 6 101 1094 694 1248
2232 2 2 6 101 1095 695 1249
2233 2 2 6 101 1097 696 1250
2234 2 2 6 101 697 1096 1251
2235 2 2 6 101 890 1283 1526
2236 2 2 6 101 1040 634 1508
2237 2 2 6 101 1041 635 1507
2238 2 2 6 101 1155 571 1220
2239 2 2 6 101 716 1155 1220
2240 2 2 6 101 640 1044 1428
2241 2 2 6 101 772 970 1487
2242 2 2 6 101 1053 771 1460
2243 2 2 6 101 626 1053 1460
2244 2 2 6 101 576 1051 1255
2245 2 2 6 101 636 1018 1529
2246 2 2 6 101 828 1081 1485
2247 2 2 6 101 737 1172 1182
2248 2 2 6 101 169 976 1415
2249 2 2 6 101 1070 815 1407
2250 2 2 6 101 34 1123 1368
2251 2 2 6 101 698 1226 1227
2252 2 2 6 101 1226 739 1227
2253 2 2 6 101 1095 564 1246
2254 2 2 6 101 714 1095 1246
2255 2 2 6 101 1283 765 1526
2256 2 2 6 101 1018 778 1529
2257 2 2 6 101 1118 679 1345
2258 2 2 6 101 745 1118 1345
2259 2 2 6 101 1127 681 1243
2260 2 2 6 101 116 992 1387
2261 2 2 6 101 223 994 1388
2262 2 2 6 101 993 121 1389
2263 2 2 6 101 991 228 1390
2264 2 2 6 101 1138 755 1417
2265 2 2 6 101 1017 647 1309
2266 2 2 6 101 1151 731 1277
2267 2 2 6 101 535 1151 1277
2268 2 2 6 101 659 1120 1254
2269 2 2 6 101 984 712 1384
2270 2 2 6 101 1232 827 1495
2271 2 2 6 101 773 1223 1280
2272 2 2 6 101 574 1045 1487
2273 2 2 6 101 1045 772 1487
2274 2 2 6 101 629 1014 1449
2275 2 2 6 101 885 1024 1539
2276 2 2 6 101 1014 728 1449
2277 2 2 6 101 539 1275 1327
2278 2 2 6 101 1069 892 1427
2279 2 2 6 101 694 1086 1471
2280 2 2 6 101 695 1087 1472
2281 2 2 6 101 696 1088 1470
2282 2 2 6 101 1089 697 1473
2283 2 2 6 101 1058 699 1443
2284 2 2 6 101 594 1194 1521
2285 2 2 6 101 565 1094 1248
2286 2 2 6 101 564 1095 1249
2287 2 2 6 101 563 1097 1250
2288 2 2 6 101 1096 567 1251
2289 2 2 6 101 214 1039 1296
2290 2 2 6 101 556 1066 1270
2291 2 2 6 101 1024 591 1539
2292 2 2 6 101 541 1232 1495
2293 2 2 6 101 1214 757 1258
2294 2 2 6 101 1053 626 1425
2295 2 2 6 101 741 1053 1425
2296 2 2 6 101 585 986 1474
2297 2 2 6 101 595 1052 1350
2298 2 2 6 101 699 991 1390
2299 2 2 6 101 700 993 1389
2300 2 2 6 101 992 701 1387
2301 2 2 6 101 994 702 1388
2302 2 2 6 101 1282 806 1518
2303 2 2 6 101 1008 709 1379
2304 2 2 6 101 587 1144 1381
2305 2 2 6 101 1079 736 1275
2306 2 2 6 101 1242 826 1408
2307 2 2 6 101 1192 37 1341
2308 2 2 6 101 770 1192 1341
2309 2 2 6 101 1027 562 1348
2310 2 2 6 101 1311 753 1448
2311 2 2 6 101 754 1310 1447
2312 2 2 6 101 1144 768 1381
2313 2 2 6 101 1022 734 1493
2314 2 2 6 101 1032 818 1432
2315 2 2 6 101 694 1206 1248
2316 2 2 6 101 695 1207 1249
2317 2 2 6 101 696 1205 1250
2318 2 2 6 101 1208 697 1251
2319 2 2 6 101 1301 747 1435
2320 2 2 6 101 748 1302 1436
2321 2 2 6 101 1272 794 1468
2322 2 2 6 101 633 1019 1510
2323 2 2 6 101 1017 559 1398
2324 2 2 6 101 643 1150 1359
2325 2 2 6 101 1150 829 1359
2326 2 2 6 101 1019 743 1510
2327 2 2 6 101 556 996 1496
2328 2 2 6 101 996 556 1497
2329 2 2 6 101 558 1000 1498
2330 2 2 6 101 999 561 1499
2331 2 2 6 101 561 999 1500
2332 2 2 6 101 1002 557 1501
2333 2 2 6 101 1214 708 1532
2334 2 2 6 101 719 1065 1424
2335 2 2 6 101 725 1267 1412
2336 2 2 6 101 654 1055 1339
2337 2 2 6 101 655 1056 1340
2338 2 2 6 101 628 1190 1466
2339 2 2 6 101 1190 816 1466
2340 2 2 6 101 1211 115 1387
2341 2 2 6 101 1212 222 1388
2342 2 2 6 101 122 1210 1389
2343 2 2 6 101 229 1209 1390
2344 2 2 6 101 1090 938 1490
2345 2 2 6 101 1058 817 1329
2346 2 2 6 101 1061 44 1505
2347 2 2 6 101 693 1143 1521
2348 2 2 6 101 1344 638 1520
2349 2 2 6 101 1206 774 1248
2350 2 2 6 101 777 1208 1251
2351 2 2 6 101 1205 776 1250
2352 2 2 6 101 1207 775 1249
2353 2 2 6 101 1191 727 1279
2354 2 2 6 101 212 1191 1279
2355 2 2 6 101 1060 765 1445
2356 2 2 6 101 1143 815 1521
2357 2 2 6 101 1059 816 1350
2358 2 2 6 101 1131 705 1519
2359 2 2 6 101 784 1402 1457
2360 2 2 6 101 734 1022 1442
2361 2 2 6 101 570 1060 1445
2362 2 2 6 101 1206 694 1471
2363 2 2 6 101 1207 695 1472
2364 2 2 6 101 1205 696 1470
2365 2 2 6 101 697 1208 1473
2366 2 2 6 101 814 1156 1365
2367 2 2 6 101 1116 675 1347
2368 2 2 6 101 720 1116 1347
2369 2 2 6 101 582 1338 1513
2370 2 2 6 101 1119 561 1300
2371 2 2 6 101 1033 93 1494
2372 2 2 6 101 735 1033 1494
2373 2 2 6 101 1033 735 1422
2374 2 2 6 101 708 1214 1258
2375 2 2 6 101 813 1203 1475
2376 2 2 6 101 1203 637 1475
2377 2 2 6 101 1210 123 1314
2378 2 2 6 101 114 1211 1315
2379 2 2 6 101 870 1344 1520
2380 2 2 6 101 1183 747 1343
2381 2 2 6 101 583 1183 1343
2382 2 2 6 101 1057 55 1410
2383 2 2 6 101 684 1159 1297
2384 2 2 6 101 1349 834 1397
2385 2 2 6 101 1049 660 1399
2386 2 2 6 101 1403 907 1404
2387 2 2 6 101 710 1403 1404
2388 2 2 6 101 728 1014 1537
2389 2 2 6 101 1047 662 1402
2390 2 2 6 101 693 1194 1272
2391 2 2 6 101 679 1098 1345
2392 2 2 6 101 590 1168 1397
2393 2 2 6 101 1060 641 1526
2394 2 2 6 101 779 1349 1397
2395 2 2 6 101 1046 650 1423
2396 2 2 6 101 666 1157 1392
2397 2 2 6 101 671 1158 1391
2398 2 2 6 101 678 1126 1325
2399 2 2 6 101 1353 726 1408
2400 2 2 6 101 765 1060 1526
2401 2 2 6 101 699 1209 1443
2402 2 2 6 101 1266 548 1326
2403 2 2 6 101 772 1266 1326
2404 2 2 6 101 56 1278 1410
2405 2 2 6 101 1168 779 1397
2406 2 2 6 101 680 1234 1454
2407 2 2 6 101 1241 598 1476
2408 2 2 6 101 819 1241 1476
2409 2 2 6 101 221 1212 1346
2410 2 2 6 101 826 1353 1408
2411 2 2 6 101 1099 621 1409
2412 2 2 6 101 727 1099 1409
2413 2 2 6 101 1101 620 1401
2414 2 2 6 101 724 1101 1401
2415 2 2 6 101 1102 619 1400
2416 2 2 6 101 723 1102 1400
2417 2 2 6 101 1071 670 1371
2418 2 2 6 101 1073 667 1372
2419 2 2 6 101 668 1074 1374
2420 2 2 6 101 669 1075 1373
2421 2 2 6 101 665 1076 1375
2422 2 2 6 101 579 1050 1535
2423 2 2 6 101 837 1354 1419
2424 2 2 6 101 597 1032 1517
2425 2 2 6 101 1275 736 1327
2426 2 2 6 101 1354 804 1419
2427 2 2 6 101 1280 717 1539
2428 2 2 6 101 1163 898 1462
2429 2 2 6 101 742 1069 1427
2430 2 2 6 101 1167 897 1463
2431 2 2 6 101 657 1064 1414
2432 2 2 6 101 1229 612 1455
2433 2 2 6 101 809 1229 1455
2434 2 2 6 101 799 1163 1462
2435 2 2 6 101 798 1167 1463
2436 2 2 6 101 1318 787 1508
2437 2 2 6 101 1319 788 1507
2438 2 2 6 101 723 1273 1331
2439 2 2 6 101 17 1058 1443
2440 2 2 6 101 4 1057 1502
2441 2 2 6 101 675 1140 1347
2442 2 2 6 101 590 1090 1490
2443 2 2 6 101 749 1221 1450
2444 2 2 6 101 1196 159 1406
2445 2 2 6 101 781 1196 1406
2446 2 2 6 101 815 1299 1407
2447 2 2 6 101 703 1110 1377
2448 2 2 6 101 1111 707 1378
2449 2 2 6 101 586 1329 1370
2450 2 2 6 101 1299 552 1407
2451 2 2 6 101 1123 715 1368
2452 2 2 6 101 1329 817 1370
2453 2 2 6 101 726 1061 1505
2454 2 2 6 101 541 1265 1285
2455 2 2 6 101 763 1348 1423
2456 2 2 6 101 1265 732 1285
2457 2 2 6 101 1212 702 1346
2458 2 2 6 101 1050 718 1535
2459 2 2 6 101 570 1113 1431
2460 2 2 6 101 1113 730 1431
2461 2 2 6 101 700 1210 1314
2462 2 2 6 101 1211 701 1315
2463 2 2 6 101 1067 589 1467
2464 2 2 6 101 755 1359 1420
2465 2 2 6 101 1359 829 1420
2466 2 2 6 101 543 1137 1383
2467 2 2 6 101 1342 807 1453
2468 2 2 6 101 705 1141 1415
2469 2 2 6 101 1082 540 1457
2470 2 2 6 101 672 1115 1430
2471 2 2 6 101 1156 780 1365
2472 2 2 6 101 1414 786 1523
2473 2 2 6 101 538 1104 1432
2474 2 2 6 101 825 1061 1516
2475 2 2 6 101 582 1115 1528
2476 2 2 6 101 1086 901 1471
2477 2 2 6 101 1087 902 1472
2478 2 2 6 101 1088 900 1470
2479 2 2 6 101 903 1089 1473
2480 2 2 6 101 934 1192 1478
2481 2 2 6 101 51 1107 1426
2482 2 2 6 101 1240 623 1527
2483 2 2 6 101 818 1240 1527
2484 2 2 6 101 1079 664 1483
2485 2 2 6 101 1081 822 1485
2486 2 2 6 101 760 1298 1317
2487 2 2 6 101 1298 764 1317
2488 2 2 6 101 716 1202 1352
2489 2 2 6 101 1202 903 1352
2490 2 2 6 101 586 1239 1329
2491 2 2 6 101 584 1135 1514
2492 2 2 6 101 1351 216 1434
2493 2 2 6 101 1121 579 1535
2494 2 2 6 101 1162 762 1503
2495 2 2 6 101 1113 570 1445
2496 2 2 6 101 533 1272 1468
2497 2 2 6 101 627 1173 1412
2498 2 2 6 101 1158 752 1439
2499 2 2 6 101 546 1158 1439
2500 2 2 6 101 1157 751 1440
2501 2 2 6 101 546 1157 1440
2502 2 2 6 101 1242 3 1369
2503 2 2 6 101 77 1159 1509
2504 2 2 6 101 619 1205 1470
2505 2 2 6 101 620 1206 1471
2506 2 2 6 101 621 1207 1472
2507 2 2 6 101 1208 622 1473
2508 2 2 6 101 603 1162 1503
2509 2 2 6 101 1267 725 1506
2510 2 2 6 101 1273 73 1331
2511 2 2 6 101 1194 594 1477
2512 2 2 6 101 794 1194 1477
2513 2 2 6 101 534 1421 1456
2514 2 2 6 101 1165 672 1430
2515 2 2 6 101 734 1111 1493
2516 2 2 6 101 1110 735 1494
2517 2 2 6 101 928 1196 1452
2518 2 2 6 101 1196 781 1452
2519 2 2 6 101 1195 927 1451
2520 2 2 6 101 780 1195 1451
2521 2 2 6 101 1352 622 1488
2522 2 2 6 101 795 1383 1525
2523 2 2 6 101 793 1430 1513
2524 2 2 6 101 1173 725 1412
2525 2 2 6 101 663 1135 1469
2526 2 2 6 101 1269 855 1517
2527 2 2 6 101 1143 693 1461
2528 2 2 6 101 1209 699 1390
2529 2 2 6 101 1210 700 1389
2530 2 2 6 101 701 1211 1387
2531 2 2 6 101 702 1212 1388
2532 2 2 6 101 793 1165 1430
2533 2 2 6 101 1223 590 1490
2534 2 2 6 101 598 1145 1476
2535 2 2 6 101 534 1307 1464
2536 2 2 6 101 1295 954 1529
2537 2 2 6 101 579 1121 1523
2538 2 2 6 101 1418 534 1464
2539 2 2 6 101 1182 601 1438
2540 2 2 6 101 1421 839 1456
2541 2 2 6 101 1229 742 1427
2542 2 2 6 101 1184 748 1436
2543 2 2 6 101 632 1184 1436
2544 2 2 6 101 906 1264 1425
2545 2 2 6 101 613 1131 1519
2546 2 2 6 101 1363 811 1364
2547 2 2 6 101 749 1363 1364
2548 2 2 6 101 1190 628 1478
2549 2 2 6 101 770 1190 1478
2550 2 2 6 101 1353 596 1516
2551 2 2 6 101 1280 591 1376
2552 2 2 6 101 1240 780 1451
2553 2 2 6 101 623 1240 1451
2554 2 2 6 101 572 1140 1537
2555 2 2 6 101 1219 582 1528
2556 2 2 6 101 1307 782 1411
2557 2 2 6 101 1226 584 1514
2558 2 2 6 101 795 1155 1488
2559 2 2 6 101 1185 680 1454
2560 2 2 6 101 1227 739 1522
2561 2 2 6 101 1357 865 1522
2562 2 2 6 101 612 1229 1427
2563 2 2 6 101 1159 803 1509
2564 2 2 6 101 674 1160 1525
2565 2 2 6 101 1192 770 1478
2566 2 2 6 101 1173 793 1513
2567 2 2 6 101 1264 741 1425
2568 2 2 6 101 1503 871 1530
2569 2 2 6 101 594 1204 1477
2570 2 2 6 101 820 1366 1441
2571 2 2 6 101 1366 196 1441
2572 2 2 6 101 717 1223 1490
2573 2 2 6 101 1376 812 1418
2574 2 2 6 101 1209 16 1443
2575 2 2 6 101 1241 781 1486
2576 2 2 6 101 598 1241 1486
2577 2 2 6 101 773 1376 1418
2578 2 2 6 101 761 1242 1369
2579 2 2 6 101 773 1280 1376
2580 2 2 6 101 1308 595 1437
2581 2 2 6 101 881 1308 1437
2582 2 2 6 101 823 1307 1411
2583 2 2 6 101 1194 693 1521
2584 2 2 6 101 603 1503 1530
2585 2 2 6 101 1227 605 1491
2586 2 2 6 101 771 1266 1460
2587 2 2 6 101 1307 534 1456
2588 2 2 6 101 615 1214 1532
2589 2 2 6 101 739 1226 1514
2590 2 2 6 101 737 1219 1528
2591 2 2 6 101 1277 766 1518
2592 2 2 6 101 605 1227 1522
2593 2 2 6 101 766 1282 1518
2594 2 2 6 101 180 1349 1489
2595 2 2 6 101 739 1357 1522
2596 2 2 6 101 773 1418 1464
2597 2 2 6 101 782 1307 1456
2598 2 2 6 101 61 1267 1506
2599 2 2 6 101 1335 926 1482
2600 2 2 6 101 925 1336 1481
2601 2 2 6 101 1307 823 1464
2602 2 2 6 101 1459 871 1503
2603 2 2 6 101 743 1351 1434
2604 2 2 6 101 762 1459 1503
2605 2 2 6 101 791 1342 1453
2606 2 2 6 101 535 1277 1518
2607 2 2 6 101 591 1280 1539
2608 2 2 6 101 596 1394 1516
2609 2 2 6 101 1336 768 1481
2610 2 2 6 101 769 1335 1482
2611 2 2 6 101 778 1295 1529
2612 2 2 6 101 1354 21 1484
2613 2 2 6 101 804 1354 1484
2614 2 2 6 101 1394 825 1516
2615 2 2 6 101 1349 779 1489
2616 2 2 6 101 1306 726 1505
2617 2 2 6 101 45 1306 1505
2618 2 2 6 101 833 1466 1511
2619 2 2 6 101 827 1465 1495
2620 2 2 6 101 818 1527 1536
2621 2 2 6 101 1527 840 1536
2622 2 2 6 101 1432 818 1536
2623 2 2 6 101 1465 819 1495
2624 2 2 6 101 1466 816 1511
2625 2 2 6 101 538 1432 1536
2626 2 2 6 201 2055 1728 3392
2627 2 2 6 201 2727 2288 3232
2628 2 2 6 201 1965 1699 2633
2629 2 2 6 201 1814 2103 2447
2630 2 2 6 201 1946 1707 2690
2631 2 2 6 201 2247 1675 2692
2632 2 2 6 201 2032 1779 2557
2633 2 2 6 201 2172 1551 2238
2634 2 2 6 201 2194 1693 2285
2635 2 2 6 201 1692 2014 2264
2636 2 2 6 201 2153 1817 2220
2637 2 2 6 201 2076 1869 2239
2638 2 2 6 201 2331 312 3237
2639 2 2 6 201 1553 2202 2291
2640 2 2 6 201 2124 1602 2409
2641 2 2 6 201 1547 1948 3140
2642 2 2 6 201 2111 1581 3166
2643 2 2 6 201 2121 1742 2448
2644 2 2 6 201 2008 2196 3193
2645 2 2 6 201 2230 1544 2507
2646 2 2 6 201 1705 1965 2645
2647 2 2 6 201 1581 2037 3166
2648 2 2 6 201 1551 1990 3091
2649 2 2 6 201 1833 2559 2785
2650 2 2 6 201 2097 1862 2640
2651 2 2 6 201 1802 2110 2752
2652 2 2 6 201 2249 1904 3068
2653 2 2 6 201 2972 1542 3137
2654 2 2 6 201 1951 1750 2352
2655 2 2 6 201 2289 1802 2499
2656 2 2 6 201 2004 1596 2217
2657 2 2 6 201 1833 2286 2559
2658 2 2 6 201 1739 1997 2237
2659 2 2 6 201 2057 1683 2358
2660 2 2 6 201 2089 1639 2988
2661 2 2 6 201 2865 2278 3332
2662 2 2 6 201 2013 1853 2214
2663 2 2 6 201 1542 1981 2730
2664 2 2 6 201 1852 2278 2865
2665 2 2 6 201 1815 2124 2409
2666 2 2 6 201 1956 1541 2487
2667 2 2 6 201 1868 2289 2499
2668 2 2 6 201 1976 1800 2641
2669 2 2 6 201 1904 2808 3068
2670 2 2 6 201 1542 2175 3137
2671 2 2 6 201 2027 1799 2587
2672 2 2 6 201 1695 1996 2312
2673 2 2 6 201 2014 1692 2327
2674 2 2 6 201 1672 2047 3262
2675 2 2 6 201 1794 2194 2285
2676 2 2 6 201 1728 2206 3392
2677 2 2 6 201 1707 1946 2496
2678 2 2 6 201 1616 2243 2418
2679 2 2 6 201 2199 1777 2935
2680 2 2 6 201 1985 1735 3289
2681 2 2 6 201 2029 2562 3095
2682 2 2 6 201 2113 1696 2242
2683 2 2 6 201 1882 2034 2359
2684 2 2 6 201 282 2280 2607
2685 2 2 6 201 1962 1623 2728
2686 2 2 6 201 409 410 2082
2687 2 2 6 201 1694 2032 2557
2688 2 2 6 201 1681 2083 2681
2689 2 2 6 201 2056 1713 2152
2690 2 2 6 201 1576 2106 2222
2691 2 2 6 201 1816 2288 2727
2692 2 2 6 201 2494 308 2940
2693 2 2 6 201 327 2113 2242
2694 2 2 6 201 2059 1636 2368
2695 2 2 6 201 1853 2010 2267
2696 2 2 6 201 2294 1695 2770
2697 2 2 6 201 1747 2003 2269
2698 2 2 6 201 1980 1795 2621
2699 2 2 6 201 2102 2830 2848
2700 2 2 6 201 2524 1723 2584
2701 2 2 6 201 2039 1733 2250
2702 2 2 6 201 2202 1813 2291
2703 2 2 6 201 1793 2172 2238
2704 2 2 6 201 1984 2972 3137
2705 2 2 6 201 2229 1793 2429
2706 2 2 6 201 1604 2189 2355
2707 2 2 6 201 2562 2029 3032
2708 2 2 6 201 1991 444 2502
2709 2 2 6 201 1962 2728 3366
2710 2 2 6 201 1684 2097 2640
2711 2 2 6 201 2680 2294 2770
2712 2 2 6 201 1961 1634 2436
2713 2 2 6 201 1813 2218 2320
2714 2 2 6 201 2374 1555 2524
2715 2 2 6 201 231 232 2110
2716 2 2 6 201 1646 1956 2491
2717 2 2 6 201 2643 2238 2844
2718 2 2 6 201 1764 2418 2604
2719 2 2 6 201 1828 2170 2430
2720 2 2 6 201 1948 1547 2903
2721 2 2 6 201 1623 2497 2506
2722 2 2 6 201 1777 2632 2935
2723 2 2 6 201 451 452 2043
2724 2 2 6 201 1553 2027 2587
2725 2 2 6 201 2021 1750 2842
2726 2 2 6 201 331 332 2196
2727 2 2 6 201 1752 2005 2307
2728 2 2 6 201 1610 2056 2214
2729 2 2 6 201 461 462 2085
2730 2 2 6 201 2547 2083 2890
2731 2 2 6 201 2904 2007 3125
2732 2 2 6 201 1790 2141 2699
2733 2 2 6 201 1981 1542 2357
2734 2 2 6 201 2141 2595 2699
2735 2 2 6 201 2702 2922 3217
2736 2 2 6 201 2020 1584 2629
2737 2 2 6 201 2083 1681 2890
2738 2 2 6 201 1750 1951 2689
2739 2 2 6 201 2418 1893 2604
2740 2 2 6 201 1540 2094 2194
2741 2 2 6 201 1766 2489 2683
2742 2 2 6 201 1788 2117 2281
2743 2 2 6 201 1548 2040 2767
2744 2 2 6 201 321 322 2733
2745 2 2 6 201 2209 439 2705
2746 2 2 6 201 1668 2094 2205
2747 2 2 6 201 2218 1605 2320
2748 2 2 6 201 2324 1647 2598
2749 2 2 6 201 1565 2069 2258
2750 2 2 6 201 2119 1540 2194
2751 2 2 6 201 2490 1786 2603
2752 2 2 6 201 1634 1961 2616
2753 2 2 6 201 311 312 2331
2754 2 2 6 201 2536 1906 2794
2755 2 2 6 201 1699 1965 2376
2756 2 2 6 201 1782 2481 2586
2757 2 2 6 201 2115 1570 2326
2758 2 2 6 201 414 415 2315
2759 2 2 6 201 442 443 2176
2760 2 2 6 201 1956 1646 2566
2761 2 2 6 201 1707 1982 2690
2762 2 2 6 201 2082 1731 2309
2763 2 2 6 201 1949 2490 2603
2764 2 2 6 201 2481 1949 2586
2765 2 2 6 201 1725 2025 2386
2766 2 2 6 201 2189 1824 2355
2767 2 2 6 201 1767 1934 2989
2768 2 2 6 201 282 283 2280
2769 2 2 6 201 464 2292 3175
2770 2 2 6 201 1713 2040 2377
2771 2 2 6 201 1692 2068 2327
2772 2 2 6 201 1860 2022 2840
2773 2 2 6 201 2161 1680 2812
2774 2 2 6 201 491 2090 2789
2775 2 2 6 201 2379 1703 2781
2776 2 2 6 201 2499 1802 2752
2777 2 2 6 201 2195 2002 3097
2778 2 2 6 201 2267 1679 3318
2779 2 2 6 201 2114 1859 2421
2780 2 2 6 201 1934 1767 2655
2781 2 2 6 201 1570 2115 2152
2782 2 2 6 201 1574 2143 2319
2783 2 2 6 201 1991 1748 3107
2784 2 2 6 201 1683 2126 2358
2785 2 2 6 201 1892 2230 2507
2786 2 2 6 201 2238 1848 2844
2787 2 2 6 201 407 408 2130
2788 2 2 6 201 2247 2692 3076
2789 2 2 6 201 1625 2393 2695
2790 2 2 6 201 2121 1571 2283
2791 2 2 6 201 1599 2395 2815
2792 2 2 6 201 2088 1803 2360
2793 2 2 6 201 1541 1956 2470
2794 2 2 6 201 2196 332 2849
2795 2 2 6 201 2205 2094 3098
2796 2 2 6 201 2063 1827 2662
2797 2 2 6 201 2022 1660 2840
2798 2 2 6 201 2279 1722 2673
2799 2 2 6 201 1561 1932 2508
2800 2 2 6 201 307 308 2494
2801 2 2 6 201 2074 1711 2353
2802 2 2 6 201 1547 2366 3165
2803 2 2 6 201 1800 1976 2573
2804 2 2 6 201 316 317 2097
2805 2 2 6 201 1857 2008 2323
2806 2 2 6 201 1794 2119 2194
2807 2 2 6 201 2033 1743 3023
2808 2 2 6 201 2329 1599 2815
2809 2 2 6 201 2393 1929 2695
2810 2 2 6 201 2065 1830 2666
2811 2 2 6 201 414 2315 2764
2812 2 2 6 201 2129 1560 2531
2813 2 2 6 201 2489 1971 2683
2814 2 2 6 201 1941 2524 2584
2815 2 2 6 201 1584 2020 2328
2816 2 2 6 201 2196 1689 3193
2817 2 2 6 201 2215 2923 2928
2818 2 2 6 201 1950 2089 2988
2819 2 2 6 201 2278 1852 2387
2820 2 2 6 201 322 2718 2733
2821 2 2 6 201 1711 2235 2859
2822 2 2 6 201 2421 1859 3021
2823 2 2 6 201 2005 1752 2410
2824 2 2 6 201 1697 2093 2423
2825 2 2 6 201 2562 1643 3095
2826 2 2 6 201 2497 1917 2506
2827 2 2 6 201 2158 1881 2905
2828 2 2 6 201 1613 2018 2698
2829 2 2 6 201 1839 2129 2531
2830 2 2 6 201 2292 1986 3175
2831 2 2 6 201 2081 1610 2267
2832 2 2 6 201 2749 337 2971
2833 2 2 6 201 1753 1962 2984
2834 2 2 6 201 1881 2719 2905
2835 2 2 6 201 1736 2278 2387
2836 2 2 6 201 3016 2558 3096
2837 2 2 6 201 1679 2267 3267
2838 2 2 6 201 2015 1573 2475
2839 2 2 6 201 1965 1705 2438
2840 2 2 6 201 1999 1579 2723
2841 2 2 6 201 1573 2015 2558
2842 2 2 6 201 260 261 2158
2843 2 2 6 201 2370 2324 3173
2844 2 2 6 201 1803 1995 2676
2845 2 2 6 201 2088 1748 2913
2846 2 2 6 201 439 440 2705
2847 2 2 6 201 1626 2540 2857
2848 2 2 6 201 2034 1882 2898
2849 2 2 6 201 466 467 2117
2850 2 2 6 201 1702 2044 2425
2851 2 2 6 201 1683 2057 2232
2852 2 2 6 201 441 2265 2705
2853 2 2 6 201 1743 2033 2361
2854 2 2 6 201 1871 2048 2293
2855 2 2 6 201 2058 1721 3098
2856 2 2 6 201 1748 2088 2360
2857 2 2 6 201 1888 2904 3125
2858 2 2 6 201 1639 2089 2992
2859 2 2 6 201 2179 1703 2379
2860 2 2 6 201 1943 1561 2508
2861 2 2 6 201 1656 2262 2682
2862 2 2 6 201 1795 1980 2544
2863 2 2 6 201 416 417 2186
2864 2 2 6 201 2830 2102 3315
2865 2 2 6 201 2085 462 2605
2866 2 2 6 201 2053 1709 3297
2867 2 2 6 201 2243 1616 2946
2868 2 2 6 201 1691 2073 2239
2869 2 2 6 201 2049 500 2821
2870 2 2 6 201 2366 2091 3165
2871 2 2 6 201 1925 2324 2598
2872 2 2 6 201 2066 1568 2260
2873 2 2 6 201 1642 1941 2584
2874 2 2 6 201 2448 1979 2945
2875 2 2 6 201 1572 2166 2827
2876 2 2 6 201 2857 2540 3208
2877 2 2 6 201 2027 1553 2311
2878 2 2 6 201 2199 1552 2254
2879 2 2 6 201 1677 2153 2220
2880 2 2 6 201 2430 2170 3238
2881 2 2 6 201 1889 2279 2673
2882 2 2 6 201 2202 1687 2218
2883 2 2 6 201 2429 1793 2643
2884 2 2 6 201 1606 2286 2343
2885 2 2 6 201 1789 2091 2366
2886 2 2 6 201 1750 2052 2842
2887 2 2 6 201 1744 2059 2368
2888 2 2 6 201 1617 2215 2928
2889 2 2 6 201 2821 502 3251
2890 2 2 6 201 1620 2536 2794
2891 2 2 6 201 1750 2021 2769
2892 2 2 6 201 1751 2190 2725
2893 2 2 6 201 2423 1599 2663
2894 2 2 6 201 1629 2243 2499
2895 2 2 6 201 2073 1593 2239
2896 2 2 6 201 2337 1885 2855
2897 2 2 6 201 2759 1868 2946
2898 2 2 6 201 1760 2043 2333
2899 2 2 6 201 2094 1668 2380
2900 2 2 6 201 2048 1871 2983
2901 2 2 6 201 2310 1896 3210
2902 2 2 6 201 2558 2015 3096
2903 2 2 6 201 1748 1991 2502
2904 2 2 6 201 2077 1728 2375
2905 2 2 6 201 274 275 2112
2906 2 2 6 201 1750 2101 2352
2907 2 2 6 201 2408 1751 2725
2908 2 2 6 201 1653 1984 2681
2909 2 2 6 201 2062 1755 2869
2910 2 2 6 201 1997 1739 2525
2911 2 2 6 201 2094 1540 3098
2912 2 2 6 201 341 2896 3398
2913 2 2 6 201 1688 2215 2222
2914 2 2 6 201 1990 1551 2397
2915 2 2 6 201 2183 1858 2609
2916 2 2 6 201 2076 2239 3338
2917 2 2 6 201 2040 1660 2377
2918 2 2 6 201 2220 1817 2504
2919 2 2 6 201 1998 2407 2745
2920 2 2 6 201 2291 2708 2839
2921 2 2 6 201 2010 1853 2718
2922 2 2 6 201 1780 2126 2270
2923 2 2 6 201 2473 2161 2812
2924 2 2 6 201 1896 2774 3210
2925 2 2 6 201 1735 2362 3289
2926 2 2 6 201 1559 2034 3178
2927 2 2 6 201 334 335 2179
2928 2 2 6 201 2650 2046 3263
2929 2 2 6 201 2194 2094 3299
2930 2 2 6 201 1823 2012 2622
2931 2 2 6 201 2357 1542 2411
2932 2 2 6 201 1623 1962 2497
2933 2 2 6 201 1573 2177 2475
2934 2 2 6 201 354 355 2192
2935 2 2 6 201 2008 1857 2861
2936 2 2 6 201 1720 2019 2537
2937 2 2 6 201 2003 1747 2523
2938 2 2 6 201 444 1991 2996
2939 2 2 6 201 1863 2324 2370
2940 2 2 6 201 2130 408 2630
2941 2 2 6 201 2335 1659 2774
2942 2 2 6 201 1814 2447 2639
2943 2 2 6 201 2802 1966 2824
2944 2 2 6 201 2012 424 2622
2945 2 2 6 201 2018 1613 2413
2946 2 2 6 201 2047 1849 3209
2947 2 2 6 201 1635 2676 2784
2948 2 2 6 201 1962 1753 2497
2949 2 2 6 201 327 328 2113
2950 2 2 6 201 424 2012 3326
2951 2 2 6 201 1678 2195 3097
2952 2 2 6 201 341 342 2896
2953 2 2 6 201 442 2176 2716
2954 2 2 6 201 1693 2194 3299
2955 2 2 6 201 2706 1929 3011
2956 2 2 6 201 1941 2374 2524
2957 2 2 6 201 2061 1704 2370
2958 2 2 6 201 440 441 2705
2959 2 2 6 201 2401 495 2811
2960 2 2 6 201 1602 2124 2347
2961 2 2 6 201 2621 1628 2725
2962 2 2 6 201 1808 2082 2309
2963 2 2 6 201 1558 2007 3147
2964 2 2 6 201 1612 2051 2428
2965 2 2 6 201 1851 2291 2839
2966 2 2 6 201 1982 1707 2400
2967 2 2 6 201 2017 1543 2400
2968 2 2 6 201 2074 1546 2619
2969 2 2 6 201 1826 2030 2792
2970 2 2 6 201 1813 2202 2218
2971 2 2 6 201 1699 2376 2813
2972 2 2 6 201 1995 1803 2555
2973 2 2 6 201 2353 1711 2859
2974 2 2 6 201 1681 2681 3137
2975 2 2 6 201 2201 1727 2231
2976 2 2 6 201 2032 253 2519
2977 2 2 6 201 2159 1585 2281
2978 2 2 6 201 2012 1823 2757
2979 2 2 6 201 2032 1694 3238
2980 2 2 6 201 1759 2611 2877
2981 2 2 6 201 1562 2183 2609
2982 2 2 6 201 2239 1593 3338
2983 2 2 6 201 1601 2224 2673
2984 2 2 6 201 1579 1999 2786
2985 2 2 6 201 1745 2201 2231
2986 2 2 6 201 1777 2199 2254
2987 2 2 6 201 1709 2066 2260
2988 2 2 6 201 2047 2300 3262
2989 2 2 6 201 2286 1833 2343
2990 2 2 6 201 2611 1947 2877
2991 2 2 6 201 1674 2074 2353
2992 2 2 6 201 2034 1559 2359
2993 2 2 6 201 1717 2064 2297
2994 2 2 6 201 1984 1653 2427
2995 2 2 6 201 1902 2129 2954
2996 2 2 6 201 1897 2401 2811
2997 2 2 6 201 2052 1543 2703
2998 2 2 6 201 1640 2060 2760
2999 2 2 6 201 477 2100 2944
3000 2 2 6 201 1715 2026 2998
3001 2 2 6 201 409 2082 2630
3002 2 2 6 201 2285 1693 2435
3003 2 2 6 201 2676 1995 2784
3004 2 2 6 201 2177 1838 2475
3005 2 2 6 201 1697 2200 3036
3006 2 2 6 201 2090 1746 2298
3007 2 2 6 201 2162 1551 3091
3008 2 2 6 201 1717 1981 2357
3009 2 2 6 201 1839 2322 2354
3010 2 2 6 201 2124 1895 2347
3011 2 2 6 201 1742 2121 2283
3012 2 2 6 201 2480 1572 2827
3013 2 2 6 201 1980 2621 2725
3014 2 2 6 201 2007 1558 2442
3015 2 2 6 201 2100 1743 2284
3016 2 2 6 201 1770 2085 2605
3017 2 2 6 201 1835 2203 2656
3018 2 2 6 201 2047 1672 2459
3019 2 2 6 201 1755 2062 2349
3020 2 2 6 201 2044 1567 2425
3021 2 2 6 201 2200 2399 3036
3022 2 2 6 201 2628 406 2999
3023 2 2 6 201 2096 1626 2485
3024 2 2 6 201 2322 1732 2354
3025 2 2 6 201 1776 2150 2226
3026 2 2 6 201 2079 1603 2318
3027 2 2 6 201 1853 2013 2733
3028 2 2 6 201 1660 2022 2377
3029 2 2 6 201 1735 1985 2391
3030 2 2 6 201 2318 1712 3124
3031 2 2 6 201 2007 2442 3125
3032 2 2 6 201 1709 2053 2852
3033 2 2 6 201 1827 2080 2662
3034 2 2 6 201 2950 1644 3319
3035 2 2 6 201 2033 479 2554
3036 2 2 6 201 253 2032 3282
3037 2 2 6 201 1561 1943 2467
3038 2 2 6 201 501 502 2821
3039 2 2 6 201 2407 1797 2745
3040 2 2 6 201 2081 2267 3318
3041 2 2 6 201 1791 2127 2338
3042 2 2 6 201 2215 1819 2222
3043 2 2 6 201 2016 1550 2766
3044 2 2 6 201 2068 1615 2327
3045 2 2 6 201 2019 1720 2460
3046 2 2 6 201 2079 2318 3124
3047 2 2 6 201 2069 1721 2258
3048 2 2 6 201 1885 2337 2942
3049 2 2 6 201 1674 2044 2773
3050 2 2 6 201 1567 2044 2859
3051 2 2 6 201 2492 2001 2949
3052 2 2 6 201 2127 1612 2323
3053 2 2 6 201 1651 2016 2805
3054 2 2 6 201 2267 2010 3267
3055 2 2 6 201 1987 2628 2999
3056 2 2 6 201 2037 1581 2871
3057 2 2 6 201 1932 1561 2565
3058 2 2 6 201 3176 1752 3177
3059 2 2 6 201 1830 2084 2666
3060 2 2 6 201 2043 1760 2542
3061 2 2 6 201 1977 2335 2774
3062 2 2 6 201 2133 1963 3145
3063 2 2 6 201 1842 2290 2463
3064 2 2 6 201 2063 2662 3142
3065 2 2 6 201 1812 2562 3032
3066 2 2 6 201 2150 1753 2226
3067 2 2 6 201 2028 2759 2946
3068 2 2 6 201 1762 2492 2949
3069 2 2 6 201 2065 2666 3141
3070 2 2 6 201 490 491 2789
3071 2 2 6 201 2050 2331 3237
3072 2 2 6 201 2047 1608 2756
3073 2 2 6 201 2388 3039 3346
3074 2 2 6 201 2030 1826 2574
3075 2 2 6 201 2117 1751 2281
3076 2 2 6 201 1599 2329 2663
3077 2 2 6 201 276 277 2256
3078 2 2 6 201 1733 2039 3212
3079 2 2 6 201 2262 1926 2682
3080 2 2 6 201 1981 1717 3012
3081 2 2 6 201 2388 1649 3039
3082 2 2 6 201 2954 2129 3129
3083 2 2 6 201 2831 344 3120
3084 2 2 6 201 1808 2309 2339
3085 2 2 6 201 1941 1642 2534
3086 2 2 6 201 2367 1601 2673
3087 2 2 6 201 1563 2061 2370
3088 2 2 6 201 2030 1640 2792
3089 2 2 6 201 1721 2205 3098
3090 2 2 6 201 1996 1695 2727
3091 2 2 6 201 2135 1666 2648
3092 2 2 6 201 1880 2057 2358
3093 2 2 6 201 1569 2098 2496
3094 2 2 6 201 3028 1655 3245
3095 2 2 6 201 2300 2047 3209
3096 2 2 6 201 247 248 2790
3097 2 2 6 201 2070 1759 2549
3098 2 2 6 201 2044 1674 2353
3099 2 2 6 201 2427 1741 2972
3100 2 2 6 201 2073 1691 3134
3101 2 2 6 201 1576 2222 2382
3102 2 2 6 201 1647 2448 2945
3103 2 2 6 201 326 327 2242
3104 2 2 6 201 2931 2006 3248
3105 2 2 6 201 1611 2220 2504
3106 2 2 6 201 2236 1554 2396
3107 2 2 6 201 2280 283 2460
3108 2 2 6 201 2880 2451 3359
3109 2 2 6 201 2040 1713 2767
3110 2 2 6 201 1685 2439 3055
3111 2 2 6 201 1799 2027 2606
3112 2 2 6 201 265 266 2290
3113 2 2 6 201 2192 355 3014
3114 2 2 6 201 1660 2341 2840
3115 2 2 6 201 1596 2004 2632
3116 2 2 6 201 1713 2056 2637
3117 2 2 6 201 2438 1705 2855
3118 2 2 6 201 2306 1809 3094
3119 2 2 6 201 2152 1713 2660
3120 2 2 6 201 1673 2109 2669
3121 2 2 6 201 1671 2392 2744
3122 2 2 6 201 2051 1612 2517
3123 2 2 6 201 2656 2203 2975
3124 2 2 6 201 2168 1842 2463
3125 2 2 6 201 2069 1565 2807
3126 2 2 6 201 1700 3002 3130
3127 2 2 6 201 1690 2157 2650
3128 2 2 6 201 2060 1806 2760
3129 2 2 6 201 2106 1576 2270
3130 2 2 6 201 1828 2133 3145
3131 2 2 6 201 2290 1781 2463
3132 2 2 6 201 2222 1819 2382
3133 2 2 6 201 356 357 2216
3134 2 2 6 201 2376 2039 2813
3135 2 2 6 201 1690 2650 3263
3136 2 2 6 201 1887 2357 2411
3137 2 2 6 201 1696 2428 2827
3138 2 2 6 201 1611 2147 2618
3139 2 2 6 201 2093 1736 2387
3140 2 2 6 201 2108 1606 2343
3141 2 2 6 201 466 2117 2677
3142 2 2 6 201 1599 2093 2387
3143 2 2 6 201 1831 2236 2396
3144 2 2 6 201 1751 2159 2281
3145 2 2 6 201 2025 1725 2478
3146 2 2 6 201 1809 2731 3094
3147 2 2 6 201 2085 1770 2356
3148 2 2 6 201 362 363 2212
3149 2 2 6 201 1636 2059 2777
3150 2 2 6 201 2810 1836 3015
3151 2 2 6 201 2025 1891 2679
3152 2 2 6 201 1823 2164 2371
3153 2 2 6 201 2042 1718 2833
3154 2 2 6 201 1736 2093 2334
3155 2 2 6 201 2054 1575 2406
3156 2 2 6 201 1800 2163 2316
3157 2 2 6 201 1548 2767 3153
3158 2 2 6 201 1718 2042 2729
3159 2 2 6 201 395 396 2200
3160 2 2 6 201 3089 1650 3256
3161 2 2 6 201 2472 1954 2766
3162 2 2 6 201 1721 2069 3260
3163 2 2 6 201 2196 2008 2845
3164 2 2 6 201 464 465 2292
3165 2 2 6 201 2198 1760 2784
3166 2 2 6 201 1640 2586 2603
3167 2 2 6 201 2022 1860 2589
3168 2 2 6 201 1644 2458 3319
3169 2 2 6 201 451 2043 2542
3170 2 2 6 201 2142 1670 2658
3171 2 2 6 201 2222 2106 2888
3172 2 2 6 201 2150 486 2943
3173 2 2 6 201 416 2186 2748
3174 2 2 6 201 2392 1970 2744
3175 2 2 6 201 1582 2021 2900
3176 2 2 6 201 334 2179 2379
3177 2 2 6 201 267 268 2274
3178 2 2 6 201 1655 2354 3245
3179 2 2 6 201 1748 2502 2913
3180 2 2 6 201 1840 2052 2703
3181 2 2 6 201 2126 1614 2358
3182 2 2 6 201 1619 2873 3156
3183 2 2 6 201 2309 1600 2339
3184 2 2 6 201 1959 2135 2648
3185 2 2 6 201 1882 2359 3275
3186 2 2 6 201 2092 1715 2998
3187 2 2 6 201 2121 2448 2700
3188 2 2 6 201 1849 2047 2756
3189 2 2 6 201 2410 1752 3176
3190 2 2 6 201 1788 2070 2614
3191 2 2 6 201 1622 2077 2375
3192 2 2 6 201 265 2290 2585
3193 2 2 6 201 1650 2344 3256
3194 2 2 6 201 2583 2427 3286
3195 2 2 6 201 1731 2295 2309
3196 2 2 6 201 2060 1640 2603
3197 2 2 6 201 2169 1722 3154
3198 2 2 6 201 1564 2802 2824
3199 2 2 6 201 1836 2246 2556
3200 2 2 6 201 2439 2054 3055
3201 2 2 6 201 2104 1574 2449
3202 2 2 6 201 1891 2025 2928
3203 2 2 6 201 2134 1691 2991
3204 2 2 6 201 1974 2303 3097
3205 2 2 6 201 2122 1685 2325
3206 2 2 6 201 1721 2058 2514
3207 2 2 6 201 2266 1835 2318
3208 2 2 6 201 2787 1789 3102
3209 2 2 6 201 1706 2108 2343
3210 2 2 6 201 2199 1726 2282
3211 2 2 6 201 1615 2068 2593
3212 2 2 6 201 2013 2214 3298
3213 2 2 6 201 2006 2810 3015
3214 2 2 6 201 2002 2195 2863
3215 2 2 6 201 2021 1582 2769
3216 2 2 6 201 1722 2169 3150
3217 2 2 6 201 2319 2143 2781
3218 2 2 6 201 1714 2134 2382
3219 2 2 6 201 1700 2330 3002
3220 2 2 6 201 2014 2749 2971
3221 2 2 6 201 368 369 2228
3222 2 2 6 201 2348 1895 2897
3223 2 2 6 201 2043 452 2569
3224 2 2 6 201 1759 2070 2611
3225 2 2 6 201 2586 1949 2603
3226 2 2 6 201 2118 1572 3132
3227 2 2 6 201 1951 2880 3359
3228 2 2 6 201 1890 2379 2781
3229 2 2 6 201 1596 2105 3341
3230 2 2 6 201 2082 1808 2630
3231 2 2 6 201 2265 1801 2384
3232 2 2 6 201 2341 1973 2840
3233 2 2 6 201 1807 2265 2384
3234 2 2 6 201 1795 2173 2271
3235 2 2 6 201 1772 2213 2860
3236 2 2 6 201 2068 1692 2406
3237 2 2 6 201 1603 2266 2318
3238 2 2 6 201 1618 2638 2755
3239 2 2 6 201 1741 2411 2972
3240 2 2 6 201 2674 1604 3032
3241 2 2 6 201 248 2671 2790
3242 2 2 6 201 1827 2063 2738
3243 2 2 6 201 1768 2051 2517
3244 2 2 6 201 2204 1608 2691
3245 2 2 6 201 2029 2674 3032
3246 2 2 6 201 1568 2066 2942
3247 2 2 6 201 1708 2451 2880
3248 2 2 6 201 2002 2863 3403
3249 2 2 6 201 1847 2072 2702
3250 2 2 6 201 1741 2427 2583
3251 2 2 6 201 2172 1761 2397
3252 2 2 6 201 2493 2021 2842
3253 2 2 6 201 2102 1656 3104
3254 2 2 6 201 2135 1959 3188
3255 2 2 6 201 2173 1773 2271
3256 2 2 6 201 1572 2131 3132
3257 2 2 6 201 1999 1757 2786
3258 2 2 6 201 1723 2018 2413
3259 2 2 6 201 1813 2320 2474
3260 2 2 6 201 231 2110 2495
3261 2 2 6 201 1806 2060 2762
3262 2 2 6 201 1552 2199 2282
3263 2 2 6 201 2256 277 3205
3264 2 2 6 201 2289 517 2817
3265 2 2 6 201 2428 2051 2827
3266 2 2 6 201 2897 1895 2980
3267 2 2 6 201 1754 2390 2841
3268 2 2 6 201 1970 2142 2658
3269 2 2 6 201 2115 2326 2640
3270 2 2 6 201 1757 1999 2506
3271 2 2 6 201 389 2369 2978
3272 2 2 6 201 1825 2295 2344
3273 2 2 6 201 2791 2225 2804
3274 2 2 6 201 1601 2322 2484
3275 2 2 6 201 366 367 2234
3276 2 2 6 201 2087 1725 2768
3277 2 2 6 201 2053 1665 2852
3278 2 2 6 201 1830 2065 2744
3279 2 2 6 201 1790 2095 2476
3280 2 2 6 201 2262 2487 3194
3281 2 2 6 201 1575 2054 3296
3282 2 2 6 201 2161 1579 2298
3283 2 2 6 201 1641 2493 2842
3284 2 2 6 201 1874 2830 3315
3285 2 2 6 201 2242 1696 2924
3286 2 2 6 201 2075 1544 2438
3287 2 2 6 201 2532 2053 3297
3288 2 2 6 201 2075 2438 2855
3289 2 2 6 201 1608 2047 2691
3290 2 2 6 201 1543 2052 2689
3291 2 2 6 201 374 375 2244
3292 2 2 6 201 1728 2192 2375
3293 2 2 6 201 1691 2134 3134
3294 2 2 6 201 360 361 2233
3295 2 2 6 201 1657 2111 2726
3296 2 2 6 201 283 284 2460
3297 2 2 6 201 1722 2279 3154
3298 2 2 6 201 2103 1787 2447
3299 2 2 6 201 1782 2030 3148
3300 2 2 6 201 1808 2130 2630
3301 2 2 6 201 2181 1724 2369
3302 2 2 6 201 2016 1651 2835
3303 2 2 6 201 2295 1731 2344
3304 2 2 6 201 2064 1717 2433
3305 2 2 6 201 252 253 3282
3306 2 2 6 201 2272 1722 3150
3307 2 2 6 201 2224 1601 2334
3308 2 2 6 201 1754 2841 3319
3309 2 2 6 201 1760 2429 2784
3310 2 2 6 201 2057 1880 2831
3311 2 2 6 201 1543 2017 2703
3312 2 2 6 201 2071 3176 3177
3313 2 2 6 201 1667 2455 2738
3314 2 2 6 201 2243 1868 2499
3315 2 2 6 201 2287 1748 2360
3316 2 2 6 201 2319 2273 3376
3317 2 2 6 201 2147 1680 2521
3318 2 2 6 201 2116 1541 2470
3319 2 2 6 201 1551 2172 2397
3320 2 2 6 201 336 337 2749
3321 2 2 6 201 1996 2727 3232
3322 2 2 6 201 2053 1546 2709
3323 2 2 6 201 1973 2787 3102
3324 2 2 6 201 1884 2799 3059
3325 2 2 6 201 2082 410 2450
3326 2 2 6 201 2142 1569 2496
3327 2 2 6 201 395 2200 2803
3328 2 2 6 201 2175 2015 3347
3329 2 2 6 201 2783 1762 3198
3330 2 2 6 201 1725 2087 2478
3331 2 2 6 201 356 2216 3014
3332 2 2 6 201 1728 2055 2477
3333 2 2 6 201 1860 2366 2457
3334 2 2 6 201 2050 1804 2459
3335 2 2 6 201 2142 1970 3206
3336 2 2 6 201 362 2212 3025
3337 2 2 6 201 1736 2484 2531
3338 2 2 6 201 2042 1548 3153
3339 2 2 6 201 1988 1654 2878
3340 2 2 6 201 2372 1778 2566
3341 2 2 6 201 2068 1805 2593
3342 2 2 6 201 2126 1683 3391
3343 2 2 6 201 2820 2037 3136
3344 2 2 6 201 2241 2102 3104
3345 2 2 6 201 2204 2691 2993
3346 2 2 6 201 347 348 2184
3347 2 2 6 201 1546 2074 2398
3348 2 2 6 201 2090 491 2665
3349 2 2 6 201 372 373 2252
3350 2 2 6 201 2204 1958 3087
3351 2 2 6 201 3298 2214 3345
3352 2 2 6 201 2163 1782 2316
3353 2 2 6 201 2366 1547 2457
3354 2 2 6 201 2486 1772 2860
3355 2 2 6 201 1835 2266 2994
3356 2 2 6 201 2285 2435 2941
3357 2 2 6 201 476 477 2944
3358 2 2 6 201 2638 1909 2755
3359 2 2 6 201 1847 2702 3217
3360 2 2 6 201 2455 1959 2738
3361 2 2 6 201 1680 2161 2521
3362 2 2 6 201 2061 1563 2791
3363 2 2 6 201 1761 2104 2449
3364 2 2 6 201 2026 1715 2415
3365 2 2 6 201 2352 2101 3286
3366 2 2 6 201 2064 1578 2372
3367 2 2 6 201 2075 1729 2507
3368 2 2 6 201 1802 2289 2817
3369 2 2 6 201 1878 2180 2892
3370 2 2 6 201 1731 2082 2450
3371 2 2 6 201 2074 1674 2796
3372 2 2 6 201 2262 1820 2487
3373 2 2 6 201 2153 1550 2590
3374 2 2 6 201 1859 2023 2607
3375 2 2 6 201 2052 1750 2689
3376 2 2 6 201 2093 1599 2423
3377 2 2 6 201 2871 2361 3136
3378 2 2 6 201 1550 2472 2766
3379 2 2 6 201 9 239 2652
3380 2 2 6 201 1654 1988 2687
3381 2 2 6 201 1640 2030 2586
3382 2 2 6 201 2060 1594 2762
3383 2 2 6 201 2051 1768 2480
3384 2 2 6 201 1568 2135 3188
3385 2 2 6 201 1768 2517 2644
3386 2 2 6 201 1909 2330 2755
3387 2 2 6 201 1938 2135 3235
3388 2 2 6 201 1607 2168 2463
3389 2 2 6 201 2039 2250 2813
3390 2 2 6 201 1836 2556 2642
3391 2 2 6 201 1686 3016 3096
3392 2 2 6 201 2274 268 3202
3393 2 2 6 201 2147 1861 2618
3394 2 2 6 201 1711 2074 2619
3395 2 2 6 201 2006 2592 3248
3396 2 2 6 201 1931 2110 2885
3397 2 2 6 201 2405 2134 2991
3398 2 2 6 201 368 2228 3105
3399 2 2 6 201 1758 2416 3007
3400 2 2 6 201 238 9 2652
3401 2 2 6 201 2058 1651 2514
3402 2 2 6 201 1573 2114 2421
3403 2 2 6 201 2146 1602 2347
3404 2 2 6 201 2098 1569 2995
3405 2 2 6 201 2197 1594 2356
3406 2 2 6 201 234 235 2304
3407 2 2 6 201 2303 1678 3097
3408 2 2 6 201 1758 3007 3379
3409 2 2 6 201 2273 1872 3376
3410 2 2 6 201 1966 2802 3279
3411 2 2 6 201 1704 2061 2491
3412 2 2 6 201 1804 2050 2659
3413 2 2 6 201 2360 1803 3051
3414 2 2 6 201 2093 1697 3020
3415 2 2 6 201 2245 2543 3047
3416 2 2 6 201 1653 2352 3286
3417 2 2 6 201 1729 2123 2468
3418 2 2 6 201 2200 396 2399
3419 2 2 6 201 260 2158 2901
3420 2 2 6 201 2030 1782 2586
3421 2 2 6 201 2412 1627 2879
3422 2 2 6 201 2306 1558 2348
3423 2 2 6 201 1665 2053 2505
3424 2 2 6 201 1713 2637 2767
3425 2 2 6 201 313 314 2659
3426 2 2 6 201 2031 1779 2519
3427 2 2 6 201 343 344 2831
3428 2 2 6 201 1546 2053 2532
3429 2 2 6 201 2087 1617 2478
3430 2 2 6 201 1726 2136 2402
3431 2 2 6 201 1681 2175 3347
3432 2 2 6 201 1550 2016 2590
3433 2 2 6 201 2180 1559 2546
3434 2 2 6 201 1743 2538 3023
3435 2 2 6 201 449 450 2198
3436 2 2 6 201 1780 2270 2405
3437 2 2 6 201 1787 2876 3350
3438 2 2 6 201 1563 2370 3173
3439 2 2 6 201 1890 2196 2849
3440 2 2 6 201 1593 2073 2510
3441 2 2 6 201 2134 1576 2382
3442 2 2 6 201 2217 1596 3341
3443 2 2 6 201 2830 1618 2848
3444 2 2 6 201 2517 1969 2644
3445 2 2 6 201 1614 2245 3047
3446 2 2 6 201 1617 2087 2606
3447 2 2 6 201 1685 2122 2543
3448 2 2 6 201 479 2033 3023
3449 2 2 6 201 2305 1559 3178
3450 2 2 6 201 2117 1788 2677
3451 2 2 6 201 2155 1669 2456
3452 2 2 6 201 1546 2532 2619
3453 2 2 6 201 1946 2142 2496
3454 2 2 6 201 2505 2476 3064
3455 2 2 6 201 2334 1601 2484
3456 2 2 6 201 1896 2240 2979
3457 2 2 6 201 2123 1729 2432
3458 2 2 6 201 2135 1568 2337
3459 2 2 6 201 2287 1777 2299
3460 2 2 6 201 2110 232 2885
3461 2 2 6 201 374 2244 3164
3462 2 2 6 201 2560 2125 3043
3463 2 2 6 201 2040 1548 2571
3464 2 2 6 201 1779 2032 2519
3465 2 2 6 201 2315 1815 2409
3466 2 2 6 201 500 501 2821
3467 2 2 6 201 2431 1580 2798
3468 2 2 6 201 2157 245 2650
3469 2 2 6 201 1809 2306 2348
3470 2 2 6 201 2372 2566 3157
3471 2 2 6 201 2896 2122 3398
3472 2 2 6 201 1834 2315 2409
3473 2 2 6 201 2165 1700 2806
3474 2 2 6 201 2304 235 3000
3475 2 2 6 201 2313 2785 2854
3476 2 2 6 201 393 394 2251
3477 2 2 6 201 2103 436 2588
3478 2 2 6 201 1684 2204 3087
3479 2 2 6 201 2250 1733 2823
3480 2 2 6 201 2201 1600 2350
3481 2 2 6 201 1713 2377 2660
3482 2 2 6 201 2077 1622 2938
3483 2 2 6 201 468 469 2190
3484 2 2 6 201 1548 2042 2613
3485 2 2 6 201 2256 1979 2448
3486 2 2 6 201 2436 1634 2866
3487 2 2 6 201 1825 2180 2546
3488 2 2 6 201 2154 1609 2430
3489 2 2 6 201 1807 2128 2722
3490 2 2 6 201 2529 514 2596
3491 2 2 6 201 2892 2180 2968
3492 2 2 6 201 2879 1627 2931
3493 2 2 6 201 2492 1762 2783
3494 2 2 6 201 1685 2245 2439
3495 2 2 6 201 1660 2040 2793
3496 2 2 6 201 1594 2060 2858
3497 2 2 6 201 1728 2077 2771
3498 2 2 6 201 1576 2134 2405
3499 2 2 6 201 2056 1610 2637
3500 2 2 6 201 511 512 2187
3501 2 2 6 201 1569 2142 3206
3502 2 2 6 201 258 11 2684
3503 2 2 6 201 1859 2114 2875
3504 2 2 6 201 1842 2041 2585
3505 2 2 6 201 2547 2335 3358
3506 2 2 6 201 1544 2075 2507
3507 2 2 6 201 2141 1546 2398
3508 2 2 6 201 1549 2568 2577
3509 2 2 6 201 1702 2425 2649
3510 2 2 6 201 2136 1682 2862
3511 2 2 6 201 2568 1921 2577
3512 2 2 6 201 1867 2706 3011
3513 2 2 6 201 2280 1859 2607
3514 2 2 6 201 1574 2104 2775
3515 2 2 6 201 2136 1575 2402
3516 2 2 6 201 2330 1700 2755
3517 2 2 6 201 1790 2476 2505
3518 2 2 6 201 2044 1702 2773
3519 2 2 6 201 2266 2486 2994
3520 2 2 6 201 1666 2135 3058
3521 2 2 6 201 486 487 2943
3522 2 2 6 201 2143 1574 2338
3523 2 2 6 201 1856 2313 2854
3524 2 2 6 201 1787 2588 2876
3525 2 2 6 201 2037 2820 3166
3526 2 2 6 201 2598 1884 3059
3527 2 2 6 201 2961 2404 3346
3528 2 2 6 201 1680 2147 2419
3529 2 2 6 201 2098 1707 2496
3530 2 2 6 201 1550 2153 3103
3531 2 2 6 201 1869 2076 3197
3532 2 2 6 201 2097 317 2657
3533 2 2 6 201 2115 1676 3060
3534 2 2 6 201 2236 1831 2601
3535 2 2 6 201 1560 2129 2414
3536 2 2 6 201 2177 1573 2421
3537 2 2 6 201 1578 2064 2433
3538 2 2 6 201 389 390 2369
3539 2 2 6 201 354 2192 2477
3540 2 2 6 201 1746 2161 2298
3541 2 2 6 201 1743 2361 2871
3542 2 2 6 201 2866 1634 2904
3543 2 2 6 201 2129 1902 2414
3544 2 2 6 201 1950 2431 2798
3545 2 2 6 201 2179 335 2872
3546 2 2 6 201 2662 2080 3207
3547 2 2 6 201 2234 367 3105
3548 2 2 6 201 2148 1585 3273
3549 2 2 6 201 2205 1721 3260
3550 2 2 6 201 1697 2423 2974
3551 2 2 6 201 2103 1814 3184
3552 2 2 6 201 2170 251 3282
3553 2 2 6 201 1929 2393 3011
3554 2 2 6 201 1651 2058 2911
3555 2 2 6 201 2087 1799 2606
3556 2 2 6 201 1801 2076 3338
3557 2 2 6 201 1743 2100 2538
3558 2 2 6 201 1783 2155 2456
3559 2 2 6 201 3002 2112 3130
3560 2 2 6 201 2018 1723 2524
3561 2 2 6 201 1703 2273 2319
3562 2 2 6 201 245 2157 3024
3563 2 2 6 201 2258 1866 2822
3564 2 2 6 201 314 2567 2659
3565 2 2 6 201 2057 2831 3120
3566 2 2 6 201 2666 2084 3216
3567 2 2 6 201 2018 1555 3185
3568 2 2 6 201 2450 3031 3256
3569 2 2 6 201 1734 2149 2389
3570 2 2 6 201 1861 2147 3077
3571 2 2 6 201 1724 2181 3019
3572 2 2 6 201 1585 2159 3273
3573 2 2 6 201 2091 1759 3165
3574 2 2 6 201 2164 1796 2371
3575 2 2 6 201 1597 2229 2333
3576 2 2 6 201 1720 2177 2421
3577 2 2 6 201 1778 2116 2470
3578 2 2 6 201 1770 2197 2356
3579 2 2 6 201 1862 2097 2657
3580 2 2 6 201 2388 1737 2395
3581 2 2 6 201 1900 2931 3248
3582 2 2 6 201 1688 2222 2888
3583 2 2 6 201 1610 2081 2580
3584 2 2 6 201 2278 1736 2531
3585 2 2 6 201 2125 1607 2735
3586 2 2 6 201 1852 2388 2395
3587 2 2 6 201 1803 2088 2930
3588 2 2 6 201 1579 2059 2723
3589 2 2 6 201 503 2340 3251
3590 2 2 6 201 2979 2240 3146
3591 2 2 6 201 2062 481 2927
3592 2 2 6 201 385 2800 3007
3593 2 2 6 201 1755 2554 2869
3594 2 2 6 201 1718 2580 3320
3595 2 2 6 201 2396 1554 2816
3596 2 2 6 201 1670 2142 3072
3597 2 2 6 201 1788 2281 3005
3598 2 2 6 201 2023 1859 2875
3599 2 2 6 201 2149 1622 2389
3600 2 2 6 201 2229 1760 2333
3601 2 2 6 201 11 259 2684
3602 2 2 6 201 1727 2201 2350
3603 2 2 6 201 2641 1800 2838
3604 2 2 6 201 1748 2287 2299
3605 2 2 6 201 1862 2115 2640
3606 2 2 6 201 487 488 2426
3607 2 2 6 201 2252 373 3164
3608 2 2 6 201 2095 1790 2699
3609 2 2 6 201 2233 361 3025
3610 2 2 6 201 1598 2307 2440
3611 2 2 6 201 2487 1541 3194
3612 2 2 6 201 1540 2119 2579
3613 2 2 6 201 2230 1733 3212
3614 2 2 6 201 2922 1998 3217
3615 2 2 6 201 2059 1744 2723
3616 2 2 6 201 2432 1665 3064
3617 2 2 6 201 3039 2446 3379
3618 2 2 6 201 2185 1624 2420
3619 2 2 6 201 1905 2098 2995
3620 2 2 6 201 1911 2192 3014
3621 2 2 6 201 1838 2335 2547
3622 2 2 6 201 1817 2153 2590
3623 2 2 6 201 487 2426 2943
3624 2 2 6 201 2453 1619 3156
3625 2 2 6 201 2088 446 2930
3626 2 2 6 201 1824 2189 2710
3627 2 2 6 201 2500 1733 2976
3628 2 2 6 201 1746 2090 2665
3629 2 2 6 201 2131 1572 3004
3630 2 2 6 201 2295 1600 2309
3631 2 2 6 201 1580 2308 3044
3632 2 2 6 201 2710 2189 2854
3633 2 2 6 201 1541 2116 2563
3634 2 2 6 201 1603 2079 2731
3635 2 2 6 201 1581 2284 2871
3636 2 2 6 201 1649 2446 3039
3637 2 2 6 201 1879 2529 2596
3638 2 2 6 201 2178 413 2764
3639 2 2 6 201 1751 2117 2522
3640 2 2 6 201 2123 1583 2468
3641 2 2 6 201 1612 2127 2533
3642 2 2 6 201 1745 2293 2414
3643 2 2 6 201 1818 2579 3138
3644 2 2 6 201 2111 1657 2823
3645 2 2 6 201 2243 1893 2418
3646 2 2 6 201 1843 2061 2791
3647 2 2 6 201 1682 2136 2909
3648 2 2 6 201 2818 2049 3327
3649 2 2 6 201 2250 1905 2813
3650 2 2 6 201 2127 2323 3193
3651 2 2 6 201 2100 477 2538
3652 2 2 6 201 1559 2180 2503
3653 2 2 6 201 1858 2183 2380
3654 2 2 6 201 2485 1626 2857
3655 2 2 6 201 2404 1737 3346
3656 2 2 6 201 1668 2560 3043
3657 2 2 6 201 2231 1727 3324
3658 2 2 6 201 1600 2295 2350
3659 2 2 6 201 1911 2216 2389
3660 2 2 6 201 1766 2096 2488
3661 2 2 6 201 2157 1797 3024
3662 2 2 6 201 1545 2171 2863
3663 2 2 6 201 2145 1561 2467
3664 2 2 6 201 251 252 3282
3665 2 2 6 201 274 2112 3002
3666 2 2 6 201 2722 2128 2839
3667 2 2 6 201 2387 1852 2395
3668 2 2 6 201 2286 1606 2371
3669 2 2 6 201 2139 1792 2678
3670 2 2 6 201 1933 2494 2940
3671 2 2 6 201 333 334 2379
3672 2 2 6 201 1787 2103 2588
3673 2 2 6 201 1646 2297 3157
3674 2 2 6 201 2180 1878 2503
3675 2 2 6 201 2236 2601 3250
3676 2 2 6 201 2070 1788 3005
3677 2 2 6 201 2833 1718 3132
3678 2 2 6 201 2997 1580 3044
3679 2 2 6 201 2077 1811 2629
3680 2 2 6 201 2135 2337 3235
3681 2 2 6 201 2135 1938 3058
3682 2 2 6 201 342 343 2896
3683 2 2 6 201 2289 1868 2759
3684 2 2 6 201 2347 1719 3372
3685 2 2 6 201 1724 2251 2663
3686 2 2 6 201 2580 2081 3320
3687 2 2 6 201 1960 2641 2838
3688 2 2 6 201 1972 2396 2816
3689 2 2 6 201 1555 2018 2524
3690 2 2 6 201 1851 2128 2510
3691 2 2 6 201 494 495 2401
3692 2 2 6 201 2108 1706 2868
3693 2 2 6 201 2113 328 2675
3694 2 2 6 201 453 454 2263
3695 2 2 6 201 1786 2060 2603
3696 2 2 6 201 1644 2950 3177
3697 2 2 6 201 2004 2217 3361
3698 2 2 6 201 2092 1767 2654
3699 2 2 6 201 2009 2300 3160
3700 2 2 6 201 1748 2299 3107
3701 2 2 6 201 1602 2277 2409
3702 2 2 6 201 1813 2474 2708
3703 2 2 6 201 2369 1942 2978
3704 2 2 6 201 2251 1870 2663
3705 2 2 6 201 1599 2387 2395
3706 2 2 6 201 2578 2231 3324
3707 2 2 6 201 2295 1825 2350
3708 2 2 6 201 316 2097 2724
3709 2 2 6 201 2457 1547 3140
3710 2 2 6 201 1924 2261 2392
3711 2 2 6 201 2020 2629 3250
3712 2 2 6 201 2800 2045 3007
3713 2 2 6 201 1759 2091 2549
3714 2 2 6 201 2108 1844 2847
3715 2 2 6 201 2060 1786 2858
3716 2 2 6 201 1615 2273 2925
3717 2 2 6 201 2614 2070 3155
3718 2 2 6 201 2165 1618 2755
3719 2 2 6 201 2270 2126 3391
3720 2 2 6 201 1775 2154 3375
3721 2 2 6 201 2283 1571 2806
3722 2 2 6 201 2116 1744 2563
3723 2 2 6 201 2175 1542 2730
3724 2 2 6 201 2200 1870 2803
3725 2 2 6 201 2059 1579 3274
3726 2 2 6 201 2066 1709 2852
3727 2 2 6 201 2146 2347 3372
3728 2 2 6 201 2052 1840 2820
3729 2 2 6 201 2364 1644 3177
3730 2 2 6 201 2152 2115 3060
3731 2 2 6 201 1756 2141 2398
3732 2 2 6 201 481 2062 2869
3733 2 2 6 201 2223 1812 2355
3734 2 2 6 201 2492 420 3084
3735 2 2 6 201 1906 2259 2794
3736 2 2 6 201 2192 1911 2375
3737 2 2 6 201 1824 2223 2355
3738 2 2 6 201 1725 2206 2768
3739 2 2 6 201 2147 2521 3077
3740 2 2 6 201 1919 2512 2864
3741 2 2 6 201 1710 2145 2467
3742 2 2 6 201 1811 2077 2938
3743 2 2 6 201 1767 2092 2655
3744 2 2 6 201 2225 1686 2804
3745 2 2 6 201 1606 2108 2847
3746 2 2 6 201 2726 2111 3166
3747 2 2 6 201 2195 1545 2863
3748 2 2 6 201 2561 1899 2754
3749 2 2 6 201 2110 1931 2752
3750 2 2 6 201 2216 1734 2389
3751 2 2 6 201 2179 1850 2782
3752 2 2 6 201 2251 1724 3019
3753 2 2 6 201 2669 2109 2921
3754 2 2 6 201 1698 2193 2884
3755 2 2 6 201 1983 2950 3319
3756 2 2 6 201 1796 2286 2371
3757 2 2 6 201 2500 2976 3113
3758 2 2 6 201 251 2170 2576
3759 2 2 6 201 484 485 2221
3760 2 2 6 201 2277 1834 2409
3761 2 2 6 201 1732 2302 2628
3762 2 2 6 201 2115 1862 2920
3763 2 2 6 201 2124 1815 2732
3764 2 2 6 201 2336 474 3117
3765 2 2 6 201 2095 1795 3171
3766 2 2 6 201 2072 1847 2512
3767 2 2 6 201 1641 2820 3136
3768 2 2 6 201 458 459 2481
3769 2 2 6 201 2340 503 3163
3770 2 2 6 201 1986 2501 3317
3771 2 2 6 201 2076 1801 2664
3772 2 2 6 201 2104 1761 2552
3773 2 2 6 201 1797 2407 3024
3774 2 2 6 201 1575 2136 2548
3775 2 2 6 201 2123 2432 3064
3776 2 2 6 201 1703 2179 2782
3777 2 2 6 201 1733 2500 2823
3778 2 2 6 201 1565 2258 2822
3779 2 2 6 201 1700 2283 2806
3780 2 2 6 201 2611 2070 3005
3781 2 2 6 201 2048 2865 3332
3782 2 2 6 201 343 2831 2896
3783 2 2 6 201 2160 1691 2958
3784 2 2 6 201 1579 2161 2473
3785 2 2 6 201 2264 1922 2948
3786 2 2 6 201 1805 2068 2908
3787 2 2 6 201 2512 1919 2926
3788 2 2 6 201 1920 2857 3208
3789 2 2 6 201 2131 2833 3132
3790 2 2 6 201 13 510 2753
3791 2 2 6 201 509 13 2753
3792 2 2 6 201 2481 459 3003
3793 2 2 6 201 489 490 2417
3794 2 2 6 201 1801 2176 2664
3795 2 2 6 201 2501 1986 3304
3796 2 2 6 201 2096 1766 2683
3797 2 2 6 201 475 476 2550
3798 2 2 6 201 444 445 2502
3799 2 2 6 201 398 399 2279
3800 2 2 6 201 459 460 2490
3801 2 2 6 201 402 403 2272
3802 2 2 6 201 446 2088 2913
3803 2 2 6 201 1624 2182 2452
3804 2 2 6 201 2142 1946 3072
3805 2 2 6 201 2041 1842 2832
3806 2 2 6 201 2351 1809 2363
3807 2 2 6 201 2105 1596 3051
3808 2 2 6 201 2275 1923 2737
3809 2 2 6 201 1765 2146 3372
3810 2 2 6 201 1799 2087 2899
3811 2 2 6 201 2127 1791 2533
3812 2 2 6 201 2054 2439 3296
3813 2 2 6 201 1673 2104 2552
3814 2 2 6 201 2550 476 2944
3815 2 2 6 201 2212 1914 3025
3816 2 2 6 201 1747 2269 2498
3817 2 2 6 201 2139 1631 2600
3818 2 2 6 201 1596 2287 2360
3819 2 2 6 201 1729 2075 2937
3820 2 2 6 201 1705 2337 2855
3821 2 2 6 201 2245 1685 2543
3822 2 2 6 201 1913 2818 3327
3823 2 2 6 201 2270 1576 2405
3824 2 2 6 201 2206 1725 3392
3825 2 2 6 201 1585 2611 3005
3826 2 2 6 201 2233 1914 2452
3827 2 2 6 201 1637 2474 3268
3828 2 2 6 201 2219 1775 3375
3829 2 2 6 201 1907 2131 3004
3830 2 2 6 201 2233 1738 2509
3831 2 2 6 201 1738 2233 2452
3832 2 2 6 201 457 2163 3159
3833 2 2 6 201 2216 1911 3014
3834 2 2 6 201 1739 2237 2556
3835 2 2 6 201 2710 1645 2918
3836 2 2 6 201 2182 1738 2452
3837 2 2 6 201 2213 422 3326
3838 2 2 6 201 2159 1751 2408
3839 2 2 6 201 1581 2111 2500
3840 2 2 6 201 2246 1739 2556
3841 2 2 6 201 2301 1558 3147
3842 2 2 6 201 1963 2133 3227
3843 2 2 6 201 1583 2123 2476
3844 2 2 6 201 404 405 2302
3845 2 2 6 201 1692 2264 2948
3846 2 2 6 201 1731 2450 3256
3847 2 2 6 201 1572 2118 3062
3848 2 2 6 201 1690 2308 2345
3849 2 2 6 201 1595 2269 2454
3850 2 2 6 201 2228 1939 3105
3851 2 2 6 201 1840 2726 3166
3852 2 2 6 201 449 2198 3276
3853 2 2 6 201 1582 2488 2583
3854 2 2 6 201 351 352 2386
3855 2 2 6 201 1730 2212 2528
3856 2 2 6 201 1745 2231 2575
3857 2 2 6 201 459 2490 3003
3858 2 2 6 201 1730 2185 2420
3859 2 2 6 201 1781 2274 2878
3860 2 2 6 201 1899 2561 2883
3861 2 2 6 201 1734 2216 2530
3862 2 2 6 201 2177 1720 2537
3863 2 2 6 201 500 2049 2818
3864 2 2 6 201 2117 467 2522
3865 2 2 6 201 2244 1961 3164
3866 2 2 6 201 2825 380 3176
3867 2 2 6 201 2698 1822 3040
3868 2 2 6 201 2067 2698 3040
3869 2 2 6 201 2702 2072 3266
3870 2 2 6 201 1964 2821 3251
3871 2 2 6 201 2140 1723 2565
3872 2 2 6 201 2122 1880 2543
3873 2 2 6 201 2211 1562 2609
3874 2 2 6 201 473 474 2336
3875 2 2 6 201 236 237 2259
3876 2 2 6 201 2112 275 2634
3877 2 2 6 201 1962 2372 2984
3878 2 2 6 201 2802 2156 3279
3879 2 2 6 201 1980 2190 3272
3880 2 2 6 201 2297 2064 3157
3881 2 2 6 201 1626 2096 2683
3882 2 2 6 201 1689 2143 3389
3883 2 2 6 201 1979 2635 2945
3884 2 2 6 201 2147 1611 3252
3885 2 2 6 201 1844 2108 2986
3886 2 2 6 201 2132 1862 3082
3887 2 2 6 201 1906 2304 3000
3888 2 2 6 201 1762 2351 2363
3889 2 2 6 201 1792 2139 2600
3890 2 2 6 201 2386 352 3278
3891 2 2 6 201 1954 2332 3045
3892 2 2 6 201 319 2132 3082
3893 2 2 6 201 1895 2124 2980
3894 2 2 6 201 2419 1818 3138
3895 2 2 6 201 2109 1673 2581
3896 2 2 6 201 1940 2336 3117
3897 2 2 6 201 1676 2115 2920
3898 2 2 6 201 2744 2065 3110
3899 2 2 6 201 1846 2314 2498
3900 2 2 6 201 1715 2092 3100
3901 2 2 6 201 2234 1740 2516
3902 2 2 6 201 2883 2561 3241
3903 2 2 6 201 423 424 3326
3904 2 2 6 201 2104 1673 2669
3905 2 2 6 201 2527 2118 3318
3906 2 2 6 201 1603 2351 2949
3907 2 2 6 201 1656 2102 3109
3908 2 2 6 201 1571 2121 2856
3909 2 2 6 201 3268 2474 3350
3910 2 2 6 201 2512 1847 2864
3911 2 2 6 201 2190 469 3272
3912 2 2 6 201 2198 1995 3276
3913 2 2 6 201 2300 1567 3160
3914 2 2 6 201 2293 2048 3332
3915 2 2 6 201 1907 3079 3342
3916 2 2 6 201 1864 2125 2560
3917 2 2 6 201 2433 1920 2778
3918 2 2 6 201 2234 1939 2412
3919 2 2 6 201 1740 2234 2412
3920 2 2 6 201 2110 1802 2495
3921 2 2 6 201 2596 2028 2919
3922 2 2 6 201 2091 1789 2636
3923 2 2 6 201 2273 2782 2925
3924 2 2 6 201 1979 2256 3205
3925 2 2 6 201 2314 1747 2498
3926 2 2 6 201 516 517 2289
3927 2 2 6 201 1738 2182 2551
3928 2 2 6 201 2137 1775 3335
3929 2 2 6 201 2836 324 3172
3930 2 2 6 201 2132 319 2881
3931 2 2 6 201 461 2085 2765
3932 2 2 6 201 2368 1926 2563
3933 2 2 6 201 1607 2125 2916
3934 2 2 6 201 1858 2125 2735
3935 2 2 6 201 1618 2165 2848
3936 2 2 6 201 2226 1753 2984
3937 2 2 6 201 2101 1750 2769
3938 2 2 6 201 2212 363 2528
3939 2 2 6 201 1582 2349 2488
3940 2 2 6 201 2884 1950 3403
3941 2 2 6 201 2580 1718 2729
3942 2 2 6 201 1707 2098 3300
3943 2 2 6 201 2134 1714 3134
3944 2 2 6 201 2191 1548 2613
3945 2 2 6 201 2216 357 2530
3946 2 2 6 201 2183 1562 2967
3947 2 2 6 201 427 428 2317
3948 2 2 6 201 2061 1843 2809
3949 2 2 6 201 2537 2019 3210
3950 2 2 6 201 507 508 2443
3951 2 2 6 201 1879 2596 2919
3952 2 2 6 201 2363 1652 3198
3953 2 2 6 201 1752 2307 2462
3954 2 2 6 201 1765 2359 2503
3955 2 2 6 201 436 2103 3184
3956 2 2 6 201 2126 1780 2627
3957 2 2 6 201 1631 2139 2526
3958 2 2 6 201 1652 3168 3198
3959 2 2 6 201 2155 1783 2612
3960 2 2 6 201 2144 1556 3291
3961 2 2 6 201 2591 1588 2610
3962 2 2 6 201 1642 2602 3081
3963 2 2 6 201 2651 1989 2750
3964 2 2 6 201 2127 3193 3389
3965 2 2 6 201 2171 1764 3307
3966 2 2 6 201 1782 2163 2851
3967 2 2 6 201 1560 2293 3332
3968 2 2 6 201 2372 1578 2984
3969 2 2 6 201 379 2825 2841
3970 2 2 6 201 1779 2031 2987
3971 2 2 6 201 1865 2166 2527
3972 2 2 6 201 2178 1834 2779
3973 2 2 6 201 2125 1864 2916
3974 2 2 6 201 1614 2126 2627
3975 2 2 6 201 396 397 2399
3976 2 2 6 201 2143 1689 3046
3977 2 2 6 201 2176 1801 2716
3978 2 2 6 201 1739 2228 2525
3979 2 2 6 201 2413 1932 2565
3980 2 2 6 201 1556 2144 3330
3981 2 2 6 201 2145 1710 2564
3982 2 2 6 201 2264 2014 2971
3983 2 2 6 201 2228 369 2525
3984 2 2 6 201 1914 2212 2420
3985 2 2 6 201 2162 1682 2882
3986 2 2 6 201 2207 1586 2955
3987 2 2 6 201 2080 1827 3356
3988 2 2 6 201 2121 1863 2856
3989 2 2 6 201 2181 392 3019
3990 2 2 6 201 1971 2221 3228
3991 2 2 6 201 2290 1842 2585
3992 2 2 6 201 2852 1665 2969
3993 2 2 6 201 2263 454 3292
3994 2 2 6 201 1723 2140 2584
3995 2 2 6 201 1795 2095 2621
3996 2 2 6 201 2633 1699 3306
3997 2 2 6 201 1687 2202 2891
3998 2 2 6 201 2101 1582 2583
3999 2 2 6 201 1953 2260 2455
4000 2 2 6 201 1578 2433 2778
4001 2 2 6 201 1772 2266 2444
4002 2 2 6 201 1927 2346 3170
4003 2 2 6 201 2190 1751 2522
4004 2 2 6 201 360 2233 2509
4005 2 2 6 201 1912 2515 2539
4006 2 2 6 201 1679 2527 3318
4007 2 2 6 201 2129 1839 3129
4008 2 2 6 201 1643 2651 2750
4009 2 2 6 201 1939 2234 3105
4010 2 2 6 201 1764 2193 3307
4011 2 2 6 201 1904 2249 3264
4012 2 2 6 201 2252 1749 2511
4013 2 2 6 201 2116 1778 2728
4014 2 2 6 201 366 2234 2516
4015 2 2 6 201 1577 2219 3302
4016 2 2 6 201 1561 2145 3013
4017 2 2 6 201 2776 2072 2970
4018 2 2 6 201 1742 2112 2634
4019 2 2 6 201 2244 375 2523
4020 2 2 6 201 2444 1603 2949
4021 2 2 6 201 1760 2198 2542
4022 2 2 6 201 1571 2268 2545
4023 2 2 6 201 2332 1609 3045
4024 2 2 6 201 2346 2788 3170
4025 2 2 6 201 1745 2414 2853
4026 2 2 6 201 407 2130 2999
4027 2 2 6 201 1591 2237 2465
4028 2 2 6 201 2001 2492 3084
4029 2 2 6 201 2084 1830 3370
4030 2 2 6 201 1705 2645 3235
4031 2 2 6 201 1744 2116 2594
4032 2 2 6 201 1961 2252 3164
4033 2 2 6 201 2417 490 2789
4034 2 2 6 201 1582 2101 2769
4035 2 2 6 201 1668 2205 3260
4036 2 2 6 201 1641 2361 2493
4037 2 2 6 201 2174 496 3033
4038 2 2 6 201 1845 2776 2970
4039 2 2 6 201 2252 1961 2436
4040 2 2 6 201 2150 1776 2617
4041 2 2 6 201 2208 1587 2826
4042 2 2 6 201 2254 1552 2721
4043 2 2 6 201 2565 1561 3013
4044 2 2 6 201 2164 1823 3365
4045 2 2 6 201 2212 1730 2420
4046 2 2 6 201 1732 2322 2647
4047 2 2 6 201 2425 1849 2649
4048 2 2 6 201 1669 2155 2717
4049 2 2 6 201 1880 2122 2896
4050 2 2 6 201 372 2252 2511
4051 2 2 6 201 2139 1784 2526
4052 2 2 6 201 2602 2049 3081
4053 2 2 6 201 2071 2825 3176
4054 2 2 6 201 1546 2141 2709
4055 2 2 6 201 1976 2263 3292
4056 2 2 6 201 1773 2173 2739
4057 2 2 6 201 2515 1763 2539
4058 2 2 6 201 2235 1957 2582
4059 2 2 6 201 1985 2204 3295
4060 2 2 6 201 1747 2244 2523
4061 2 2 6 201 2128 1807 3404
4062 2 2 6 201 2204 1985 3289
4063 2 2 6 201 1784 2139 2553
4064 2 2 6 201 2808 1664 3068
4065 2 2 6 201 2128 1851 2839
4066 2 2 6 201 2246 1627 2520
4067 2 2 6 201 1988 2274 3202
4068 2 2 6 201 2120 1549 2577
4069 2 2 6 201 1566 2547 3358
4070 2 2 6 201 2192 1728 2477
4071 2 2 6 201 1584 2206 2771
4072 2 2 6 201 2364 1752 2462
4073 2 2 6 201 1548 2191 2571
4074 2 2 6 201 2130 1808 2715
4075 2 2 6 201 2454 1754 2458
4076 2 2 6 201 2097 1684 3087
4077 2 2 6 201 1875 2187 2907
4078 2 2 6 201 1674 2773 3114
4079 2 2 6 201 1776 2226 2778
4080 2 2 6 201 1586 2464 2624
4081 2 2 6 201 2228 1739 2520
4082 2 2 6 201 1693 2183 2435
4083 2 2 6 201 1787 2320 2447
4084 2 2 6 201 1622 2149 3099
4085 2 2 6 201 491 492 2665
4086 2 2 6 201 2244 1747 2616
4087 2 2 6 201 2547 1566 2985
4088 2 2 6 201 1914 2233 3025
4089 2 2 6 201 2582 1664 2808
4090 2 2 6 201 1739 2246 2520
4091 2 2 6 201 2633 1589 2645
4092 2 2 6 201 2484 1839 2531
4093 2 2 6 201 2138 2836 3172
4094 2 2 6 201 1753 2150 2943
4095 2 2 6 201 2263 1976 3329
4096 2 2 6 201 2440 1758 2446
4097 2 2 6 201 1931 2541 2752
4098 2 2 6 201 2036 2710 2918
4099 2 2 6 201 2255 1719 3220
4100 2 2 6 201 1796 2164 2697
4101 2 2 6 201 1749 2252 2436
4102 2 2 6 201 1928 2211 2609
4103 2 2 6 201 1592 2155 2612
4104 2 2 6 201 347 2184 2713
4105 2 2 6 201 2193 1764 2604
4106 2 2 6 201 492 493 2321
4107 2 2 6 201 2240 1896 3169
4108 2 2 6 201 486 2150 2617
4109 2 2 6 201 2637 1910 2767
4110 2 2 6 201 422 423 3326
4111 2 2 6 201 2158 261 2701
4112 2 2 6 201 2265 441 2716
4113 2 2 6 201 1549 2120 2644
4114 2 2 6 201 2464 1900 2624
4115 2 2 6 201 1775 2219 3335
4116 2 2 6 201 2262 1656 2597
4117 2 2 6 201 1586 2207 2464
4118 2 2 6 201 1826 2191 2613
4119 2 2 6 201 1760 2229 2429
4120 2 2 6 201 2119 1794 2812
4121 2 2 6 201 2089 1950 2884
4122 2 2 6 201 1871 2440 2446
4123 2 2 6 201 1882 2454 2458
4124 2 2 6 201 1854 2210 2990
4125 2 2 6 201 2184 348 2694
4126 2 2 6 201 2141 1790 2709
4127 2 2 6 201 1735 2391 2589
4128 2 2 6 201 2266 1603 2444
4129 2 2 6 201 2112 1742 3130
4130 2 2 6 201 2548 2136 2862
4131 2 2 6 201 2403 1781 2878
4132 2 2 6 201 2293 1560 2414
4133 2 2 6 201 1863 2121 2700
4134 2 2 6 201 419 420 2492
4135 2 2 6 201 1700 2165 2755
4136 2 2 6 201 2583 2488 3215
4137 2 2 6 201 1648 2151 3128
4138 2 2 6 201 1673 2167 2581
4139 2 2 6 201 1765 2255 2599
4140 2 2 6 201 472 2173 3226
4141 2 2 6 201 2255 1765 3372
4142 2 2 6 201 2160 1780 2991
4143 2 2 6 201 2805 2016 3213
4144 2 2 6 201 1820 2262 2597
4145 2 2 6 201 353 354 2477
4146 2 2 6 201 3079 2120 3342
4147 2 2 6 201 2352 1653 3070
4148 2 2 6 201 2245 1841 2439
4149 2 2 6 201 392 2181 3236
4150 2 2 6 201 2015 2175 3096
4151 2 2 6 201 2322 1839 2484
4152 2 2 6 201 1620 2512 2926
4153 2 2 6 201 1945 2591 2610
4154 2 2 6 201 2016 2766 3213
4155 2 2 6 201 1608 2204 3289
4156 2 2 6 201 1557 2592 3015
4157 2 2 6 201 3039 1994 3346
4158 2 2 6 201 2098 1905 3115
4159 2 2 6 201 2635 1884 2945
4160 2 2 6 201 1761 2172 3111
4161 2 2 6 201 1843 2791 2804
4162 2 2 6 201 2186 1815 2748
4163 2 2 6 201 1869 2254 2721
4164 2 2 6 201 1842 2168 2832
4165 2 2 6 201 1723 2413 2565
4166 2 2 6 201 2306 1785 2442
4167 2 2 6 201 2113 2675 3200
4168 2 2 6 201 2230 1892 2445
4169 2 2 6 201 432 433 2381
4170 2 2 6 201 2174 1677 2933
4171 2 2 6 201 2102 2241 3315
4172 2 2 6 201 2476 2095 3171
4173 2 2 6 201 1655 2954 3129
4174 2 2 6 201 2895 1904 3264
4175 2 2 6 201 1583 2476 3171
4176 2 2 6 201 2349 1582 2900
4177 2 2 6 201 1887 2485 2857
4178 2 2 6 201 2141 1756 2595
4179 2 2 6 201 2056 2152 3060
4180 2 2 6 201 2161 1746 2521
4181 2 2 6 201 1600 2201 3119
4182 2 2 6 201 1696 2113 3200
4183 2 2 6 201 2009 2582 2808
4184 2 2 6 201 2158 1877 2901
4185 2 2 6 201 2165 1883 2848
4186 2 2 6 201 2167 1673 3151
4187 2 2 6 201 2012 2757 2860
4188 2 2 6 201 1904 2331 3030
4189 2 2 6 201 1695 2312 3253
4190 2 2 6 201 2173 1795 3226
4191 2 2 6 201 1742 2256 2448
4192 2 2 6 201 1797 2345 2431
4193 2 2 6 201 1759 2227 3165
4194 2 2 6 201 1928 2609 2735
4195 2 2 6 201 1558 2306 2442
4196 2 2 6 201 2198 450 2542
4197 2 2 6 201 2227 1759 2877
4198 2 2 6 201 2800 386 2961
4199 2 2 6 201 1810 2149 2623
4200 2 2 6 201 1796 2317 2918
4201 2 2 6 201 2221 1776 2540
4202 2 2 6 201 2163 1800 3159
4203 2 2 6 201 1776 2221 2617
4204 2 2 6 201 2219 2557 3302
4205 2 2 6 201 2307 1598 2462
4206 2 2 6 201 1836 2296 3015
4207 2 2 6 201 2927 1766 3131
4208 2 2 6 201 2197 1770 2501
4209 2 2 6 201 393 2251 3019
4210 2 2 6 201 2164 426 2697
4211 2 2 6 201 2155 1592 2574
4212 2 2 6 201 1732 2628 3245
4213 2 2 6 201 2271 1773 2886
4214 2 2 6 201 1846 2498 2625
4215 2 2 6 201 2386 2025 3052
4216 2 2 6 201 1985 2326 2391
4217 2 2 6 201 2191 1806 2571
4218 2 2 6 201 2717 2613 3247
4219 2 2 6 201 1862 2132 2920
4220 2 2 6 201 1747 2314 2616
4221 2 2 6 201 2193 1698 3307
4222 2 2 6 201 2168 1663 2832
4223 2 2 6 201 1780 2160 2934
4224 2 2 6 201 504 505 2346
4225 2 2 6 201 2238 1551 2696
4226 2 2 6 201 2083 2985 3070
4227 2 2 6 201 1826 2613 2717
4228 2 2 6 201 2346 1927 3163
4229 2 2 6 201 1868 2243 2946
4230 2 2 6 201 479 480 2554
4231 2 2 6 201 2273 1615 2743
4232 2 2 6 201 468 2190 2522
4233 2 2 6 201 1789 2366 3102
4234 2 2 6 201 2083 2547 2985
4235 2 2 6 201 2345 1580 2431
4236 2 2 6 201 2470 1956 2566
4237 2 2 6 201 2440 2307 3158
4238 2 2 6 201 2795 2041 2832
4239 2 2 6 201 2320 1605 2447
4240 2 2 6 201 1823 2371 2893
4241 2 2 6 201 1591 2465 2620
4242 2 2 6 201 2133 1828 3029
4243 2 2 6 201 431 2223 3122
4244 2 2 6 201 2352 3070 3214
4245 2 2 6 201 2376 1965 2438
4246 2 2 6 201 2166 1865 2924
4247 2 2 6 201 2149 1734 2826
4248 2 2 6 201 2398 2074 2796
4249 2 2 6 201 2317 428 3395
4250 2 2 6 201 1562 2211 3008
4251 2 2 6 201 1856 2189 2680
4252 2 2 6 201 276 2256 2634
4253 2 2 6 201 2381 433 3161
4254 2 2 6 201 1632 2561 2754
4255 2 2 6 201 496 2174 2811
4256 2 2 6 201 2308 1580 2345
4257 2 2 6 201 2202 1553 2587
4258 2 2 6 201 1800 2316 2838
4259 2 2 6 201 1939 2228 2520
4260 2 2 6 201 2149 1810 3099
4261 2 2 6 201 2227 1702 2903
4262 2 2 6 201 1943 2332 2467
4263 2 2 6 201 2167 1792 2581
4264 2 2 6 201 413 414 2764
4265 2 2 6 201 422 2213 2570
4266 2 2 6 201 2151 1823 2893
4267 2 2 6 201 2465 1888 2620
4268 2 2 6 201 2875 2114 3201
4269 2 2 6 201 2518 1978 3056
4270 2 2 6 201 2266 1772 2486
4271 2 2 6 201 2221 2540 3228
4272 2 2 6 201 2055 2386 3278
4273 2 2 6 201 2187 512 2907
4274 2 2 6 201 2483 1767 2989
4275 2 2 6 201 1965 2633 2645
4276 2 2 6 201 513 514 2529
4277 2 2 6 201 2189 1604 2680
4278 2 2 6 201 1612 2428 3343
4279 2 2 6 201 2151 1648 2757
4280 2 2 6 201 2675 1857 3200
4281 2 2 6 201 2326 1570 2391
4282 2 2 6 201 2140 2565 3013
4283 2 2 6 201 2146 1765 2843
4284 2 2 6 201 2541 1629 2752
4285 2 2 6 201 2268 1820 2545
4286 2 2 6 201 2181 2369 3271
4287 2 2 6 201 2757 1648 2860
4288 2 2 6 201 2526 2263 3329
4289 2 2 6 201 2131 1907 3022
4290 2 2 6 201 2873 1935 3156
4291 2 2 6 201 1872 2273 2743
4292 2 2 6 201 1547 2227 2903
4293 2 2 6 201 2136 1726 2909
4294 2 2 6 201 1556 2248 3291
4295 2 2 6 201 2315 415 2748
4296 2 2 6 201 1544 2376 2438
4297 2 2 6 201 2160 1552 3221
4298 2 2 6 201 1602 2146 2917
4299 2 2 6 201 2825 1983 2841
4300 2 2 6 201 1773 2336 2453
4301 2 2 6 201 1795 2271 3171
4302 2 2 6 201 1756 2796 3273
4303 2 2 6 201 1694 2430 3238
4304 2 2 6 201 1570 2152 2660
4305 2 2 6 201 2287 1596 2632
4306 2 2 6 201 1881 2158 2701
4307 2 2 6 201 2738 2063 3348
4308 2 2 6 201 2678 2167 3183
4309 2 2 6 201 1717 2357 2685
4310 2 2 6 201 1585 2148 3038
4311 2 2 6 201 1677 2174 3152
4312 2 2 6 201 1625 2461 2654
4313 2 2 6 201 2303 1974 2631
4314 2 2 6 201 1785 2257 2620
4315 2 2 6 201 1823 2151 2757
4316 2 2 6 201 2298 1579 2786
4317 2 2 6 201 1797 2157 3353
4318 2 2 6 201 2325 1685 3055
4319 2 2 6 201 2170 1828 2576
4320 2 2 6 201 1791 2338 2775
4321 2 2 6 201 1829 2185 2608
4322 2 2 6 201 2221 1971 3233
4323 2 2 6 201 1624 2185 2711
4324 2 2 6 201 2316 1782 3148
4325 2 2 6 201 1987 3028 3245
4326 2 2 6 201 2213 1772 2570
4327 2 2 6 201 2269 1595 2498
4328 2 2 6 201 2036 2317 3395
4329 2 2 6 201 2182 1624 2712
4330 2 2 6 201 1696 2166 2924
4331 2 2 6 201 2315 1834 2764
4332 2 2 6 201 2274 1781 2742
4333 2 2 6 201 3004 2480 3079
4334 2 2 6 201 2284 1581 2539
4335 2 2 6 201 2698 2067 2990
4336 2 2 6 201 1905 2250 3115
4337 2 2 6 201 1877 2158 2905
4338 2 2 6 201 1594 2197 2787
4339 2 2 6 201 2336 1940 2453
4340 2 2 6 201 1587 2208 2551
4341 2 2 6 201 1896 2889 3169
4342 2 2 6 201 2820 1840 3166
4343 2 2 6 201 398 2279 2906
4344 2 2 6 201 2257 1712 3121
4345 2 2 6 201 2187 1875 2772
4346 2 2 6 201 1848 2238 2696
4347 2 2 6 201 1873 2225 2572
4348 2 2 6 201 2221 485 2617
4349 2 2 6 201 1595 2454 2599
4350 2 2 6 201 1897 2174 2933
4351 2 2 6 201 504 2346 3163
4352 2 2 6 201 426 2164 3365
4353 2 2 6 201 1775 2137 3213
4354 2 2 6 201 2275 2737 3086
4355 2 2 6 201 2595 1628 2699
4356 2 2 6 201 1784 2263 2526
4357 2 2 6 201 1557 2469 2592
4358 2 2 6 201 269 270 2373
4359 2 2 6 201 1551 2162 2696
4360 2 2 6 201 2210 1854 3314
4361 2 2 6 201 2175 1681 3137
4362 2 2 6 201 2114 1573 2977
4363 2 2 6 201 2124 2732 2980
4364 2 2 6 201 1720 2280 2460
4365 2 2 6 201 1552 2160 2721
4366 2 2 6 201 2031 2883 2987
4367 2 2 6 201 2392 2261 3206
4368 2 2 6 201 2261 1569 3206
4369 2 2 6 201 2625 2255 3220
4370 2 2 6 201 2094 2380 3299
4371 2 2 6 201 2480 1768 3079
4372 2 2 6 201 331 2196 2845
4373 2 2 6 201 1923 2342 2962
4374 2 2 6 201 456 457 3159
4375 2 2 6 201 2276 1556 3330
4376 2 2 6 201 2454 1882 2599
4377 2 2 6 201 3232 2623 3369
4378 2 2 6 201 2031 2434 2883
4379 2 2 6 201 2190 1980 2725
4380 2 2 6 201 2272 403 2902
4381 2 2 6 201 1785 3094 3124
4382 2 2 6 201 2183 1693 3299
4383 2 2 6 201 2609 1858 2735
4384 2 2 6 201 1995 2198 2784
4385 2 2 6 201 1821 2182 2712
4386 2 2 6 201 1870 2423 2663
4387 2 2 6 201 1688 2184 3303
4388 2 2 6 201 2320 1787 2474
4389 2 2 6 201 2601 2020 3250
4390 2 2 6 201 1691 2160 2991
4391 2 2 6 201 2796 2148 3273
4392 2 2 6 201 1781 2290 2742
4393 2 2 6 201 1703 2319 2781
4394 2 2 6 201 2231 1598 2575
4395 2 2 6 201 2314 1634 2616
4396 2 2 6 201 1736 2334 2484
4397 2 2 6 201 2215 1617 2653
4398 2 2 6 201 507 2443 3288
4399 2 2 6 201 2182 1821 2914
4400 2 2 6 201 1975 2381 3161
4401 2 2 6 201 2203 1648 3128
4402 2 2 6 201 2285 1636 2777
4403 2 2 6 201 2263 1784 2569
4404 2 2 6 201 1560 2278 2531
4405 2 2 6 201 1663 2518 3056
4406 2 2 6 201 1598 2231 2578
4407 2 2 6 201 1957 2235 3381
4408 2 2 6 201 413 2178 3018
4409 2 2 6 201 1815 2186 2732
4410 2 2 6 201 1893 2243 3041
4411 2 2 6 201 1834 2178 2764
4412 2 2 6 201 1810 2623 3232
4413 2 2 6 201 2185 1829 2711
4414 2 2 6 201 1584 2328 2899
4415 2 2 6 201 2989 2422 3199
4416 2 2 6 201 2225 1563 2572
4417 2 2 6 201 1792 2167 2678
4418 2 2 6 201 2276 1829 2670
4419 2 2 6 201 1597 2678 3183
4420 2 2 6 201 377 378 2390
4421 2 2 6 201 1633 2471 3066
4422 2 2 6 201 2229 1597 2693
4423 2 2 6 201 1619 2445 2873
4424 2 2 6 201 2681 1984 3137
4425 2 2 6 201 2332 1954 3242
4426 2 2 6 201 1598 2440 2575
4427 2 2 6 201 1597 2333 2553
4428 2 2 6 201 2342 1566 2962
4429 2 2 6 201 262 263 2394
4430 2 2 6 201 2529 1879 2661
4431 2 2 6 201 2406 1575 2908
4432 2 2 6 201 1798 2253 2624
4433 2 2 6 201 1663 2168 3362
4434 2 2 6 201 1717 2297 3012
4435 2 2 6 201 3030 2331 3333
4436 2 2 6 201 1855 2364 2462
4437 2 2 6 201 1810 2188 3099
4438 2 2 6 201 2237 1591 2556
4439 2 2 6 201 1832 2140 3013
4440 2 2 6 201 2322 1601 2647
4441 2 2 6 201 2279 1889 2906
4442 2 2 6 201 2257 1785 3124
4443 2 2 6 201 2043 2569 3234
4444 2 2 6 201 2180 1825 2968
4445 2 2 6 201 3246 2536 3279
4446 2 2 6 201 2471 1633 3402
4447 2 2 6 201 2143 2338 3389
4448 2 2 6 201 2188 1811 2938
4449 2 2 6 201 2119 2812 3138
4450 2 2 6 201 2357 1887 2685
4451 2 2 6 201 1886 2272 2902
4452 2 2 6 201 2440 1871 2575
4453 2 2 6 201 516 2289 2759
4454 2 2 6 201 2245 1614 2704
4455 2 2 6 201 1610 2214 2959
4456 2 2 6 201 2066 2852 2969
4457 2 2 6 201 2172 1793 3162
4458 2 2 6 201 2719 1632 2905
4459 2 2 6 201 1922 2325 3055
4460 2 2 6 201 2305 1727 3364
4461 2 2 6 201 2648 1827 2738
4462 2 2 6 201 2401 1897 2618
4463 2 2 6 201 2145 1832 3013
4464 2 2 6 201 2414 1902 2853
4465 2 2 6 201 2454 2269 3174
4466 2 2 6 201 2884 2193 3225
4467 2 2 6 201 2166 1696 2827
4468 2 2 6 201 2448 1647 2700
4469 2 2 6 201 273 2330 2953
4470 2 2 6 201 2311 1553 3139
4471 2 2 6 201 2256 1742 2634
4472 2 2 6 201 1683 2232 3067
4473 2 2 6 201 1819 2215 2653
4474 2 2 6 201 1613 2698 2990
4475 2 2 6 201 2535 1824 2710
4476 2 2 6 201 1812 2223 2819
4477 2 2 6 201 1682 2162 2862
4478 2 2 6 201 2173 472 2739
4479 2 2 6 201 2985 1898 3070
4480 2 2 6 201 2563 1926 3194
4481 2 2 6 201 1645 2710 2854
4482 2 2 6 201 2039 2376 3212
4483 2 2 6 201 387 388 2404
4484 2 2 6 201 1636 2285 2941
4485 2 2 6 201 1808 2339 2715
4486 2 2 6 201 1544 2230 3212
4487 2 2 6 201 1562 2241 2967
4488 2 2 6 201 2243 1629 3041
4489 2 2 6 201 1901 2805 3378
4490 2 2 6 201 2267 1610 2959
4491 2 2 6 201 2185 1730 2955
4492 2 2 6 201 410 411 2450
4493 2 2 6 201 2505 2053 2709
4494 2 2 6 201 335 336 2872
4495 2 2 6 201 2373 1837 2687
4496 2 2 6 201 511 2187 2963
4497 2 2 6 201 2137 2805 3213
4498 2 2 6 201 1659 2537 3210
4499 2 2 6 201 2541 1716 3279
4500 2 2 6 201 1797 2431 2745
4501 2 2 6 201 363 364 2528
4502 2 2 6 201 2676 2105 3051
4503 2 2 6 201 2209 1807 2722
4504 2 2 6 201 381 382 2410
4505 2 2 6 201 243 244 2407
4506 2 2 6 201 369 370 2525
4507 2 2 6 201 357 358 2530
4508 2 2 6 201 375 376 2523
4509 2 2 6 201 2805 2137 3378
4510 2 2 6 201 2658 1830 2744
4511 2 2 6 201 2255 1595 2599
4512 2 2 6 201 383 384 2416
4513 2 2 6 201 2430 1694 3375
4514 2 2 6 201 2250 1657 3115
4515 2 2 6 201 1555 2303 2631
4516 2 2 6 201 441 442 2716
4517 2 2 6 201 1811 2188 2720
4518 2 2 6 201 2157 1690 3353
4519 2 2 6 201 2226 1578 2778
4520 2 2 6 201 2036 2535 2710
4521 2 2 6 201 1998 2745 3217
4522 2 2 6 201 2384 1801 3338
4523 2 2 6 201 359 360 2509
4524 2 2 6 201 1961 2244 2616
4525 2 2 6 201 365 366 2516
4526 2 2 6 201 1593 2510 3404
4527 2 2 6 201 2302 405 2628
4528 2 2 6 201 371 372 2511
4529 2 2 6 201 1578 2226 2984
4530 2 2 6 201 1706 2276 2670
4531 2 2 6 201 2923 1891 2928
4532 2 2 6 201 2247 1779 2987
4533 2 2 6 201 2434 2031 3323
4534 2 2 6 201 1637 2722 2839
4535 2 2 6 201 436 437 2588
4536 2 2 6 201 2601 1831 3261
4537 2 2 6 201 2518 1864 3244
4538 2 2 6 201 2204 1684 3295
4539 2 2 6 201 2721 2160 2958
4540 2 2 6 201 2011 2783 3198
4541 2 2 6 201 2253 1586 2624
4542 2 2 6 201 1841 2245 2704
4543 2 2 6 201 2559 1796 2918
4544 2 2 6 201 2828 1935 2873
4545 2 2 6 201 2125 1858 3043
4546 2 2 6 201 255 256 2434
4547 2 2 6 201 2224 2334 3020
4548 2 2 6 201 1586 2608 2955
4549 2 2 6 201 1764 2171 3254
4550 2 2 6 201 1658 2875 3201
4551 2 2 6 201 1635 2643 2844
4552 2 2 6 201 1807 2209 2705
4553 2 2 6 201 1838 2177 2929
4554 2 2 6 201 1950 2798 3403
4555 2 2 6 201 2332 1710 2467
4556 2 2 6 201 1559 2305 2546
4557 2 2 6 201 2330 273 3002
4558 2 2 6 201 1958 2204 2993
4559 2 2 6 201 1829 2608 3281
4560 2 2 6 201 1781 2403 2688
4561 2 2 6 201 2196 1890 3046
4562 2 2 6 201 1844 2975 3128
4563 2 2 6 201 2257 1591 2620
4564 2 2 6 201 1850 2179 2872
4565 2 2 6 201 10 249 2441
4566 2 2 6 201 288 2240 3169
4567 2 2 6 201 1595 2255 2625
4568 2 2 6 201 484 2221 3233
4569 2 2 6 201 1742 2283 3130
4570 2 2 6 201 2468 1583 2886
4571 2 2 6 201 2232 1908 3067
4572 2 2 6 201 2376 1544 3212
4573 2 2 6 201 1676 3298 3345
4574 2 2 6 201 2359 1559 2503
4575 2 2 6 201 1714 2382 2973
4576 2 2 6 201 1875 2529 2661
4577 2 2 6 201 2336 1773 2739
4578 2 2 6 201 2292 1788 2614
4579 2 2 6 201 2286 1796 2559
4580 2 2 6 201 455 456 2573
4581 2 2 6 201 2445 1892 2873
4582 2 2 6 201 1982 2400 2451
4583 2 2 6 201 1557 2656 2975
4584 2 2 6 201 1609 2154 3045
4585 2 2 6 201 2592 2006 3015
4586 2 2 6 201 2726 2017 2867
4587 2 2 6 201 2604 1564 3225
4588 2 2 6 201 492 2321 2665
4589 2 2 6 201 2629 1811 3250
4590 2 2 6 201 2189 1856 2854
4591 2 2 6 201 1638 2299 3048
4592 2 2 6 201 2370 1704 2915
4593 2 2 6 201 1935 2468 2886
4594 2 2 6 201 2171 1545 3265
4595 2 2 6 201 2975 2203 3128
4596 2 2 6 201 2310 286 2889
4597 2 2 6 201 2232 345 2951
4598 2 2 6 201 1694 2557 3375
4599 2 2 6 201 401 3150 3230
4600 2 2 6 201 1793 2229 2693
4601 2 2 6 201 2240 288 2982
4602 2 2 6 201 1843 2297 2809
4603 2 2 6 201 1767 2393 2654
4604 2 2 6 201 1601 2367 2647
4605 2 2 6 201 2031 2519 3323
4606 2 2 6 201 2186 417 3034
4607 2 2 6 201 418 2783 3034
4608 2 2 6 201 2462 1598 2578
4609 2 2 6 201 1768 2644 3079
4610 2 2 6 201 1732 2647 3249
4611 2 2 6 201 245 246 2650
4612 2 2 6 201 3172 1865 3340
4613 2 2 6 201 1591 2257 2642
4614 2 2 6 201 1814 2626 3184
4615 2 2 6 201 1806 2341 2793
4616 2 2 6 201 1689 2196 3046
4617 2 2 6 201 2176 443 2996
4618 2 2 6 201 1765 2503 2843
4619 2 2 6 201 1994 2800 2961
4620 2 2 6 201 2163 457 2851
4621 2 2 6 201 429 430 2535
4622 2 2 6 201 2241 1562 3008
4623 2 2 6 201 1706 2253 2868
4624 2 2 6 201 1726 2199 2935
4625 2 2 6 201 2210 1613 2990
4626 2 2 6 201 1857 2675 2861
4627 2 2 6 201 453 2263 2569
4628 2 2 6 201 2235 1711 3381
4629 2 2 6 201 392 393 3019
4630 2 2 6 201 2365 1909 2638
4631 2 2 6 201 2224 1889 2673
4632 2 2 6 201 2408 1628 2595
4633 2 2 6 201 2670 1829 3281
4634 2 2 6 201 1831 3180 3287
4635 2 2 6 201 1986 2292 3304
4636 2 2 6 201 2400 1543 2451
4637 2 2 6 201 230 231 2495
4638 2 2 6 201 1831 2672 3261
4639 2 2 6 201 1837 2365 2638
4640 2 2 6 201 2317 1796 2697
4641 2 2 6 201 2206 1728 2771
4642 2 2 6 201 1803 2676 3051
4643 2 2 6 201 2292 465 2677
4644 2 2 6 201 2489 1766 2927
4645 2 2 6 201 330 2845 2861
4646 2 2 6 201 2301 1719 3118
4647 2 2 6 201 3154 400 3230
4648 2 2 6 201 2030 2574 3148
4649 2 2 6 201 1744 2368 2563
4650 2 2 6 201 2000 3089 3256
4651 2 2 6 201 2812 1680 3138
4652 2 2 6 201 1777 2287 2632
4653 2 2 6 201 2223 1824 3122
4654 2 2 6 201 1806 2191 2760
4655 2 2 6 201 1605 2218 2672
4656 2 2 6 201 2591 1709 3386
4657 2 2 6 201 415 416 2748
4658 2 2 6 201 2745 1639 3217
4659 2 2 6 201 2337 1568 2942
4660 2 2 6 201 2774 1659 3210
4661 2 2 6 201 2629 1584 2771
4662 2 2 6 201 2218 1687 3261
4663 2 2 6 201 1870 2251 2803
4664 2 2 6 201 1745 2575 3371
4665 2 2 6 201 2963 2187 3309
4666 2 2 6 201 1793 2238 2643
4667 2 2 6 201 2672 1831 3287
4668 2 2 6 201 2654 2461 3100
4669 2 2 6 201 2509 1738 3186
4670 2 2 6 201 2435 2183 2967
4671 2 2 6 201 2005 2416 3158
4672 2 2 6 201 1649 2865 2983
4673 2 2 6 201 279 280 2466
4674 2 2 6 201 1657 2726 2867
4675 2 2 6 201 1682 2909 3361
4676 2 2 6 201 2166 1572 3062
4677 2 2 6 201 1671 2744 3110
4678 2 2 6 201 326 2242 2707
4679 2 2 6 201 1812 2381 2562
4680 2 2 6 201 2510 2128 3404
4681 2 2 6 201 2251 394 2803
4682 2 2 6 201 290 291 2479
4683 2 2 6 201 1663 2795 2832
4684 2 2 6 201 2456 1907 3342
4685 2 2 6 201 2463 1781 2688
4686 2 2 6 201 298 299 2482
4687 2 2 6 201 2941 1903 3078
4688 2 2 6 201 1816 2294 2674
4689 2 2 6 201 2188 1810 2797
4690 2 2 6 201 1927 2340 3163
4691 2 2 6 201 1647 2324 2700
4692 2 2 6 201 1959 2648 2738
4693 2 2 6 201 257 2383 3063
4694 2 2 6 201 2106 2270 3391
4695 2 2 6 201 2381 1975 2562
4696 2 2 6 201 1876 2963 3309
4697 2 2 6 201 3031 2000 3256
4698 2 2 6 201 2338 1574 2775
4699 2 2 6 201 2140 1832 2981
4700 2 2 6 201 1610 2580 2637
4701 2 2 6 201 2223 431 2819
4702 2 2 6 201 2380 2183 3299
4703 2 2 6 201 1779 2247 3302
4704 2 2 6 201 2940 309 3264
4705 2 2 6 201 2206 1584 2768
4706 2 2 6 201 2356 1594 2858
4707 2 2 6 201 1864 2807 3244
4708 2 2 6 201 2201 1745 2853
4709 2 2 6 201 1811 2720 3250
4710 2 2 6 201 2516 1740 3211
4711 2 2 6 201 2200 1697 2974
4712 2 2 6 201 1856 2680 2770
4713 2 2 6 201 2457 1735 2589
4714 2 2 6 201 1861 2321 2834
4715 2 2 6 201 267 2274 2742
4716 2 2 6 201 2253 1706 2670
4717 2 2 6 201 1788 2292 2677
4718 2 2 6 201 2260 1953 3386
4719 2 2 6 201 2589 2391 3054
4720 2 2 6 201 1870 2200 2974
4721 2 2 6 201 2494 1774 2513
4722 2 2 6 201 2024 2209 3268
4723 2 2 6 201 2259 1906 3000
4724 2 2 6 201 2688 1928 2735
4725 2 2 6 201 1855 2462 2578
4726 2 2 6 201 2191 1826 2792
4727 2 2 6 201 2215 1688 2923
4728 2 2 6 201 1587 2623 2826
4729 2 2 6 201 1909 2365 3240
4730 2 2 6 201 2297 1646 2809
4731 2 2 6 201 2156 2541 3279
4732 2 2 6 201 2202 2587 2891
4733 2 2 6 201 1988 2373 2687
4734 2 2 6 201 2644 2120 3079
4735 2 2 6 201 1709 2591 3297
4736 2 2 6 201 1616 2415 2919
4737 2 2 6 201 345 2232 3120
4738 2 2 6 201 2416 1758 3158
4739 2 2 6 201 430 431 3122
4740 2 2 6 201 2465 2237 3192
4741 2 2 6 201 1648 2203 2994
4742 2 2 6 201 1837 2373 3049
4743 2 2 6 201 2507 1729 2828
4744 2 2 6 201 2203 1835 2994
4745 2 2 6 201 1614 2627 2704
4746 2 2 6 201 2296 1712 3126
4747 2 2 6 201 1970 2658 2744
4748 2 2 6 201 1554 2236 2720
4749 2 2 6 201 239 240 2776
4750 2 2 6 201 2219 1577 3335
4751 2 2 6 201 2532 1945 2619
4752 2 2 6 201 2268 1571 2856
4753 2 2 6 201 1929 2443 2695
4754 2 2 6 201 2348 1558 2874
4755 2 2 6 201 2260 1568 3188
4756 2 2 6 201 2577 1921 2837
4757 2 2 6 201 1695 2294 2727
4758 2 2 6 201 2241 1903 2967
4759 2 2 6 201 2419 2147 3252
4760 2 2 6 201 2517 1612 2533
4761 2 2 6 201 405 406 2628
4762 2 2 6 201 1883 2165 3143
4763 2 2 6 201 471 472 3226
4764 2 2 6 201 502 503 3251
4765 2 2 6 201 2248 1556 2964
4766 2 2 6 201 2326 1684 2640
4767 2 2 6 201 1592 2612 2838
4768 2 2 6 201 1976 2641 3329
4769 2 2 6 201 1801 2265 2716
4770 2 2 6 201 338 2264 2971
4771 2 2 6 201 482 483 2489
4772 2 2 6 201 253 254 2519
4773 2 2 6 201 3193 1689 3389
4774 2 2 6 201 1556 2276 2668
4775 2 2 6 201 2342 1708 2880
4776 2 2 6 201 2501 1630 2636
4777 2 2 6 201 1901 2514 2805
4778 2 2 6 201 2184 1688 3057
4779 2 2 6 201 1887 2411 2485
4780 2 2 6 201 2302 1886 2902
4781 2 2 6 201 2411 1741 2485
4782 2 2 6 201 470 471 2544
4783 2 2 6 201 1722 2367 2673
4784 2 2 6 201 2290 266 2742
4785 2 2 6 201 1921 2568 2600
4786 2 2 6 201 1903 2682 3078
4787 2 2 6 201 2294 1604 2674
4788 2 2 6 201 2568 1792 2600
4789 2 2 6 201 2437 1651 2911
4790 2 2 6 201 1733 2230 2976
4791 2 2 6 201 2720 2236 3250
4792 2 2 6 201 404 2302 2902
4793 2 2 6 201 2351 1603 2731
4794 2 2 6 201 2265 1807 2705
4795 2 2 6 201 1893 2156 2802
4796 2 2 6 201 1557 2296 2656
4797 2 2 6 201 1650 2892 2968
4798 2 2 6 201 2468 1935 2828
4799 2 2 6 201 255 2434 3323
4800 2 2 6 201 477 478 2538
4801 2 2 6 201 1895 2348 2874
4802 2 2 6 201 1719 2255 3372
4803 2 2 6 201 2612 1960 2838
4804 2 2 6 201 1702 2227 2877
4805 2 2 6 201 243 2407 2922
4806 2 2 6 201 2025 2478 2928
4807 2 2 6 201 2242 1865 2707
4808 2 2 6 201 447 448 2555
4809 2 2 6 201 2481 1782 2851
4810 2 2 6 201 1898 2342 2880
4811 2 2 6 201 2511 1749 3192
4812 2 2 6 201 1805 2862 3091
4813 2 2 6 201 336 2749 2872
4814 2 2 6 201 2732 1652 2980
4815 2 2 6 201 2546 2305 3364
4816 2 2 6 201 1604 2355 3032
4817 2 2 6 201 2288 1816 2816
4818 2 2 6 201 2264 338 3182
4819 2 2 6 201 2273 1703 2782
4820 2 2 6 201 2313 1556 2668
4821 2 2 6 201 2887 1977 2979
4822 2 2 6 201 1910 2580 2729
4823 2 2 6 201 236 2259 3000
4824 2 2 6 201 2193 2604 3225
4825 2 2 6 201 1545 2655 2998
4826 2 2 6 201 2214 2056 3345
4827 2 2 6 201 315 316 2724
4828 2 2 6 201 3150 2169 3230
4829 2 2 6 201 1899 2383 2754
4830 2 2 6 201 1756 2398 2796
4831 2 2 6 201 2569 1784 3234
4832 2 2 6 201 1738 2551 3186
4833 2 2 6 201 256 257 3063
4834 2 2 6 201 1839 2354 3129
4835 2 2 6 201 2174 1897 2811
4836 2 2 6 201 2441 249 2846
4837 2 2 6 201 272 273 2953
4838 2 2 6 201 1823 2622 3365
4839 2 2 6 201 2003 2390 3174
4840 2 2 6 201 2536 1620 2926
4841 2 2 6 201 1926 2368 3078
4842 2 2 6 201 234 2304 2615
4843 2 2 6 201 1675 2247 2987
4844 2 2 6 201 1607 2688 2735
4845 2 2 6 201 2209 2024 2947
4846 2 2 6 201 1563 2225 2791
4847 2 2 6 201 275 276 2634
4848 2 2 6 201 446 447 2930
4849 2 2 6 201 2288 1554 2797
4850 2 2 6 201 2679 350 3052
4851 2 2 6 201 2406 1692 2948
4852 2 2 6 201 2574 1592 3148
4853 2 2 6 201 1822 2308 3040
4854 2 2 6 201 1851 2510 3006
4855 2 2 6 201 2154 2430 3375
4856 2 2 6 201 2498 1595 2625
4857 2 2 6 201 2886 1773 3156
4858 2 2 6 201 2557 2219 3375
4859 2 2 6 201 2556 1591 2642
4860 2 2 6 201 2386 2055 3392
4861 2 2 6 201 2211 1928 3190
4862 2 2 6 201 2708 1637 2839
4863 2 2 6 201 2153 1677 3017
4864 2 2 6 201 2729 2042 3153
4865 2 2 6 201 2237 1997 3192
4866 2 2 6 201 2047 2459 2691
4867 2 2 6 201 2783 2011 3034
4868 2 2 6 201 2261 1924 3306
4869 2 2 6 201 1829 2276 3330
4870 2 2 6 201 2485 1741 3215
4871 2 2 6 201 517 518 2817
4872 2 2 6 201 1697 2224 3020
4873 2 2 6 201 1684 2326 3295
4874 2 2 6 201 2358 1614 3047
4875 2 2 6 201 1890 2781 3046
4876 2 2 6 201 2248 1695 3253
4877 2 2 6 201 2225 1873 3016
4878 2 2 6 201 1609 2332 3167
4879 2 2 6 201 1586 2253 3281
4880 2 2 6 201 1714 2311 2667
4881 2 2 6 201 2734 1952 3348
4882 2 2 6 201 2154 1775 3219
4883 2 2 6 201 1832 2145 3112
4884 2 2 6 201 2350 1825 3364
4885 2 2 6 201 1754 2454 3174
4886 2 2 6 201 2169 3154 3230
4887 2 2 6 201 2627 1916 2704
4888 2 2 6 201 1883 2545 2597
4889 2 2 6 201 1807 2384 3404
4890 2 2 6 201 2017 2400 3300
4891 2 2 6 201 1695 2248 2770
4892 2 2 6 201 1596 2360 3051
4893 2 2 6 201 2246 1836 2810
4894 2 2 6 201 516 2759 3387
4895 2 2 6 201 2600 1631 2960
4896 2 2 6 201 244 245 3024
4897 2 2 6 201 1587 2312 3369
4898 2 2 6 201 2294 1816 2727
4899 2 2 6 201 1725 2386 3392
4900 2 2 6 201 2580 1910 2637
4901 2 2 6 201 1715 2461 2661
4902 2 2 6 201 1740 2464 3211
4903 2 2 6 201 515 516 3387
4904 2 2 6 201 2464 2207 3211
4905 2 2 6 201 1604 2294 2680
4906 2 2 6 201 2430 1609 3029
4907 2 2 6 201 2258 1721 3231
4908 2 2 6 201 2168 1607 2916
4909 2 2 6 201 1659 2335 2929
4910 2 2 6 201 3253 1821 3291
4911 2 2 6 201 1627 2246 2810
4912 2 2 6 201 2224 1697 3036
4913 2 2 6 201 2491 2061 2809
4914 2 2 6 201 2195 1678 3042
4915 2 2 6 201 2321 1746 2665
4916 2 2 6 201 2533 1791 2921
4917 2 2 6 201 2227 1547 3165
4918 2 2 6 201 2249 2940 3264
4919 2 2 6 201 2368 1636 3078
4920 2 2 6 201 1889 2224 3036
4921 2 2 6 201 1833 2313 2668
4922 2 2 6 201 1860 2457 2589
4923 2 2 6 201 1934 2422 2989
4924 2 2 6 201 2437 1817 2835
4925 2 2 6 201 1749 2465 3192
4926 2 2 6 201 2096 2485 3215
4927 2 2 6 201 2865 2048 2983
4928 2 2 6 201 2696 2162 2882
4929 2 2 6 201 1709 2260 3386
4930 2 2 6 201 2312 1587 2914
4931 2 2 6 201 2325 340 3398
4932 2 2 6 201 2005 2410 3255
4933 2 2 6 201 2054 2406 2948
4934 2 2 6 201 2049 2602 3327
4935 2 2 6 201 2232 2057 3120
4936 2 2 6 201 273 274 3002
4937 2 2 6 201 2390 1754 3174
4938 2 2 6 201 1809 2348 2897
4939 2 2 6 201 311 2331 2895
4940 2 2 6 201 2642 2257 3121
4941 2 2 6 201 2363 1809 2897
4942 2 2 6 201 286 2310 3222
4943 2 2 6 201 2214 1853 2959
4944 2 2 6 201 2447 1605 2639
4945 2 2 6 201 1817 2437 2504
4946 2 2 6 201 2107 2763 3086
4947 2 2 6 201 1878 2277 2917
4948 2 2 6 201 2501 1770 3317
4949 2 2 6 201 421 422 2570
4950 2 2 6 201 2324 1863 2700
4951 2 2 6 201 2667 2311 3139
4952 2 2 6 201 349 350 2679
4953 2 2 6 201 2277 1602 2917
4954 2 2 6 201 439 2209 2947
4955 2 2 6 201 2291 1813 2708
4956 2 2 6 201 1969 2533 2921
4957 2 2 6 201 1969 2517 2533
4958 2 2 6 201 1734 2530 3405
4959 2 2 6 201 2329 1724 2663
4960 2 2 6 201 1716 3246 3279
4961 2 2 6 201 2278 1560 3332
4962 2 2 6 201 2437 1818 2504
4963 2 2 6 201 1567 2235 3160
4964 2 2 6 201 2312 1996 3369
4965 2 2 6 201 2281 1585 3005
4966 2 2 6 201 2560 1668 3260
4967 2 2 6 201 481 482 2927
4968 2 2 6 201 1810 2288 2797
4969 2 2 6 201 467 468 2522
4970 2 2 6 201 1730 2528 3397
4971 2 2 6 201 262 2394 2701
4972 2 2 6 201 2276 1706 3083
4973 2 2 6 201 1920 2433 2685
4974 2 2 6 201 1783 2577 2837
4975 2 2 6 201 1686 2730 2804
4976 2 2 6 201 2365 1837 3049
4977 2 2 6 201 1545 2195 3144
4978 2 2 6 201 2519 254 3323
4979 2 2 6 201 2201 2853 3119
4980 2 2 6 201 1646 2491 2809
4981 2 2 6 201 2781 2143 3046
4982 2 2 6 201 2667 1851 3006
4983 2 2 6 201 2862 2162 3091
4984 2 2 6 201 1874 2211 3351
4985 2 2 6 201 1818 2911 3195
4986 2 2 6 201 1758 2440 3158
4987 2 2 6 201 2308 1690 3040
4988 2 2 6 201 2553 2139 2678
4989 2 2 6 201 2254 1869 2801
4990 2 2 6 201 2118 2527 3062
4991 2 2 6 201 2282 1916 3221
4992 2 2 6 201 485 486 2617
4993 2 2 6 201 271 2365 3049
4994 2 2 6 201 1691 2239 2958
4995 2 2 6 201 2400 1707 3300
4996 2 2 6 201 2069 2560 3260
4997 2 2 6 201 2235 1567 2859
4998 2 2 6 201 2394 1881 2701
4999 2 2 6 201 2050 2459 3333
5000 2 2 6 201 2554 1755 3065
5001 2 2 6 201 250 251 2576
5002 2 2 6 201 2062 2927 3131
5003 2 2 6 201 2381 1812 2819
5004 2 2 6 201 2541 2156 3041
5005 2 2 6 201 427 2317 2697
5006 2 2 6 201 1834 2277 2779
5007 2 2 6 201 2551 2208 3186
5008 2 2 6 201 1657 2250 2823
5009 2 2 6 201 2064 2372 3157
5010 2 2 6 201 2300 2009 3262
5011 2 2 6 201 1820 2268 2780
5012 2 2 6 201 2293 1745 3371
5013 2 2 6 201 1966 2536 2926
5014 2 2 6 201 1815 2315 2748
5015 2 2 6 201 2326 1985 3295
5016 2 2 6 201 450 451 2542
5017 2 2 6 201 2101 2583 3286
5018 2 2 6 201 286 287 2889
5019 2 2 6 201 1837 2378 2687
5020 2 2 6 201 1799 2328 2891
5021 2 2 6 201 3094 2079 3124
5022 2 2 6 201 1861 2401 2618
5023 2 2 6 201 1923 2275 3293
5024 2 2 6 201 1629 2499 2752
5025 2 2 6 201 2283 1700 3130
5026 2 2 6 201 2012 2860 3326
5027 2 2 6 201 2288 1810 3232
5028 2 2 6 201 1866 2258 2910
5029 2 2 6 201 2579 1818 3195
5030 2 2 6 201 2259 237 2957
5031 2 2 6 201 2652 239 2776
5032 2 2 6 201 2367 1886 2647
5033 2 2 6 201 1575 2548 2908
5034 2 2 6 201 2321 493 2834
5035 2 2 6 201 2282 1726 2956
5036 2 2 6 201 1786 2490 2765
5037 2 2 6 201 2248 3253 3291
5038 2 2 6 201 2390 2003 3283
5039 2 2 6 201 2549 2091 2636
5040 2 2 6 201 2253 1798 2868
5041 2 2 6 201 1908 2232 2951
5042 2 2 6 201 3007 2045 3379
5043 2 2 6 201 2953 1909 3240
5044 2 2 6 201 1780 2405 2991
5045 2 2 6 201 279 2466 2635
5046 2 2 6 201 237 238 2957
5047 2 2 6 201 2268 1704 2780
5048 2 2 6 201 1678 2303 3325
5049 2 2 6 201 2296 1836 3121
5050 2 2 6 201 2394 2041 2795
5051 2 2 6 201 1817 2590 2835
5052 2 2 6 201 1922 2264 3182
5053 2 2 6 201 250 2576 2846
5054 2 2 6 201 2063 2734 3348
5055 2 2 6 201 2311 1714 2973
5056 2 2 6 201 1916 2282 3106
5057 2 2 6 201 377 2390 3283
5058 2 2 6 201 2249 1933 2940
5059 2 2 6 201 2396 1972 2750
5060 2 2 6 201 2426 1753 2943
5061 2 2 6 201 2138 3172 3340
5062 2 2 6 201 264 265 2585
5063 2 2 6 201 2239 1869 2958
5064 2 2 6 201 1608 2362 2756
5065 2 2 6 201 1675 2883 3241
5066 2 2 6 201 2316 1592 2838
5067 2 2 6 201 2416 2005 3255
5068 2 2 6 201 1853 2267 2959
5069 2 2 6 201 2763 1590 3086
5070 2 2 6 201 1921 2600 2960
5071 2 2 6 201 2362 1735 3140
5072 2 2 6 201 2312 1821 3253
5073 2 2 6 201 2377 2022 2660
5074 2 2 6 201 452 453 2569
5075 2 2 6 201 1862 2657 3082
5076 2 2 6 201 2332 1943 3167
5077 2 2 6 201 2033 2554 3065
5078 2 2 6 201 1554 2288 2816
5079 2 2 6 201 2269 2003 3174
5080 2 2 6 201 2086 2751 3073
5081 2 2 6 201 2469 1798 2592
5082 2 2 6 201 1630 2501 3304
5083 2 2 6 201 2404 388 2978
5084 2 2 6 201 2883 1675 2987
5085 2 2 6 201 465 466 2677
5086 2 2 6 201 2860 2213 3326
5087 2 2 6 201 2284 1743 2871
5088 2 2 6 201 1621 2989 3199
5089 2 2 6 201 1577 2247 3076
5090 2 2 6 201 2718 1853 2733
5091 2 2 6 201 2272 1886 3189
5092 2 2 6 201 2514 1651 2805
5093 2 2 6 201 2845 2008 2861
5094 2 2 6 201 2259 1845 2794
5095 2 2 6 201 1690 2345 3353
5096 2 2 6 201 1825 2344 2968
5097 2 2 6 201 2415 1616 2686
5098 2 2 6 201 2571 1806 2793
5099 2 2 6 201 2707 1865 3172
5100 2 2 6 201 1726 2402 2956
5101 2 2 6 201 2555 1803 2930
5102 2 2 6 201 1794 2285 2777
5103 2 2 6 201 1948 2362 3140
5104 2 2 6 201 383 2416 3255
5105 2 2 6 201 1795 2544 3226
5106 2 2 6 201 2277 1878 2892
5107 2 2 6 201 1702 2649 2903
5108 2 2 6 201 281 282 2607
5109 2 2 6 201 1552 2282 3221
5110 2 2 6 201 1877 2383 3009
5111 2 2 6 201 2070 2549 3155
5112 2 2 6 201 2346 1867 2788
5113 2 2 6 201 2545 1820 2597
5114 2 2 6 201 1984 2427 2972
5115 2 2 6 201 2291 1851 3139
5116 2 2 6 201 269 2373 3202
5117 2 2 6 201 2459 1672 3333
5118 2 2 6 201 1567 2300 3209
5119 2 2 6 201 2378 1654 2687
5120 2 2 6 201 2318 1835 3126
5121 2 2 6 201 1686 2225 3016
5122 2 2 6 201 2156 1893 3041
5123 2 2 6 201 1809 2351 2731
5124 2 2 6 201 2304 1906 3246
5125 2 2 6 201 2362 1948 3357
5126 2 2 6 201 1553 2291 3139
5127 2 2 6 201 496 497 3033
5128 2 2 6 201 1712 2257 3124
5129 2 2 6 201 2345 1797 3353
5130 2 2 6 201 1863 2370 2915
5131 2 2 6 201 1845 2259 2957
5132 2 2 6 201 2410 382 3255
5133 2 2 6 201 2301 1846 3220
5134 2 2 6 201 2044 2353 2859
5135 2 2 6 201 2747 1774 3101
5136 2 2 6 201 1616 2418 2686
5137 2 2 6 201 1569 2261 2995
5138 2 2 6 201 1635 2429 2643
5139 2 2 6 201 2403 1928 2688
5140 2 2 6 201 2178 2779 3089
5141 2 2 6 201 1592 2316 3148
5142 2 2 6 201 2314 1846 2829
5143 2 2 6 201 402 2272 3150
5144 2 2 6 201 1865 2242 2924
5145 2 2 6 201 2297 1843 3012
5146 2 2 6 201 2313 1833 2785
5147 2 2 6 201 1777 2254 3048
5148 2 2 6 201 2341 1660 2793
5149 2 2 6 201 2582 1957 3108
5150 2 2 6 201 378 379 2841
5151 2 2 6 201 1654 2403 2878
5152 2 2 6 201 2768 1584 2899
5153 2 2 6 201 2393 1625 2654
5154 2 2 6 201 2014 2327 3243
5155 2 2 6 201 2482 299 2758
5156 2 2 6 201 2394 263 3393
5157 2 2 6 201 1992 2516 3211
5158 2 2 6 201 1997 2511 3192
5159 2 2 6 201 2785 1645 2854
5160 2 2 6 201 460 461 2765
5161 2 2 6 201 2479 291 2761
5162 2 2 6 201 1704 2268 2915
5163 2 2 6 201 2655 2092 2998
5164 2 2 6 201 2305 1855 3324
5165 2 2 6 201 1722 2272 3189
5166 2 2 6 201 2078 2747 3101
5167 2 2 6 201 1871 2293 3371
5168 2 2 6 201 426 427 2697
5169 2 2 6 201 2299 1777 3048
5170 2 2 6 201 2279 399 3154
5171 2 2 6 201 2418 1764 2686
5172 2 2 6 201 2343 1833 3083
5173 2 2 6 201 2635 1979 3205
5174 2 2 6 201 233 234 2615
5175 2 2 6 201 1746 2321 3077
5176 2 2 6 201 2025 2679 3052
5177 2 2 6 201 278 279 2635
5178 2 2 6 201 2736 2080 3071
5179 2 2 6 201 1634 2314 2829
5180 2 2 6 201 401 402 3150
5181 2 2 6 201 340 2325 2912
5182 2 2 6 201 2730 1981 2804
5183 2 2 6 201 462 463 2605
5184 2 2 6 201 1778 2470 2566
5185 2 2 6 201 1772 2444 3352
5186 2 2 6 201 1993 2509 3186
5187 2 2 6 201 386 387 2961
5188 2 2 6 201 2220 1611 2932
5189 2 2 6 201 2639 1989 2651
5190 2 2 6 201 1771 2763 3061
5191 2 2 6 201 2461 1875 2661
5192 2 2 6 201 2292 2614 3304
5193 2 2 6 201 2304 1716 3090
5194 2 2 6 201 2385 498 3203
5195 2 2 6 201 2051 2480 2827
5196 2 2 6 201 473 2336 2739
5197 2 2 6 201 2490 460 2765
5198 2 2 6 201 2100 2284 3384
5199 2 2 6 201 2594 2116 2728
5200 2 2 6 201 248 10 3187
5201 2 2 6 201 2211 1874 3008
5202 2 2 6 201 1953 2455 3123
5203 2 2 6 201 2740 2084 3085
5204 2 2 6 201 298 2482 2814
5205 2 2 6 201 1933 2249 3068
5206 2 2 6 201 424 425 2622
5207 2 2 6 201 399 400 3154
5208 2 2 6 201 2632 2004 2935
5209 2 2 6 201 1558 2301 2874
5210 2 2 6 201 1818 2419 3252
5211 2 2 6 201 2407 1998 2922
5212 2 2 6 201 2751 1589 3073
5213 2 2 6 201 1892 2828 2873
5214 2 2 6 201 408 409 2630
5215 2 2 6 201 1698 2884 3403
5216 2 2 6 201 2274 1988 2878
5217 2 2 6 201 1727 2305 3324
5218 2 2 6 201 1630 2549 2636
5219 2 2 6 201 1942 2329 2815
5220 2 2 6 201 1903 2241 3104
5221 2 2 6 201 1936 2736 3071
5222 2 2 6 201 434 435 2626
5223 2 2 6 201 2302 1732 3249
5224 2 2 6 201 2876 2024 3350
5225 2 2 6 201 1918 2472 3103
5226 2 2 6 201 380 381 3176
5227 2 2 6 201 290 2479 2850
5228 2 2 6 201 2313 1856 2964
5229 2 2 6 201 384 385 3007
5230 2 2 6 201 2628 1987 3245
5231 2 2 6 201 2341 1806 2762
5232 2 2 6 201 314 315 3224
5233 2 2 6 201 329 330 2861
5234 2 2 6 201 1769 2751 3050
5235 2 2 6 201 2026 2415 2686
5236 2 2 6 201 2466 2023 2799
5237 2 2 6 201 1846 2301 3147
5238 2 2 6 201 2090 2298 3308
5239 2 2 6 201 2027 2311 3349
5240 2 2 6 201 1937 2740 3085
5241 2 2 6 201 2627 1780 2934
5242 2 2 6 201 259 260 2901
5243 2 2 6 201 2621 2095 2699
5244 2 2 6 201 2321 1861 3077
5245 2 2 6 201 1549 3196 3312
5246 2 2 6 201 1629 2541 3041
5247 2 2 6 201 1855 2305 3178
5248 2 2 6 201 514 515 2596
5249 2 2 6 201 1755 2349 2900
5250 2 2 6 201 2296 1557 3015
5251 2 2 6 201 2536 1966 3279
5252 2 2 6 201 340 341 3398
5253 2 2 6 201 317 318 2657
5254 2 2 6 201 2395 1737 2815
5255 2 2 6 201 1763 2550 2944
5256 2 2 6 201 2664 2176 2966
5257 2 2 6 201 2393 1767 3011
5258 2 2 6 201 2420 1624 3280
5259 2 2 6 201 302 303 2662
5260 2 2 6 201 1963 2441 2846
5261 2 2 6 201 1677 2220 2933
5262 2 2 6 201 2433 1717 2685
5263 2 2 6 201 2766 1775 3213
5264 2 2 6 201 1892 2507 2828
5265 2 2 6 201 345 346 2951
5266 2 2 6 201 2801 1638 3048
5267 2 2 6 201 2247 1577 3302
5268 2 2 6 201 1983 2825 2950
5269 2 2 6 201 294 295 2666
5270 2 2 6 201 2702 242 2922
5271 2 2 6 201 2796 1674 3114
5272 2 2 6 201 1628 2408 2725
5273 2 2 6 201 2328 1799 2899
5274 2 2 6 201 2715 2339 2954
5275 2 2 6 201 2488 2349 3131
5276 2 2 6 201 2317 2036 2918
5277 2 2 6 201 2559 1645 2785
5278 2 2 6 201 2886 1583 3171
5279 2 2 6 201 1774 2747 3088
5280 2 2 6 201 1814 2639 2651
5281 2 2 6 201 1800 2573 3159
5282 2 2 6 201 2618 1897 2932
5283 2 2 6 201 2461 1625 2772
5284 2 2 6 201 1556 2313 2964
5285 2 2 6 201 1712 2296 3121
5286 2 2 6 201 2825 2071 2950
5287 2 2 6 201 1974 2997 3044
5288 2 2 6 201 1719 2301 3220
5289 2 2 6 201 2751 2035 3074
5290 2 2 6 201 270 271 3049
5291 2 2 6 201 2466 1884 2635
5292 2 2 6 201 1994 2961 3346
5293 2 2 6 201 2186 3034 3168
5294 2 2 6 201 238 2652 2957
5295 2 2 6 201 2280 1720 3021
5296 2 2 6 201 1785 2306 3094
5297 2 2 6 201 2443 1876 2695
5298 2 2 6 201 435 436 3184
5299 2 2 6 201 328 329 2675
5300 2 2 6 201 2763 2107 3061
5301 2 2 6 201 1628 2621 2699
5302 2 2 6 201 1617 2606 2653
5303 2 2 6 201 1971 2489 3233
5304 2 2 6 201 1886 2302 3249
5305 2 2 6 201 2373 1988 3202
5306 2 2 6 201 1859 2280 3021
5307 2 2 6 201 2001 2444 2949
5308 2 2 6 201 2432 1729 2937
5309 2 2 6 201 1790 2505 2709
5310 2 2 6 201 2607 2023 3334
5311 2 2 6 201 406 407 2999
5312 2 2 6 201 310 311 2895
5313 2 2 6 201 1821 2312 2914
5314 2 2 6 201 2919 2415 3284
5315 2 2 6 201 425 426 3365
5316 2 2 6 201 2417 1917 2894
5317 2 2 6 201 2874 2301 3118
5318 2 2 6 201 288 289 2982
5319 2 2 6 201 1776 2778 3208
5320 2 2 6 201 2567 1958 2993
5321 2 2 6 201 1857 2323 3343
5322 2 2 6 201 2537 1659 2929
5323 2 2 6 201 2585 2041 3393
5324 2 2 6 201 2041 2394 3393
5325 2 2 6 201 2364 1855 2870
5326 2 2 6 201 2466 280 3334
5327 2 2 6 201 2751 1769 3053
5328 2 2 6 201 2307 2005 3158
5329 2 2 6 201 1786 2765 3373
5330 2 2 6 201 1917 2426 2894
5331 2 2 6 201 1763 2944 3384
5332 2 2 6 201 2383 1877 2754
5333 2 2 6 201 1841 2402 3296
5334 2 2 6 201 1804 2567 2993
5335 2 2 6 201 2362 1608 3289
5336 2 2 6 201 1625 2695 3309
5337 2 2 6 201 308 309 2940
5338 2 2 6 201 241 2702 3266
5339 2 2 6 201 498 499 3203
5340 2 2 6 201 333 2379 2849
5341 2 2 6 201 1712 2318 3126
5342 2 2 6 201 2303 1555 3316
5343 2 2 6 201 1574 2319 3376
5344 2 2 6 201 2122 2325 3398
5345 2 2 6 201 2751 2086 3050
5346 2 2 6 201 2573 456 3159
5347 2 2 6 201 2641 1960 2960
5348 2 2 6 201 2338 2127 3389
5349 2 2 6 201 1991 2966 2996
5350 2 2 6 201 2799 2023 2875
5351 2 2 6 201 2691 1804 2993
5352 2 2 6 201 2240 2982 3146
5353 2 2 6 201 2361 1641 3136
5354 2 2 6 201 412 3018 3031
5355 2 2 6 201 2372 1962 3366
5356 2 2 6 201 241 242 2702
5357 2 2 6 201 1896 2310 2889
5358 2 2 6 201 351 2386 3052
5359 2 2 6 201 1649 2388 2865
5360 2 2 6 201 2459 1804 2691
5361 2 2 6 201 2432 1885 2969
5362 2 2 6 201 2645 1938 3235
5363 2 2 6 201 2567 314 3224
5364 2 2 6 201 2023 2466 3334
5365 2 2 6 201 2966 2176 2996
5366 2 2 6 201 318 319 3082
5367 2 2 6 201 2455 1667 3123
5368 2 2 6 201 2910 2258 3231
5369 2 2 6 201 2493 2361 3065
5370 2 2 6 201 1920 2685 2857
5371 2 2 6 201 1678 2422 3042
5372 2 2 6 201 2299 1638 3107
5373 2 2 6 201 2325 1922 2912
5374 2 2 6 201 324 325 3172
5375 2 2 6 201 2656 2296 3126
5376 2 2 6 201 2327 1615 2925
5377 2 2 6 201 2923 1688 3303
5378 2 2 6 201 1566 2342 2985
5379 2 2 6 201 2365 271 3240
5380 2 2 6 201 2747 2099 3088
5381 2 2 6 201 1881 2394 2795
5382 2 2 6 201 261 262 2701
5383 2 2 6 201 472 473 2739
5384 2 2 6 201 2230 2445 2976
5385 2 2 6 201 2035 2751 3053
5386 2 2 6 201 2615 1931 2885
5387 2 2 6 201 2329 1942 3336
5388 2 2 6 201 2772 1625 3309
5389 2 2 6 201 348 349 2694
5390 2 2 6 201 2439 1841 3296
5391 2 2 6 201 2323 2008 3193
5392 2 2 6 201 2065 2741 3110
5393 2 2 6 201 431 432 2819
5394 2 2 6 201 2443 1929 3288
5395 2 2 6 201 1918 2471 3402
5396 2 2 6 201 2741 1955 3110
5397 2 2 6 201 2551 2182 2914
5398 2 2 6 201 2330 1909 2953
5399 2 2 6 201 3034 2011 3168
5400 2 2 6 201 2392 1671 3027
5401 2 2 6 201 1631 2641 2960
5402 2 2 6 201 305 306 3135
5403 2 2 6 201 411 412 3031
5404 2 2 6 201 2698 2018 3185
5405 2 2 6 201 1875 2461 2772
5406 2 2 6 201 412 413 3018
5407 2 2 6 201 1661 2508 2952
5408 2 2 6 201 2982 1967 3146
5409 2 2 6 201 2474 1637 2708
5410 2 2 6 201 2331 1904 2895
5411 2 2 6 201 2472 1918 3181
5412 2 2 6 201 1579 2473 3274
5413 2 2 6 201 2606 2027 2653
5414 2 2 6 201 325 326 2707
5415 2 2 6 201 1724 2329 3336
5416 2 2 6 201 1821 2712 3291
5417 2 2 6 201 1867 2346 3026
5418 2 2 6 201 346 347 2713
5419 2 2 6 201 285 286 3222
5420 2 2 6 201 1791 2669 2921
5421 2 2 6 201 1951 2352 3214
5422 2 2 6 201 2425 1567 3209
5423 2 2 6 201 2557 1779 3302
5424 2 2 6 201 2455 2260 3188
5425 2 2 6 201 2712 2144 3291
5426 2 2 6 201 2473 1794 3274
5427 2 2 6 201 1907 2456 3022
5428 2 2 6 201 2342 1923 3293
5429 2 2 6 201 2148 2796 3114
5430 2 2 6 201 2572 1925 2646
5431 2 2 6 201 2271 2886 3171
5432 2 2 6 201 1884 2466 2799
5433 2 2 6 201 1644 2364 2870
5434 2 2 6 201 306 2513 3135
5435 2 2 6 201 2763 1771 3069
5436 2 2 6 201 1889 2399 2906
5437 2 2 6 201 300 301 2736
5438 2 2 6 201 1662 2887 2979
5439 2 2 6 201 292 293 2740
5440 2 2 6 201 1765 2599 3275
5441 2 2 6 201 1757 2417 2789
5442 2 2 6 201 3161 2626 3380
5443 2 2 6 201 2681 2083 3070
5444 2 2 6 201 2610 3381 3385
5445 2 2 6 201 1824 2535 3122
5446 2 2 6 201 2399 397 2906
5447 2 2 6 201 2339 1902 2954
5448 2 2 6 201 1952 2513 3088
5449 2 2 6 201 2503 1878 2843
5450 2 2 6 201 1844 2469 2975
5451 2 2 6 201 2799 1658 3059
5452 2 2 6 201 2876 438 2947
5453 2 2 6 201 2444 2001 3352
5454 2 2 6 201 304 305 2734
5455 2 2 6 201 510 511 2963
5456 2 2 6 201 2445 1619 3360
5457 2 2 6 201 1825 2546 3364
5458 2 2 6 201 2638 1618 3367
5459 2 2 6 201 2429 1635 2784
5460 2 2 6 201 2471 1930 3066
5461 2 2 6 201 1926 2262 3194
5462 2 2 6 201 296 297 2741
5463 2 2 6 201 2671 248 3187
5464 2 2 6 201 1589 2751 3074
5465 2 2 6 201 1651 2437 2835
5466 2 2 6 201 2692 1866 3076
5467 2 2 6 201 1607 2463 2688
5468 2 2 6 201 2401 1861 2834
5469 2 2 6 201 2841 1983 3319
5470 2 2 6 201 2379 1890 2849
5471 2 2 6 201 1645 2559 2918
5472 2 2 6 201 2747 2078 3127
5473 2 2 6 201 2745 2431 2988
5474 2 2 6 201 2024 2876 2947
5475 2 2 6 201 2133 3029 3167
5476 2 2 6 201 2155 2574 2717
5477 2 2 6 201 1716 2304 3246
5478 2 2 6 201 2334 2093 3020
5479 2 2 6 201 1767 2483 3011
5480 2 2 6 201 1873 2646 3201
5481 2 2 6 201 1587 2551 2914
5482 2 2 6 201 2487 1820 2780
5483 2 2 6 201 299 300 2758
5484 2 2 6 201 2847 1844 3128
5485 2 2 6 201 2763 2038 3093
5486 2 2 6 201 379 380 2825
5487 2 2 6 201 266 267 2742
5488 2 2 6 201 2383 257 3009
5489 2 2 6 201 291 292 2761
5490 2 2 6 201 2671 1854 2790
5491 2 2 6 201 2711 1829 3330
5492 2 2 6 201 2605 463 3175
5493 2 2 6 201 1667 2738 3348
5494 2 2 6 201 2144 2711 3330
5495 2 2 6 201 1665 2432 2969
5496 2 2 6 201 344 345 3120
5497 2 2 6 201 2456 1669 3022
5498 2 2 6 201 1622 2375 3269
5499 2 2 6 201 1740 2412 2879
5500 2 2 6 201 1956 2487 3259
5501 2 2 6 201 385 386 2800
5502 2 2 6 201 1652 2363 2897
5503 2 2 6 201 2489 483 3233
5504 2 2 6 201 506 507 3288
5505 2 2 6 201 319 320 2881
5506 2 2 6 201 1885 2432 2937
5507 2 2 6 201 2328 2020 3396
5508 2 2 6 201 2344 1650 2968
5509 2 2 6 201 2339 1600 3119
5510 2 2 6 201 2483 1621 2788
5511 2 2 6 201 1977 2774 2979
5512 2 2 6 201 2371 1606 2893
5513 2 2 6 201 2342 1898 2985
5514 2 2 6 201 233 2615 2885
5515 2 2 6 201 1902 2339 3119
5516 2 2 6 201 1916 2627 2934
5517 2 2 6 201 2518 1663 3362
5518 2 2 6 201 1749 2436 2866
5519 2 2 6 201 432 2381 2819
5520 2 2 6 201 1792 2568 3312
5521 2 2 6 201 1794 2473 2812
5522 2 2 6 201 2105 2676 2844
5523 2 2 6 201 2685 1887 2857
5524 2 2 6 201 478 479 3023
5525 2 2 6 201 2390 378 2841
5526 2 2 6 201 1873 2572 2646
5527 2 2 6 201 1727 2350 3364
5528 2 2 6 201 2513 1774 3088
5529 2 2 6 201 337 338 2971
5530 2 2 6 201 2335 1838 2929
5531 2 2 6 201 2581 1792 3312
5532 2 2 6 201 2756 2362 3357
5533 2 2 6 201 2539 1763 3384
5534 2 2 6 201 2359 1765 3275
5535 2 2 6 201 2151 2847 3128
5536 2 2 6 201 1706 2343 3083
5537 2 2 6 201 1848 2882 3341
5538 2 2 6 201 1597 2553 2678
5539 2 2 6 201 1658 2799 2875
5540 2 2 6 201 2676 1635 2844
5541 2 2 6 201 2773 1947 3114
5542 2 2 6 201 2938 1622 3099
5543 2 2 6 201 2009 2808 3030
5544 2 2 6 201 2323 1612 3343
5545 2 2 6 201 3179 1701 3328
5546 2 2 6 201 518 12 3223
5547 2 2 6 201 2567 1804 2659
5548 2 2 6 201 2038 2763 3069
5549 2 2 6 201 418 419 2783
5550 2 2 6 201 2504 1818 3252
5551 2 2 6 201 2977 1873 3201
5552 2 2 6 201 1880 2358 3047
5553 2 2 6 201 434 2626 3161
5554 2 2 6 201 2177 2537 2929
5555 2 2 6 201 2593 1805 3091
5556 2 2 6 201 2684 259 2901
5557 2 2 6 201 2530 1993 3405
5558 2 2 6 201 499 500 2818
5559 2 2 6 201 338 339 3182
5560 2 2 6 201 1729 2468 2828
5561 2 2 6 201 1990 2593 3091
5562 2 2 6 201 2465 1749 2866
5563 2 2 6 201 300 2736 2758
5564 2 2 6 201 2801 1869 3197
5565 2 2 6 201 2351 1762 2949
5566 2 2 6 201 2882 2217 3341
5567 2 2 6 201 2413 1613 3116
5568 2 2 6 201 264 2585 3393
5569 2 2 6 201 2528 1992 3397
5570 2 2 6 201 1930 2385 3066
5571 2 2 6 201 2587 1799 2891
5572 2 2 6 201 322 323 3399
5573 2 2 6 201 2605 3175 3317
5574 2 2 6 201 2388 1852 2865
5575 2 2 6 201 2488 2096 3215
5576 2 2 6 201 292 2740 2761
5577 2 2 6 201 505 506 3026
5578 2 2 6 201 2501 2636 3313
5579 2 2 6 201 1664 2582 3108
5580 2 2 6 201 1789 2787 3313
5581 2 2 6 201 1778 2372 3366
5582 2 2 6 201 419 2492 2783
5583 2 2 6 201 2009 3030 3262
5584 2 2 6 201 2469 1844 2986
5585 2 2 6 201 2404 2978 3305
5586 2 2 6 201 2428 1696 3200
5587 2 2 6 201 3080 2029 3095
5588 2 2 6 201 1924 2392 3027
5589 2 2 6 201 1555 2374 3316
5590 2 2 6 201 2077 2629 2771
5591 2 2 6 201 417 418 3034
5592 2 2 6 201 457 458 2851
5593 2 2 6 201 1867 2483 2788
5594 2 2 6 201 1719 2347 3118
5595 2 2 6 201 359 2509 3257
5596 2 2 6 201 2335 1977 3358
5597 2 2 6 201 2464 1740 2879
5598 2 2 6 201 2337 1705 3235
5599 2 2 6 201 2568 1549 3312
5600 2 2 6 201 2188 2938 3099
5601 2 2 6 201 2535 430 3122
5602 2 2 6 201 2344 1731 3256
5603 2 2 6 201 371 2511 3270
5604 2 2 6 201 1708 2342 3293
5605 2 2 6 201 391 3236 3271
5606 2 2 6 201 2355 1812 3032
5607 2 2 6 201 2347 1895 3118
5608 2 2 6 201 281 2607 3334
5609 2 2 6 201 1874 2378 2830
5610 2 2 6 201 2354 1655 3129
5611 2 2 6 201 3168 2011 3198
5612 2 2 6 201 1613 2210 3116
5613 2 2 6 201 1590 2763 3093
5614 2 2 6 201 2494 1933 3101
5615 2 2 6 201 2574 1826 2717
5616 2 2 6 201 2324 1925 3173
5617 2 2 6 201 2422 1934 3042
5618 2 2 6 201 1805 2548 2862
5619 2 2 6 201 2411 1542 2972
5620 2 2 6 201 2308 1822 3044
5621 2 2 6 201 2331 2050 3333
5622 2 2 6 201 2561 1632 2965
5623 2 2 6 201 365 2516 3258
5624 2 2 6 201 2650 246 3239
5625 2 2 6 201 2863 1698 3403
5626 2 2 6 201 2520 1627 3390
5627 2 2 6 201 2593 1990 2743
5628 2 2 6 201 2099 2747 3133
5629 2 2 6 201 1615 2593 2743
5630 2 2 6 201 1894 2303 3316
5631 2 2 6 201 2544 1980 3272
5632 2 2 6 201 1720 2421 3021
5633 2 2 6 201 394 395 2803
5634 2 2 6 201 1774 2494 3101
5635 2 2 6 201 2354 1732 3245
5636 2 2 6 201 2651 3331 3380
5637 2 2 6 201 2378 1874 3351
5638 2 2 6 201 2303 1894 3325
5639 2 2 6 201 2346 505 3026
5640 2 2 6 201 2511 1997 3270
5641 2 2 6 201 1570 2660 3054
5642 2 2 6 201 2366 1860 3102
5643 2 2 6 201 1752 2364 3177
5644 2 2 6 201 458 2481 2851
5645 2 2 6 201 443 444 2996
5646 2 2 6 201 2361 2033 3065
5647 2 2 6 201 2508 1661 3035
5648 2 2 6 201 2534 1642 3081
5649 2 2 6 201 315 2724 3224
5650 2 2 6 201 2449 1574 3376
5651 2 2 6 201 2378 1837 3367
5652 2 2 6 201 1541 2563 3194
5653 2 2 6 201 1978 2518 3244
5654 2 2 6 201 2408 2595 3204
5655 2 2 6 201 2741 297 2814
5656 2 2 6 201 2976 1912 3113
5657 2 2 6 201 2045 2800 3039
5658 2 2 6 201 2509 1993 3257
5659 2 2 6 201 232 233 2885
5660 2 2 6 201 2826 1734 3405
5661 2 2 6 201 1942 2369 3336
5662 2 2 6 201 2767 1910 3153
5663 2 2 6 201 297 298 2814
5664 2 2 6 201 1644 2870 2898
5665 2 2 6 201 278 2635 3205
5666 2 2 6 201 2548 1805 2908
5667 2 2 6 201 2534 1701 3355
5668 2 2 6 201 2045 3039 3379
5669 2 2 6 201 2380 1668 3043
5670 2 2 6 201 2397 1761 3037
5671 2 2 6 201 1618 2830 3367
5672 2 2 6 201 2385 1930 3001
5673 2 2 6 201 1995 2555 3276
5674 2 2 6 201 2516 1992 3258
5675 2 2 6 201 2719 1881 3056
5676 2 2 6 201 2367 1722 3189
5677 2 2 6 201 2800 1994 3039
5678 2 2 6 201 2333 2043 3234
5679 2 2 6 201 3029 1609 3167
5680 2 2 6 201 1814 2651 3380
5681 2 2 6 201 2446 1649 2983
5682 2 2 6 201 2340 1927 3179
5683 2 2 6 201 2428 1857 3343
5684 2 2 6 201 2703 2017 2726
5685 2 2 6 201 421 2570 3084
5686 2 2 6 201 1588 2747 3127
5687 2 2 6 201 2369 1724 3336
5688 2 2 6 201 2787 2197 3313
5689 2 2 6 201 1662 2979 3146
5690 2 2 6 201 1858 2380 3043
5691 2 2 6 201 2684 1877 3009
5692 2 2 6 201 339 340 2912
5693 2 2 6 201 353 2477 3278
5694 2 2 6 201 2870 2034 2898
5695 2 2 6 201 1900 2879 2931
5696 2 2 6 201 1632 2719 2965
5697 2 2 6 201 1973 2341 3149
5698 2 2 6 201 2472 1550 3103
5699 2 2 6 201 2523 376 3283
5700 2 2 6 201 2415 1715 3284
5701 2 2 6 201 2208 2826 3405
5702 2 2 6 201 1982 2451 3401
5703 2 2 6 201 2500 2111 2823
5704 2 2 6 201 2560 2069 2807
5705 2 2 6 201 323 324 2836
5706 2 2 6 201 1627 2810 2931
5707 2 2 6 201 437 438 2876
5708 2 2 6 201 2383 1899 3063
5709 2 2 6 201 2660 2022 3054
5710 2 2 6 201 2494 2513 3377
5711 2 2 6 201 2382 1819 2973
5712 2 2 6 201 249 250 2846
5713 2 2 6 201 447 2555 2930
5714 2 2 6 201 2934 2160 3221
5715 2 2 6 201 2486 1648 2994
5716 2 2 6 201 1762 2363 3198
5717 2 2 6 201 302 2662 3207
5718 2 2 6 201 2525 370 3270
5719 2 2 6 201 320 321 3388
5720 2 2 6 201 2284 2539 3384
5721 2 2 6 201 2662 303 3142
5722 2 2 6 201 12 230 3223
5723 2 2 6 201 1634 2829 2904
5724 2 2 6 201 330 331 2845
5725 2 2 6 201 2451 1708 3401
5726 2 2 6 201 3210 2019 3222
5727 2 2 6 201 2942 2066 2969
5728 2 2 6 201 294 2666 3216
5729 2 2 6 201 2493 1755 2900
5730 2 2 6 201 332 333 2849
5731 2 2 6 201 1828 2430 3029
5732 2 2 6 201 349 2679 2694
5733 2 2 6 201 2528 364 3258
5734 2 2 6 201 2666 295 3141
5735 2 2 6 201 1822 2698 3185
5736 2 2 6 201 2535 2036 3395
5737 2 2 6 201 1886 2367 3189
5738 2 2 6 201 289 290 2850
5739 2 2 6 201 2310 3210 3222
5740 2 2 6 201 1822 2631 3044
5741 2 2 6 201 2615 2304 3090
5742 2 2 6 201 2340 3179 3328
5743 2 2 6 201 2610 1957 3381
5744 2 2 6 201 2349 2062 3131
5745 2 2 6 201 1990 2397 3368
5746 2 2 6 201 2530 358 3257
5747 2 2 6 201 387 2404 2961
5748 2 2 6 201 2003 2523 3283
5749 2 2 6 201 2476 2123 3064
5750 2 2 6 201 2736 1936 2758
5751 2 2 6 201 1679 3267 3340
5752 2 2 6 201 2508 1932 2952
5753 2 2 6 201 494 2401 2834
5754 2 2 6 201 2590 2016 2835
5755 2 2 6 201 2085 2356 3373
5756 2 2 6 201 1648 2486 2860
5757 2 2 6 201 2770 2248 2964
5758 2 2 6 201 1876 2443 3075
5759 2 2 6 201 2747 1588 3133
5760 2 2 6 201 495 496 2811
5761 2 2 6 201 1888 2465 2866
5762 2 2 6 201 2810 2006 2931
5763 2 2 6 201 2423 1870 2974
5764 2 2 6 201 2477 2055 3278
5765 2 2 6 201 2369 390 3271
5766 2 2 6 201 1885 2942 2969
5767 2 2 6 201 2402 1841 2956
5768 2 2 6 201 2829 2007 2904
5769 2 2 6 201 2068 2406 2908
5770 2 2 6 201 1894 2424 3199
5771 2 2 6 201 1624 2711 2712
5772 2 2 6 201 2737 1662 3311
5773 2 2 6 201 2471 1918 3017
5774 2 2 6 201 2765 2085 3373
5775 2 2 6 201 2740 1937 2761
5776 2 2 6 201 2487 2780 3259
5777 2 2 6 201 1997 2525 3270
5778 2 2 6 201 2174 3033 3152
5779 2 2 6 201 1881 2795 3056
5780 2 2 6 201 482 2489 2927
5781 2 2 6 201 2816 1816 3080
5782 2 2 6 201 1955 2741 2814
5783 2 2 6 201 1680 2419 3138
5784 2 2 6 201 2555 448 3276
5785 2 2 6 201 2373 270 3049
5786 2 2 6 201 390 391 3271
5787 2 2 6 201 1932 2413 3116
5788 2 2 6 201 2668 2276 3083
5789 2 2 6 201 2553 2333 3234
5790 2 2 6 201 2417 1757 3321
5791 2 2 6 201 3203 1913 3344
5792 2 2 6 201 470 2544 3272
5793 2 2 6 201 2046 2650 3239
5794 2 2 6 201 429 2535 3395
5795 2 2 6 201 1911 2389 3269
5796 2 2 6 201 1992 2528 3258
5797 2 2 6 201 1864 2560 2807
5798 2 2 6 201 1833 2668 3083
5799 2 2 6 201 493 494 2834
5800 2 2 6 201 3033 1930 3152
5801 2 2 6 201 2475 1838 2890
5802 2 2 6 201 1944 2561 2965
5803 2 2 6 201 2458 1644 2898
5804 2 2 6 201 1832 2602 2981
5805 2 2 6 201 1882 2458 2898
5806 2 2 6 201 2711 2144 2712
5807 2 2 6 201 1838 2547 2890
5808 2 2 6 201 235 236 3000
5809 2 2 6 201 1564 2604 2802
5810 2 2 6 201 2529 1875 2907
5811 2 2 6 201 1619 2453 3191
5812 2 2 6 201 1623 2594 2728
5813 2 2 6 201 2674 2029 3080
5814 2 2 6 201 2422 1678 3325
5815 2 2 6 201 1900 2464 2879
5816 2 2 6 201 2040 2571 2793
5817 2 2 6 201 2706 506 3288
5818 2 2 6 201 2159 2408 3204
5819 2 2 6 201 488 489 2894
5820 2 2 6 201 508 509 3075
5821 2 2 6 201 2375 1911 3269
5822 2 2 6 201 1624 2452 3280
5823 2 2 6 201 1908 2888 3067
5824 2 2 6 201 480 481 2869
5825 2 2 6 201 1573 2558 2977
5826 2 2 6 201 1993 2530 3257
5827 2 2 6 201 1616 2919 2946
5828 2 2 6 201 2495 1802 2817
5829 2 2 6 201 2713 2184 3057
5830 2 2 6 201 2882 1682 3361
5831 2 2 6 201 2719 1978 2965
5832 2 2 6 201 1888 2866 2904
5833 2 2 6 201 1654 2378 3351
5834 2 2 6 201 2426 488 2894
5835 2 2 6 201 1917 2417 3321
5836 2 2 6 201 1785 2620 3125
5837 2 2 6 201 304 2734 3142
5838 2 2 6 201 2679 1891 2694
5839 2 2 6 201 1753 2426 3337
5840 2 2 6 201 1554 2720 2797
5841 2 2 6 201 2399 1889 3036
5842 2 2 6 201 2021 2493 2900
5843 2 2 6 201 1798 2469 2986
5844 2 2 6 201 400 14 3230
5845 2 2 6 201 14 401 3230
5846 2 2 6 201 2461 1715 3100
5847 2 2 6 201 2424 1894 3301
5848 2 2 6 201 2120 2577 3342
5849 2 2 6 201 2608 2185 2955
5850 2 2 6 201 296 2741 3141
5851 2 2 6 201 2544 471 3226
5852 2 2 6 201 2107 2737 3311
5853 2 2 6 201 2416 384 3007
5854 2 2 6 201 1953 2591 3386
5855 2 2 6 201 1818 2437 2911
5856 2 2 6 201 2736 301 3207
5857 2 2 6 201 391 15 3236
5858 2 2 6 201 445 446 2913
5859 2 2 6 201 2740 293 3216
5860 2 2 6 201 1903 2435 2967
5861 2 2 6 201 2435 1903 2941
5862 2 2 6 201 2426 1917 3337
5863 2 2 6 201 2102 2848 3109
5864 2 2 6 201 15 392 3236
5865 2 2 6 201 2848 1883 3109
5866 2 2 6 201 1621 2483 2989
5867 2 2 6 201 2385 3203 3344
5868 2 2 6 201 3070 1898 3214
5869 2 2 6 201 2374 1894 3316
5870 2 2 6 201 3196 2109 3312
5871 2 2 6 201 403 404 2902
5872 2 2 6 201 2402 1575 3296
5873 2 2 6 201 1737 2388 3346
5874 2 2 6 201 2731 2079 3094
5875 2 2 6 201 489 2417 2894
5876 2 2 6 201 2753 510 2963
5877 2 2 6 201 512 513 2907
5878 2 2 6 201 1827 2648 3356
5879 2 2 6 201 2389 1622 3269
5880 2 2 6 201 397 398 2906
5881 2 2 6 201 2564 1633 3112
5882 2 2 6 201 1652 2897 2980
5883 2 2 6 201 2000 3018 3089
5884 2 2 6 201 3018 2178 3089
5885 2 2 6 201 2407 244 3024
5886 2 2 6 201 2442 1785 3125
5887 2 2 6 201 2527 1679 3340
5888 2 2 6 201 1761 2449 3037
5889 2 2 6 201 1871 2446 2983
5890 2 2 6 201 1835 2656 3126
5891 2 2 6 201 1866 2692 2822
5892 2 2 6 201 1840 2703 2726
5893 2 2 6 201 2434 1899 2883
5894 2 2 6 201 2669 1791 2775
5895 2 2 6 201 2888 2106 3067
5896 2 2 6 201 2478 1617 2928
5897 2 2 6 201 1924 2633 3306
5898 2 2 6 201 2460 284 3010
5899 2 2 6 201 1857 2428 3200
5900 2 2 6 201 2718 322 3399
5901 2 2 6 201 242 243 2922
5902 2 2 6 201 2999 2130 3028
5903 2 2 6 201 1987 2999 3028
5904 2 2 6 201 2773 1702 2877
5905 2 2 6 201 2217 2882 3361
5906 2 2 6 201 1701 2534 3328
5907 2 2 6 201 2104 2669 2775
5908 2 2 6 201 1964 2534 3081
5909 2 2 6 201 2846 2576 3145
5910 2 2 6 201 1735 2457 3140
5911 2 2 6 201 1964 3251 3328
5912 2 2 6 201 2451 1543 3359
5913 2 2 6 201 1794 2777 3274
5914 2 2 6 201 10 2441 3187
5915 2 2 6 201 381 2410 3176
5916 2 2 6 201 498 2385 3001
5917 2 2 6 201 1830 2658 3370
5918 2 2 6 201 2241 3008 3315
5919 2 2 6 201 1855 2578 3324
5920 2 2 6 201 2510 2073 3006
5921 2 2 6 201 1831 2396 3180
5922 2 2 6 201 438 439 2947
5923 2 2 6 201 1836 2642 3121
5924 2 2 6 201 2080 2736 3207
5925 2 2 6 201 2612 1783 2837
5926 2 2 6 201 1960 2612 2837
5927 2 2 6 201 2631 1974 3044
5928 2 2 6 201 1925 2572 3173
5929 2 2 6 201 1737 2404 3305
5930 2 2 6 201 1849 2425 3209
5931 2 2 6 201 230 2495 3223
5932 2 2 6 201 3251 2340 3328
5933 2 2 6 201 2577 1783 3342
5934 2 2 6 201 2434 256 3063
5935 2 2 6 201 2412 1939 3390
5936 2 2 6 201 2623 2149 2826
5937 2 2 6 201 2469 1557 2975
5938 2 2 6 201 3236 2181 3271
5939 2 2 6 201 2521 1746 3077
5940 2 2 6 201 2084 2740 3216
5941 2 2 6 201 2453 1940 3191
5942 2 2 6 201 1894 2422 3325
5943 2 2 6 201 2449 1872 3037
5944 2 2 6 201 2502 445 2913
5945 2 2 6 201 2573 1976 3292
5946 2 2 6 201 1970 2392 3206
5947 2 2 6 201 2072 2512 2970
5948 2 2 6 201 388 389 2978
5949 2 2 6 201 1846 2625 3220
5950 2 2 6 201 3018 2000 3031
5951 2 2 6 201 2734 2063 3142
5952 2 2 6 201 506 2706 3026
5953 2 2 6 201 1899 2434 3063
5954 2 2 6 201 2391 1570 3054
5955 2 2 6 201 1611 2618 2932
5956 2 2 6 201 1555 2631 3185
5957 2 2 6 201 2754 1877 2905
5958 2 2 6 201 2450 411 3031
5959 2 2 6 201 1943 2508 3035
5960 2 2 6 201 2445 1912 2976
5961 2 2 6 201 2831 1880 2896
5962 2 2 6 201 2403 1654 3190
5963 2 2 6 201 2591 1945 3297
5964 2 2 6 201 2020 2601 3396
5965 2 2 6 201 1710 2332 3242
5966 2 2 6 201 513 2529 2907
5967 2 2 6 201 497 498 3001
5968 2 2 6 201 1572 2480 3004
5969 2 2 6 201 2506 1917 3321
5970 2 2 6 201 2396 2750 3180
5971 2 2 6 201 1766 2488 3131
5972 2 2 6 201 2741 2065 3141
5973 2 2 6 201 1594 2787 3149
5974 2 2 6 201 1627 2412 3390
5975 2 2 6 201 2746 1577 3076
5976 2 2 6 201 2184 2694 3303
5977 2 2 6 201 2089 2884 3225
5978 2 2 6 201 1914 2420 3280
5979 2 2 6 201 1571 2545 3143
5980 2 2 6 201 1949 2481 3003
5981 2 2 6 201 2431 1950 2988
5982 2 2 6 201 1588 2591 3133
5983 2 2 6 201 1872 2449 3376
5984 2 2 6 201 1677 2471 3017
5985 2 2 6 201 2613 2042 3247
5986 2 2 6 201 1773 2453 3156
5987 2 2 6 201 2591 1953 3133
5988 2 2 6 201 355 356 3014
5989 2 2 6 201 2424 1621 3199
5990 2 2 6 201 2427 1653 3286
5991 2 2 6 201 1633 2714 3112
5992 2 2 6 201 2490 1949 3003
5993 2 2 6 201 2610 1588 3127
5994 2 2 6 201 1954 2472 3242
5995 2 2 6 201 2760 2191 2792
5996 2 2 6 201 2022 2589 3054
5997 2 2 6 201 2601 1687 3396
5998 2 2 6 201 1698 2863 3307
5999 2 2 6 201 1784 2553 3234
6000 2 2 6 201 2446 1758 3379
6001 2 2 6 201 1715 2661 3284
6002 2 2 6 201 1716 2541 3090
6003 2 2 6 201 307 2494 3377
6004 2 2 6 201 361 362 3025
6005 2 2 6 201 2512 1620 2970
6006 2 2 6 201 3084 2570 3352
6007 2 2 6 201 1947 2773 2877
6008 2 2 6 201 1968 2441 2939
6009 2 2 6 201 2604 1893 2802
6010 2 2 6 201 284 285 3010
6011 2 2 6 201 2037 2871 3136
6012 2 2 6 201 3306 1699 3339
6013 2 2 6 201 1917 2497 3337
6014 2 2 6 201 1941 2534 3355
6015 2 2 6 201 2146 2843 2917
6016 2 2 6 201 3381 1711 3385
6017 2 2 6 201 2452 1914 3280
6018 2 2 6 201 2441 1963 2939
6019 2 2 6 201 1666 3058 3363
6020 2 2 6 201 2919 2028 2946
6021 2 2 6 201 2720 2188 2797
6022 2 2 6 201 1957 2610 3127
6023 2 2 6 201 350 351 3052
6024 2 2 6 201 2944 2100 3384
6025 2 2 6 201 1655 2715 2954
6026 2 2 6 201 455 2573 3292
6027 2 2 6 201 2575 1871 3371
6028 2 2 6 201 257 258 3009
6029 2 2 6 201 2261 3306 3339
6030 2 2 6 201 2443 508 3075
6031 2 2 6 201 2458 1754 3319
6032 2 2 6 201 2539 1581 3113
6033 2 2 6 201 2554 480 2869
6034 2 2 6 201 2692 1944 2822
6035 2 2 6 201 1959 2455 3188
6036 2 2 6 201 2019 2460 3010
6037 2 2 6 201 2024 3268 3350
6038 2 2 6 201 2052 2820 2842
6039 2 2 6 201 312 313 3237
6040 2 2 6 201 1928 2403 3190
6041 2 2 6 201 2779 1650 3089
6042 2 2 6 201 474 475 3117
6043 2 2 6 201 1912 2539 3113
6044 2 2 6 201 1851 2667 3139
6045 2 2 6 201 420 421 3084
6046 2 2 6 201 2010 2836 3267
6047 2 2 6 201 1670 3072 3383
6048 2 2 6 201 1845 2652 2776
6049 2 2 6 201 1935 2886 3156
6050 2 2 6 201 2588 437 2876
6051 2 2 6 201 1701 2424 3301
6052 2 2 6 201 2197 2501 3313
6053 2 2 6 201 367 368 3105
6054 2 2 6 201 503 504 3163
6055 2 2 6 201 2572 1563 3173
6056 2 2 6 201 2641 1631 3329
6057 2 2 6 201 2750 1972 3095
6058 2 2 6 201 2822 1944 2936
6059 2 2 6 201 2675 329 2861
6060 2 2 6 201 321 2733 3388
6061 2 2 6 201 2867 2098 3115
6062 2 2 6 201 2046 2790 3218
6063 2 2 6 201 2527 2166 3062
6064 2 2 6 201 2782 1850 2925
6065 2 2 6 201 1606 2847 2893
6066 2 2 6 201 2165 2806 3143
6067 2 2 6 201 3267 2138 3340
6068 2 2 6 201 463 464 3175
6069 2 2 6 201 1884 2598 2945
6070 2 2 6 201 2506 1999 3354
6071 2 2 6 201 2049 2821 3081
6072 2 2 6 201 2602 1642 2981
6073 2 2 6 201 1996 3232 3369
6074 2 2 6 201 433 434 3161
6075 2 2 6 201 1960 2837 2960
6076 2 2 6 201 2209 2722 3268
6077 2 2 6 201 1704 2491 3259
6078 2 2 6 201 1623 2506 3354
6079 2 2 6 201 1665 2505 3064
6080 2 2 6 201 483 484 3233
6081 2 2 6 201 1798 2624 3248
6082 2 2 6 201 2847 2151 2893
6083 2 2 6 201 1894 2374 3301
6084 2 2 6 201 373 374 3164
6085 2 2 6 201 303 304 3142
6086 2 2 6 201 2558 1873 2977
6087 2 2 6 201 295 296 3141
6088 2 2 6 201 2936 1978 3244
6089 2 2 6 201 2602 1832 3327
6090 2 2 6 201 2483 1867 3011
6091 2 2 6 201 2798 1580 2997
6092 2 2 6 201 469 470 3272
6093 2 2 6 201 2644 1969 3196
6094 2 2 6 201 2513 306 3377
6095 2 2 6 201 2374 1941 3355
6096 2 2 6 201 1640 2760 2792
6097 2 2 6 201 2790 1854 3218
6098 2 2 6 201 2422 1894 3199
6099 2 2 6 201 1643 2750 3095
6100 2 2 6 201 454 455 3292
6101 2 2 6 201 448 449 3276
6102 2 2 6 201 1843 2804 3012
6103 2 2 6 201 2514 1901 3231
6104 2 2 6 201 2955 1730 3397
6105 2 2 6 201 287 288 3169
6106 2 2 6 201 2098 2867 3300
6107 2 2 6 201 2598 1647 2945
6108 2 2 6 201 2686 1764 3254
6109 2 2 6 201 382 383 3255
6110 2 2 6 201 2776 240 3266
6111 2 2 6 201 1915 2552 3111
6112 2 2 6 201 3294 2210 3314
6113 2 2 6 201 1972 3080 3095
6114 2 2 6 201 2564 1710 3181
6115 2 2 6 201 364 365 3258
6116 2 2 6 201 376 377 3283
6117 2 2 6 201 370 371 3270
6118 2 2 6 201 428 429 3395
6119 2 2 6 201 2471 1677 3152
6120 2 2 6 201 301 302 3207
6121 2 2 6 201 358 359 3257
6122 2 2 6 201 2693 1597 3183
6123 2 2 6 201 277 278 3205
6124 2 2 6 201 2584 2140 2981
6125 2 2 6 201 293 294 3216
6126 2 2 6 201 268 269 3202
6127 2 2 6 201 1848 2696 2882
6128 2 2 6 201 352 353 3278
6129 2 2 6 201 2837 1921 2960
6130 2 2 6 201 1945 2532 3297
6131 2 2 6 201 2550 1940 3117
6132 2 2 6 201 2207 2955 3397
6133 2 2 6 201 1968 3294 3314
6134 2 2 6 201 1621 2424 3170
6135 2 2 6 201 1873 2558 3016
6136 2 2 6 201 2649 1948 2903
6137 2 2 6 201 2513 1952 3135
6138 2 2 6 201 309 310 3264
6139 2 2 6 201 2639 1605 3287
6140 2 2 6 201 1989 2639 3287
6141 2 2 6 201 1638 2664 2966
6142 2 2 6 201 1783 2456 3342
6143 2 2 6 201 271 272 3240
6144 2 2 6 201 1549 2644 3196
6145 2 2 6 201 2424 1701 3179
6146 2 2 6 201 1907 3004 3079
6147 2 2 6 201 2794 1845 2970
6148 2 2 6 201 2863 2171 3307
6149 2 2 6 201 2543 1880 3047
6150 2 2 6 201 2552 1761 3111
6151 2 2 6 201 2474 1787 3350
6152 2 2 6 201 2550 1763 3229
6153 2 2 6 201 2515 1912 3360
6154 2 2 6 201 2645 1589 3074
6155 2 2 6 201 1934 2655 3144
6156 2 2 6 201 2920 2132 3298
6157 2 2 6 201 2836 2138 3267
6158 2 2 6 201 306 307 3377
6159 2 2 6 201 280 281 3334
6160 2 2 6 201 1755 2493 3065
6161 2 2 6 201 263 264 3393
6162 2 2 6 201 1972 2816 3080
6163 2 2 6 201 1931 2615 3090
6164 2 2 6 201 2820 1641 2842
6165 2 2 6 201 2541 1931 3090
6166 2 2 6 201 1721 2514 3231
6167 2 2 6 201 1642 2584 2981
6168 2 2 6 201 2072 2776 3266
6169 2 2 6 201 2909 1726 2935
6170 2 2 6 201 3086 1590 3310
6171 2 2 6 201 2235 2582 3160
6172 2 2 6 201 1589 2633 3073
6173 2 2 6 201 2855 1885 2937
6174 2 2 6 201 1662 2737 2887
6175 2 2 6 201 1658 2646 3059
6176 2 2 6 201 2545 1883 3143
6177 2 2 6 201 1856 2770 2964
6178 2 2 6 201 2804 1981 3012
6179 2 2 6 201 1581 2500 3113
6180 2 2 6 201 1565 2822 2936
6181 2 2 6 201 2633 1924 3073
6182 2 2 6 201 1819 2653 3349
6183 2 2 6 201 2829 1846 3147
6184 2 2 6 201 240 241 3266
6185 2 2 6 201 1643 2562 3331
6186 2 2 6 201 2655 1545 3144
6187 2 2 6 201 2472 1710 3242
6188 2 2 6 201 1938 2645 3074
6189 2 2 6 201 1939 2520 3390
6190 2 2 6 201 1940 2550 3229
6191 2 2 6 201 2833 2131 3022
6192 2 2 6 201 2540 1626 3228
6193 2 2 6 201 1975 3161 3380
6194 2 2 6 201 2824 1919 3322
6195 2 2 6 201 1912 2445 3360
6196 2 2 6 201 2714 1832 3112
6197 2 2 6 201 2026 2686 3254
6198 2 2 6 201 246 247 3239
6199 2 2 6 201 254 255 3323
6200 2 2 6 201 1619 2515 3360
6201 2 2 6 201 1664 3108 3400
6202 2 2 6 201 509 2753 3075
6203 2 2 6 201 2515 1619 3191
6204 2 2 6 201 2749 1850 2872
6205 2 2 6 201 2491 1956 3259
6206 2 2 6 201 2538 478 3023
6207 2 2 6 201 2132 2881 3298
6208 2 2 6 201 2653 2027 3349
6209 2 2 6 201 1757 2789 3308
6210 2 2 6 201 1672 3030 3333
6211 2 2 6 201 1611 2504 3252
6212 2 2 6 201 2753 1876 3075
6213 2 2 6 201 2540 1776 3208
6214 2 2 6 201 1865 2527 3340
6215 2 2 6 201 2441 1968 3187
6216 2 2 6 201 2275 3086 3310
6217 2 2 6 201 2479 1771 3277
6218 2 2 6 201 2004 2909 2935
6219 2 2 6 201 2482 1769 3285
6220 2 2 6 201 2850 2479 3277
6221 2 2 6 201 2153 3017 3103
6222 2 2 6 201 1978 2719 3056
6223 2 2 6 201 2909 2004 3361
6224 2 2 6 201 2724 2097 3087
6225 2 2 6 201 2145 2564 3112
6226 2 2 6 201 3006 2073 3134
6227 2 2 6 201 2092 2654 3100
6228 2 2 6 201 2597 1656 3109
6229 2 2 6 201 1832 2714 3327
6230 2 2 6 201 3035 2133 3167
6231 2 2 6 201 1947 2611 3038
6232 2 2 6 201 3017 1918 3103
6233 2 2 6 201 2749 2014 3243
6234 2 2 6 201 2814 2482 3285
6235 2 2 6 201 1850 2749 3243
6236 2 2 6 201 1883 2597 3109
6237 2 2 6 201 2881 2013 3298
6238 2 2 6 201 2042 2833 3247
6239 2 2 6 201 2562 1975 3331
6240 2 2 6 201 2787 1973 3149
6241 2 2 6 201 1636 2941 3078
6242 2 2 6 201 1676 2920 3298
6243 2 2 6 201 2552 1915 3151
6244 2 2 6 201 2713 1908 2951
6245 2 2 6 201 2746 1866 2910
6246 2 2 6 201 2566 1646 3157
6247 2 2 6 201 1877 2684 2901
6248 2 2 6 201 475 2550 3117
6249 2 2 6 201 1978 2936 2965
6250 2 2 6 201 1901 2746 2910
6251 2 2 6 201 1969 2921 3196
6252 2 2 6 201 2592 1798 3248
6253 2 2 6 201 2646 1925 3059
6254 2 2 6 201 1930 2471 3152
6255 2 2 6 201 2015 2475 3347
6256 2 2 6 201 2087 2768 2899
6257 2 2 6 201 1540 2579 3195
6258 2 2 6 201 2779 2277 2892
6259 2 2 6 201 2762 1594 3149
6260 2 2 6 201 2002 2798 2997
6261 2 2 6 201 346 2713 2951
6262 2 2 6 201 2167 3151 3183
6263 2 2 6 201 1869 2721 2958
6264 2 2 6 201 2690 1590 3093
6265 2 2 6 201 2948 1922 3055
6266 2 2 6 201 2341 2762 3149
6267 2 2 6 201 1650 2779 2892
6268 2 2 6 201 2844 1848 3341
6269 2 2 6 201 2682 1903 3104
6270 2 2 6 201 2789 2090 3308
6271 2 2 6 201 2833 1669 3247
6272 2 2 6 201 2732 2186 3168
6273 2 2 6 201 2595 1756 3204
6274 2 2 6 201 1876 2753 2963
6275 2 2 6 201 1769 2482 3382
6276 2 2 6 201 1710 2472 3181
6277 2 2 6 201 2936 1944 2965
6278 2 2 6 201 1714 2667 3006
6279 2 2 6 201 1669 2833 3022
6280 2 2 6 201 2824 1966 2926
6281 2 2 6 201 2750 1989 3180
6282 2 2 6 201 2211 3190 3351
6283 2 2 6 201 2007 2829 3147
6284 2 2 6 201 1771 2479 3394
6285 2 2 6 201 1630 2614 3155
6286 2 2 6 201 1631 2526 3329
6287 2 2 6 201 1906 2536 3246
6288 2 2 6 201 1639 2864 3217
6289 2 2 6 201 2482 2758 3382
6290 2 2 6 201 258 2684 3009
6291 2 2 6 201 3301 2374 3355
6292 2 2 6 201 2647 1886 3249
6293 2 2 6 201 2737 1923 2887
6294 2 2 6 201 1946 2690 3093
6295 2 2 6 201 2268 2856 2915
6296 2 2 6 201 1919 2992 3322
6297 2 2 6 201 3151 1915 3183
6298 2 2 6 201 313 2659 3237
6299 2 2 6 201 2479 2761 3394
6300 2 2 6 201 1714 3006 3134
6301 2 2 6 201 2254 2801 3048
6302 2 2 6 201 1673 2552 3151
6303 2 2 6 201 1620 2794 2970
6304 2 2 6 201 2921 2109 3196
6305 2 2 6 201 2737 2107 3086
6306 2 2 6 201 1770 2605 3317
6307 2 2 6 201 1763 2515 3229
6308 2 2 6 201 2631 1822 3185
6309 2 2 6 201 2611 1585 3038
6310 2 2 6 201 2582 2009 3160
6311 2 2 6 201 2706 1867 3026
6312 2 2 6 201 3190 1654 3351
6313 2 2 6 201 2495 2817 3223
6314 2 2 6 201 2778 1920 3208
6315 2 2 6 201 2714 1633 3344
6316 2 2 6 201 2978 1942 3305
6317 2 2 6 201 2105 2844 3341
6318 2 2 6 201 1632 2754 2905
6319 2 2 6 201 2054 2948 3055
6320 2 2 6 201 2774 1896 2979
6321 2 2 6 201 2806 1571 3143
6322 2 2 6 201 1925 2598 3059
6323 2 2 6 201 1958 2567 3224
6324 2 2 6 201 2652 1845 2957
6325 2 2 6 201 1919 2824 2926
6326 2 2 6 201 499 2818 3203
6327 2 2 6 201 2620 1888 3125
6328 2 2 6 201 2076 2664 3197
6329 2 2 6 201 3170 2424 3179
6330 2 2 6 201 2497 1753 3337
6331 2 2 6 201 2657 318 3082
6332 2 2 6 201 2856 1863 2915
6333 2 2 6 201 3180 1989 3287
6334 2 2 6 201 2864 1639 2992
6335 2 2 6 201 2950 2071 3177
6336 2 2 6 201 2912 1922 3182
6337 2 2 6 201 2579 2119 3138
6338 2 2 6 201 1816 2674 3080
6339 2 2 6 201 2549 1630 3155
6340 2 2 6 201 3058 2035 3363
6341 2 2 6 201 1741 2583 3215
6342 2 2 6 201 2664 1638 3197
6343 2 2 6 201 1688 2888 3057
6344 2 2 6 201 2715 1655 3028
6345 2 2 6 201 2570 1772 3352
6346 2 2 6 201 1864 2518 3362
6347 2 2 6 201 1656 2682 3104
6348 2 2 6 201 1701 3301 3355
6349 2 2 6 201 3338 1593 3404
6350 2 2 6 201 2130 2715 3028
6351 2 2 6 201 2109 2581 3312
6352 2 2 6 201 1757 2506 3321
6353 2 2 6 201 2870 1855 3178
6354 2 2 6 201 2614 1630 3304
6355 2 2 6 201 2843 1878 2917
6356 2 2 6 201 1977 2887 2962
6357 2 2 6 201 2035 3058 3074
6358 2 2 6 201 2724 1958 3224
6359 2 2 6 201 1908 2713 3057
6360 2 2 6 201 3072 2038 3383
6361 2 2 6 201 2746 1901 3378
6362 2 2 6 201 2078 3108 3127
6363 2 2 6 201 2868 1798 2986
6364 2 2 6 201 2646 1658 3201
6365 2 2 6 201 1919 2864 2992
6366 2 2 6 201 2758 1936 3382
6367 2 2 6 201 2626 435 3184
6368 2 2 6 201 2693 1915 3162
6369 2 2 6 201 3008 1874 3315
6370 2 2 6 201 1687 2601 3261
6371 2 2 6 201 2384 3338 3404
6372 2 2 6 201 310 2895 3264
6373 2 2 6 201 2028 2596 3387
6374 2 2 6 201 2599 1882 3275
6375 2 2 6 201 1744 2594 3374
6376 2 2 6 201 2761 1937 3394
6377 2 2 6 201 2619 1945 3385
6378 2 2 6 201 2626 1814 3380
6379 2 2 6 201 2649 1849 3357
6380 2 2 6 201 2648 1666 3356
6381 2 2 6 201 2672 2218 3261
6382 2 2 6 201 2038 3072 3093
6383 2 2 6 201 2561 1944 3241
6384 2 2 6 201 1653 2681 3070
6385 2 2 6 201 1866 2746 3076
6386 2 2 6 201 3027 2086 3073
6387 2 2 6 201 2818 1913 3203
6388 2 2 6 201 1860 2840 3102
6389 2 2 6 201 2730 1686 3096
6390 2 2 6 201 2075 2855 2937
6391 2 2 6 201 1711 2619 3385
6392 2 2 6 201 2608 1586 3281
6393 2 2 6 201 2624 1900 3248
6394 2 2 6 201 3123 2099 3133
6395 2 2 6 201 2887 1923 2962
6396 2 2 6 201 2210 2952 3116
6397 2 2 6 201 2689 1951 3359
6398 2 2 6 201 1943 3035 3167
6399 2 2 6 201 2596 515 3387
6400 2 2 6 201 2911 2058 3195
6401 2 2 6 201 2658 1670 3370
6402 2 2 6 201 2253 2670 3281
6403 2 2 6 201 289 2850 2982
6404 2 2 6 201 1841 2704 3106
6405 2 2 6 201 2175 2730 3096
6406 2 2 6 201 1793 2693 3162
6407 2 2 6 201 2682 1926 3078
6408 2 2 6 201 2808 1904 3030
6409 2 2 6 201 1590 2690 3310
6410 2 2 6 201 2807 1565 3244
6411 2 2 6 201 1958 2724 3087
6412 2 2 6 201 2788 1621 3170
6413 2 2 6 201 1639 2745 2988
6414 2 2 6 201 1543 2689 3359
6415 2 2 6 201 1915 2693 3183
6416 2 2 6 201 3058 1938 3074
6417 2 2 6 201 3108 1957 3127
6418 2 2 6 201 2704 1916 3106
6419 2 2 6 201 3030 1672 3262
6420 2 2 6 201 1837 2638 3367
6421 2 2 6 201 1775 2766 3219
6422 2 2 6 201 2622 425 3365
6423 2 2 6 201 2692 1675 3241
6424 2 2 6 201 2743 1990 3368
6425 2 2 6 201 1927 3170 3179
6426 2 2 6 201 1879 2919 3284
6427 2 2 6 201 2623 1587 3369
6428 2 2 6 201 2636 1789 3313
6429 2 2 6 201 2659 2050 3237
6430 2 2 6 201 2534 1964 3328
6431 2 2 6 201 2891 2328 3396
6432 2 2 6 201 1910 2729 3153
6433 2 2 6 201 325 2707 3172
6434 2 2 6 201 2734 305 3135
6435 2 2 6 201 1952 2734 3135
6436 2 2 6 201 2840 1973 3102
6437 2 2 6 201 1924 3027 3073
6438 2 2 6 201 2220 2932 2933
6439 2 2 6 201 1953 3123 3133
6440 2 2 6 201 1669 2717 3247
6441 2 2 6 201 2298 2786 3308
6442 2 2 6 201 2661 1879 3284
6443 2 2 6 201 3027 1671 3290
6444 2 2 6 201 2108 2868 2986
6445 2 2 6 201 1652 2732 3168
6446 2 2 6 201 3072 1946 3093
6447 2 2 6 201 1948 2649 3357
6448 2 2 6 201 1626 2683 3228
6449 2 2 6 201 2651 1643 3331
6450 2 2 6 201 1944 2692 3241
6451 2 2 6 201 3293 2275 3401
6452 2 2 6 201 2114 2977 3201
6453 2 2 6 201 1968 2671 3187
6454 2 2 6 201 2889 287 3169
6455 2 2 6 201 1667 3092 3123
6456 2 2 6 201 2187 2772 3309
6457 2 2 6 201 2034 2870 3178
6458 2 2 6 201 3175 1986 3317
6459 2 2 6 201 1687 2891 3396
6460 2 2 6 201 1699 2813 3339
6461 2 2 6 201 2850 1967 2982
6462 2 2 6 201 2766 1954 3219
6463 2 2 6 201 3331 1975 3380
6464 2 2 6 201 247 2790 3239
6465 2 2 6 201 2821 1964 3081
6466 2 2 6 201 3068 1664 3400
6467 2 2 6 201 2576 1828 3145
6468 2 2 6 201 3092 2099 3123
6469 2 2 6 201 1945 2610 3385
6470 2 2 6 201 3225 1564 3322
6471 2 2 6 201 1605 2672 3287
6472 2 2 6 201 2594 1623 3354
6473 2 2 6 201 2168 2916 3362
6474 2 2 6 201 2722 1637 3268
6475 2 2 6 201 2690 1982 3310
6476 2 2 6 201 1633 2564 3402
6477 2 2 6 201 1872 2743 3368
6478 2 2 6 201 1929 2706 3288
6479 2 2 6 201 3071 1666 3363
6480 2 2 6 201 2795 1663 3056
6481 2 2 6 201 2728 1778 3366
6482 2 2 6 201 3111 2172 3162
6483 2 2 6 201 1968 2939 3294
6484 2 2 6 201 1967 3061 3311
6485 2 2 6 201 2058 3098 3195
6486 2 2 6 201 3045 2154 3219
6487 2 2 6 201 2695 1876 3309
6488 2 2 6 201 1708 3293 3401
6489 2 2 6 201 1915 3111 3162
6490 2 2 6 201 2888 1908 3057
6491 2 2 6 201 2790 2046 3239
6492 2 2 6 201 3085 1670 3383
6493 2 2 6 201 2939 1963 3227
6494 2 2 6 201 2001 3084 3352
6495 2 2 6 201 2723 1744 3374
6496 2 2 6 201 2683 1971 3228
6497 2 2 6 201 1849 2756 3357
6498 2 2 6 201 2815 1737 3305
6499 2 2 6 201 2932 1897 2933
6500 2 2 6 201 2086 3027 3290
6501 2 2 6 201 2836 2010 3399
6502 2 2 6 201 3108 2078 3400
6503 2 2 6 201 1895 2874 3118
6504 2 2 6 201 1952 3092 3348
6505 2 2 6 201 3146 1967 3311
6506 2 2 6 201 1936 3053 3382
6507 2 2 6 201 1633 3066 3344
6508 2 2 6 201 1993 3186 3405
6509 2 2 6 201 1577 2746 3378
6510 2 2 6 201 2916 1864 3362
6511 2 2 6 201 2853 1902 3119
6512 2 2 6 201 2759 2028 3387
6513 2 2 6 201 2733 2013 3388
6514 2 2 6 201 2694 1891 3303
6515 2 2 6 201 2032 3238 3282
6516 2 2 6 201 3238 2170 3282
6517 2 2 6 201 2813 1905 3339
6518 2 2 6 201 3098 1540 3195
6519 2 2 6 201 2089 3225 3322
6520 2 2 6 201 2282 2956 3106
6521 2 2 6 201 1937 3069 3394
6522 2 2 6 201 2010 2718 3399
6523 2 2 6 201 1955 2814 3285
6524 2 2 6 201 2952 1932 3116
6525 2 2 6 201 2671 1968 3314
6526 2 2 6 201 2864 1847 3217
6527 2 2 6 201 1955 3050 3290
6528 2 2 6 201 1854 2671 3314
6529 2 2 6 201 3186 2208 3405
6530 2 2 6 201 2780 1704 3259
6531 2 2 6 201 1992 3211 3397
6532 2 2 6 201 1657 2867 3115
6533 2 2 6 201 3040 1690 3263
6534 2 2 6 201 1947 3038 3114
6535 2 2 6 201 1638 2801 3197
6536 2 2 6 201 1638 2966 3107
6537 2 2 6 201 1564 2824 3322
6538 2 2 6 201 3110 1955 3290
6539 2 2 6 201 2714 1913 3327
6540 2 2 6 201 3211 2207 3397
6541 2 2 6 201 3001 1930 3033
6542 2 2 6 201 3038 2148 3114
6543 2 2 6 201 2830 2378 3367
6544 2 2 6 201 2880 1951 3214
6545 2 2 6 201 1913 2714 3344
6546 2 2 6 201 2397 3037 3368
6547 2 2 6 201 1901 2910 3231
6548 2 2 6 201 2356 2858 3373
6549 2 2 6 201 2777 2059 3274
6550 2 2 6 201 2786 1757 3308
6551 2 2 6 201 2956 1841 3106
6552 2 2 6 201 2997 1974 3097
6553 2 2 6 201 2952 2210 3294
6554 2 2 6 201 1999 2723 3374
6555 2 2 6 201 2311 2973 3349
6556 2 2 6 201 339 2912 3182
6557 2 2 6 201 2564 3181 3402
6558 2 2 6 201 2925 1850 3243
6559 2 2 6 201 272 2953 3240
6560 2 2 6 201 323 2836 3399
6561 2 2 6 201 1898 2880 3214
6562 2 2 6 201 2966 1991 3107
6563 2 2 6 201 2990 2067 3218
6564 2 2 6 201 3204 1756 3273
6565 2 2 6 201 2067 3040 3263
6566 2 2 6 201 1963 2846 3145
6567 2 2 6 201 1942 2815 3305
6568 2 2 6 201 2002 2997 3097
6569 2 2 6 201 1967 2850 3277
6570 2 2 6 201 1952 3088 3092
6571 2 2 6 201 1661 2939 3227
6572 2 2 6 201 2327 2925 3243
6573 2 2 6 201 2019 3010 3222
6574 2 2 6 201 3042 1934 3144
6575 2 2 6 201 1891 2923 3303
6576 2 2 6 201 1916 2934 3221
6577 2 2 6 201 2159 3204 3273
6578 2 2 6 201 497 3001 3033
6579 2 2 6 201 1854 2990 3218
6580 2 2 6 201 3218 2067 3263
6581 2 2 6 201 2939 1661 3294
6582 2 2 6 201 2867 2017 3300
6583 2 2 6 201 2475 2890 3347
6584 2 2 6 201 1683 3067 3391
6585 2 2 6 201 2881 320 3388
6586 2 2 6 201 3050 1955 3285
6587 2 2 6 201 2195 3042 3144
6588 2 2 6 201 3067 2106 3391
6589 2 2 6 201 2858 1786 3373
6590 2 2 6 201 3088 2099 3092
6591 2 2 6 201 1905 2995 3339
6592 2 2 6 201 2798 2002 3403
6593 2 2 6 201 2133 3035 3227
6594 2 2 6 201 2046 3218 3263
6595 2 2 6 201 3181 1918 3402
6596 2 2 6 201 2013 2881 3388
6597 2 2 6 201 1661 2952 3294
6598 2 2 6 201 3010 285 3222
6599 2 2 6 201 1545 2998 3265
6600 2 2 6 201 1771 3061 3277
6601 2 2 6 201 1769 3050 3285
6602 2 2 6 201 3061 1967 3277
6603 2 2 6 201 2817 518 3223
6604 2 2 6 201 2890 1681 3347
6605 2 2 6 201 3035 1661 3227
6606 2 2 6 201 1565 2936 3244
6607 2 2 6 201 2275 3310 3401
6608 2 2 6 201 1666 3071 3356
6609 2 2 6 201 1977 2962 3358
6610 2 2 6 201 1670 3085 3370
6611 2 2 6 201 2973 1819 3349
6612 2 2 6 201 1671 3110 3290
6613 2 2 6 201 2995 2261 3339
6614 2 2 6 201 3066 2385 3344
6615 2 2 6 201 2515 3191 3229
6616 2 2 6 201 2998 2026 3265
6617 2 2 6 201 3310 1982 3401
6618 2 2 6 201 1954 3045 3219
6619 2 2 6 201 3053 1769 3382
6620 2 2 6 201 2962 1566 3358
6621 2 2 6 201 3069 1771 3394
6622 2 2 6 201 3060 1676 3345
6623 2 2 6 201 3037 1872 3368
6624 2 2 6 201 3071 2080 3356
6625 2 2 6 201 3101 1933 3400
6626 2 2 6 201 3191 1940 3229
6627 2 2 6 201 3050 2086 3290
6628 2 2 6 201 3085 2084 3370
6629 2 2 6 201 2992 2089 3322
6630 2 2 6 201 3053 1936 3363
6631 2 2 6 201 3132 1718 3320
6632 2 2 6 201 3254 2171 3265
6633 2 2 6 201 2118 3132 3320
6634 2 2 6 201 3061 2107 3311
6635 2 2 6 201 2081 3318 3320
6636 2 2 6 201 2056 3060 3345
6637 2 2 6 201 1933 3068 3400
6638 2 2 6 201 3069 1937 3383
6639 2 2 6 201 1936 3071 3363
6640 2 2 6 201 1662 3146 3311
6641 2 2 6 201 3318 2118 3320
6642 2 2 6 201 2035 3053 3363
6643 2 2 6 201 3092 1667 3348
6644 2 2 6 201 1937 3085 3383
6645 2 2 6 201 2078 3101 3400
6646 2 2 6 201 2038 3069 3383
6647 2 2 6 201 3335 1577 3378
6648 2 2 6 201 2026 3254 3265
6649 2 2 6 201 2594 3354 3374
6650 2 2 6 201 3354 1999 3374
6651 2 2 6 201 2137 3335 3378
6652 2 2 6 301 529 530 3484
6653 2 2 6 301 3411 3511 3512
6654 2 2 6 301 518 517 3611
6655 2 2 6 301 393 392 3605
6656 2 2 6 301 3411 53 3412
6657 2 2 6 301 3482 3406 3508
6658 2 2 6 301 505 504 3500
6659 2 2 6 301 3423 3503 3606
6660 2 2 6 301 509 508 3502
6661 2 2 6 301 3507 3450 3551
6662 2 2 6 301 521 522 3603
6663 2 2 6 301 3454 3410 3567
6664 2 2 6 301 3451 3422 3501
6665 2 2 6 301 3480 426 3543
6666 2 2 6 301 46 2 3559
6667 2 2 6 301 3406 3422 3451
6668 2 2 6 301 529 3484 3506
6669 2 2 6 301 3453 3410 3555
6670 2 2 6 301 3422 3455 3513
6671 2 2 6 301 3416 50 3417
6672 2 2 6 301 3455 3507 3549
6673 2 2 6 301 3419 3420 3433
6674 2 2 6 301 3414 3415 3438
6675 2 2 6 301 3448 3423 3601
6676 2 2 6 301 530 3483 3484
6677 2 2 6 301 530 531 3483
6678 2 2 6 301 3452 3448 3572
6679 2 2 6 301 3450 3449 3557
6680 2 2 6 301 3410 3407 3567
6681 2 2 6 301 3414 52 3415
6682 2 2 6 301 3415 3416 3440
6683 2 2 6 301 3452 3410 3453
6684 2 2 6 301 490 489 3515
6685 2 2 6 301 492 491 3516
6686 2 2 6 301 433 432 3517
6687 2 2 6 301 3437 3438 3465
6688 2 2 6 301 3432 3433 3461
6689 2 2 6 301 432 431 3602
6690 2 2 6 301 513 512 3507
6691 2 2 6 301 426 3480 3493
6692 2 2 6 301 3503 393 3605
6693 2 2 6 301 494 493 3598
6694 2 2 6 301 435 434 3599
6695 2 2 6 301 431 430 3602
6696 2 2 6 301 474 473 3592
6697 2 2 6 301 420 419 3591
6698 2 2 6 301 497 496 3589
6699 2 2 6 301 438 437 3590
6700 2 2 6 301 477 476 3587
6701 2 2 6 301 480 479 3586
6702 2 2 6 301 483 482 3580
6703 2 2 6 301 482 481 3580
6704 2 2 6 301 456 455 3581
6705 2 2 6 301 457 456 3581
6706 2 2 6 301 454 453 3582
6707 2 2 6 301 453 452 3582
6708 2 2 6 301 479 478 3586
6709 2 2 6 301 450 449 3583
6710 2 2 6 301 451 450 3583
6711 2 2 6 301 448 447 3584
6712 2 2 6 301 447 446 3584
6713 2 2 6 301 444 443 3585
6714 2 2 6 301 445 444 3585
6715 2 2 6 301 476 475 3587
6716 2 2 6 301 496 495 3589
6717 2 2 6 301 437 436 3590
6718 2 2 6 301 473 472 3592
6719 2 2 6 301 419 418 3591
6720 2 2 6 301 493 492 3598
6721 2 2 6 301 434 433 3599
6722 2 2 6 301 500 499 3588
6723 2 2 6 301 499 498 3588
6724 2 2 6 301 3527 3423 3606
6725 2 2 6 301 517 3504 3611
6726 2 2 6 301 3409 3506 3573
6727 2 2 6 301 413 3568 3579
6728 2 2 6 301 3411 3412 3446
6729 2 2 6 301 3504 3424 3609
6730 2 2 6 301 467 3565 3578
6731 2 2 6 301 410 409 3544
6732 2 2 6 301 3443 3417 3447
6733 2 2 6 301 404 403 3545
6734 2 2 6 301 3569 406 3577
6735 2 2 6 301 3482 3408 3604
6736 2 2 6 301 3545 403 3607
6737 2 2 6 301 3565 465 3566
6738 2 2 6 301 3419 49 3420
6739 2 2 6 301 472 471 3519
6740 2 2 6 301 470 469 3520
6741 2 2 6 301 3444 46 3559
6742 2 2 6 301 418 417 3523
6743 2 2 6 301 416 415 3522
6744 2 2 6 301 54 53 3411
6745 2 2 6 301 3492 487 3563
6746 2 2 6 301 3454 3446 3499
6747 2 2 6 301 3478 3428 3479
6748 2 2 6 301 3446 3445 3481
6749 2 2 6 301 3423 3448 3509
6750 2 2 6 301 3411 3446 3597
6751 2 2 6 301 3416 3417 3442
6752 2 2 6 301 3424 3524 3609
6753 2 2 6 301 3490 463 3564
6754 2 2 6 301 3497 411 3544
6755 2 2 6 301 408 3495 3544
6756 2 2 6 301 528 3506 3527
6757 2 2 6 301 528 529 3506
6758 2 2 6 301 3501 3422 3513
6759 2 2 6 301 495 494 3525
6760 2 2 6 301 436 435 3526
6761 2 2 6 301 3450 3424 3510
6762 2 2 6 301 3536 459 3537
6763 2 2 6 301 3500 504 3571
6764 2 2 6 301 3519 471 3520
6765 2 2 6 301 460 3536 3564
6766 2 2 6 301 484 3535 3563
6767 2 2 6 301 416 3522 3523
6768 2 2 6 301 3482 521 3603
6769 2 2 6 301 475 474 3528
6770 2 2 6 301 421 420 3529
6771 2 2 6 301 498 497 3530
6772 2 2 6 301 439 438 3531
6773 2 2 6 301 478 477 3532
6774 2 2 6 301 481 480 3534
6775 2 2 6 301 484 483 3535
6776 2 2 6 301 460 459 3536
6777 2 2 6 301 458 457 3537
6778 2 2 6 301 455 454 3538
6779 2 2 6 301 452 451 3539
6780 2 2 6 301 449 448 3540
6781 2 2 6 301 446 445 3541
6782 2 2 6 301 443 442 3542
6783 2 2 6 301 425 424 3543
6784 2 2 6 301 505 3500 3574
6785 2 2 6 301 501 500 3533
6786 2 2 6 301 3449 3450 3507
6787 2 2 6 301 395 394 3509
6788 2 2 6 301 3483 3407 3484
6789 2 2 6 301 501 3533 3571
6790 2 2 6 301 516 515 3510
6791 2 2 6 301 3408 3482 3603
6792 2 2 6 301 3502 508 3574
6793 2 2 6 301 3418 3419 3431
6794 2 2 6 301 3413 3414 3428
6795 2 2 6 301 3448 3452 3514
6796 2 2 6 301 527 3527 3606
6797 2 2 6 301 3436 3451 3501
6798 2 2 6 301 411 3497 3568
6799 2 2 6 301 3495 408 3569
6800 2 2 6 301 3448 3409 3572
6801 2 2 6 301 14 400 3555
6802 2 2 6 301 51 50 3416
6803 2 2 6 301 3524 3424 3557
6804 2 2 6 301 52 51 3415
6805 2 2 6 301 3451 3421 3612
6806 2 2 6 301 393 3503 3546
6807 2 2 6 301 3492 3461 3515
6808 2 2 6 301 3421 48 3612
6809 2 2 6 301 3420 3421 3435
6810 2 2 6 301 49 48 3420
6811 2 2 6 301 3409 3448 3601
6812 2 2 6 301 3449 3408 3557
6813 2 2 6 301 3427 3413 3428
6814 2 2 6 301 3434 3420 3435
6815 2 2 6 301 3504 517 3548
6816 2 2 6 301 3430 3418 3431
6817 2 2 6 301 3441 3442 3473
6818 2 2 6 301 3440 3441 3471
6819 2 2 6 301 3439 3440 3469
6820 2 2 6 301 397 396 3514
6821 2 2 6 301 3456 3429 3457
6822 2 2 6 301 3524 524 3609
6823 2 2 6 301 3410 3572 3573
6824 2 2 6 301 3433 3434 3463
6825 2 2 6 301 3438 3439 3467
6826 2 2 6 301 3427 3428 3478
6827 2 2 6 301 3452 3453 3518
6828 2 2 6 301 3430 3431 3459
6829 2 2 6 301 3455 3449 3507
6830 2 2 6 301 3407 3410 3573
6831 2 2 6 301 399 398 3518
6832 2 2 6 301 3449 3455 3610
6833 2 2 6 301 3410 3452 3572
6834 2 2 6 301 487 3492 3575
6835 2 2 6 301 427 3493 3570
6836 2 2 6 301 3559 519 3560
6837 2 2 6 301 50 49 3418
6838 2 2 6 301 53 52 3413
6839 2 2 6 301 441 440 3561
6840 2 2 6 301 423 422 3562
6841 2 2 6 301 522 523 3613
6842 2 2 6 301 524 525 3609
6843 2 2 6 301 3505 3408 3603
6844 2 2 6 301 3475 3476 3497
6845 2 2 6 301 527 528 3527
6846 2 2 6 301 523 524 3524
6847 2 2 6 301 2 519 3559
6848 2 2 6 301 3429 3430 3457
6849 2 2 6 301 3561 3542 3593
6850 2 2 6 301 3531 3561 3594
6851 2 2 6 301 3562 3543 3595
6852 2 2 6 301 3417 3429 3447
6853 2 2 6 301 3529 3562 3596
6854 2 2 6 301 486 485 3563
6855 2 2 6 301 462 461 3564
6856 2 2 6 301 520 521 3508
6857 2 2 6 301 521 3482 3508
6858 2 2 6 301 392 15 3605
6859 2 2 6 301 526 527 3606
6860 2 2 6 301 3412 53 3413
6861 2 2 6 301 519 520 3560
6862 2 2 6 301 15 526 3605
6863 2 2 6 301 503 502 3571
6864 2 2 6 301 12 518 3611
6865 2 2 6 301 3506 3484 3573
6866 2 2 6 301 3508 3406 3600
6867 2 2 6 301 3439 3415 3440
6868 2 2 6 301 46 3444 3550
6869 2 2 6 301 3437 3414 3438
6870 2 2 6 301 3432 3419 3433
6871 2 2 6 301 507 506 3574
6872 2 2 6 301 463 3490 3566
6873 2 2 6 301 3441 3416 3442
6874 2 2 6 301 3440 3416 3441
6875 2 2 6 301 3410 3454 3555
6876 2 2 6 301 3406 3482 3604
6877 2 2 6 301 525 12 3611
6878 2 2 6 301 3424 3450 3557
6879 2 2 6 301 510 13 3513
6880 2 2 6 301 3494 430 3570
6881 2 2 6 301 3433 3420 3434
6882 2 2 6 301 3438 3415 3439
6883 2 2 6 301 531 532 3558
6884 2 2 6 301 3423 3509 3546
6885 2 2 6 301 47 3 3550
6886 2 2 6 301 54 3411 3512
6887 2 2 6 301 4 54 3512
6888 2 2 6 301 513 3507 3551
6889 2 2 6 301 3417 50 3418
6890 2 2 6 301 3527 3506 3601
6891 2 2 6 301 3483 531 3558
6892 2 2 6 301 3510 3424 3548
6893 2 2 6 301 523 3524 3613
6894 2 2 6 301 400 3554 3555
6895 2 2 6 301 48 47 3612
6896 2 2 6 301 3503 3423 3546
6897 2 2 6 301 3507 512 3549
6898 2 2 6 301 3 46 3550
6899 2 2 6 301 430 3494 3602
6900 2 2 6 301 3435 3436 3487
6901 2 2 6 301 394 393 3546
6902 2 2 6 301 3511 3425 3512
6903 2 2 6 301 3424 3504 3548
6904 2 2 6 301 517 516 3548
6905 2 2 6 301 3420 48 3421
6906 2 2 6 301 3517 432 3602
6907 2 2 6 301 3509 394 3546
6908 2 2 6 301 512 511 3549
6909 2 2 6 301 490 3515 3576
6910 2 2 6 301 3516 491 3576
6911 2 2 6 301 3515 489 3575
6912 2 2 6 301 3455 3422 3610
6913 2 2 6 301 3406 3451 3521
6914 2 2 6 301 3442 3443 3486
6915 2 2 6 301 3418 49 3419
6916 2 2 6 301 3431 3432 3485
6917 2 2 6 301 492 3516 3598
6918 2 2 6 301 433 3517 3599
6919 2 2 6 301 515 514 3547
6920 2 2 6 301 3505 3524 3557
6921 2 2 6 301 3483 3425 3608
6922 2 2 6 301 516 3510 3548
6923 2 2 6 301 3428 3437 3480
6924 2 2 6 301 3426 3427 3476
6925 2 2 6 301 3425 3483 3558
6926 2 2 6 301 3444 3559 3560
6927 2 2 6 301 467 466 3565
6928 2 2 6 301 465 464 3566
6929 2 2 6 301 396 395 3552
6930 2 2 6 301 3525 494 3598
6931 2 2 6 301 3526 435 3599
6932 2 2 6 301 472 3519 3592
6933 2 2 6 301 418 3523 3591
6934 2 2 6 301 3435 3421 3436
6935 2 2 6 301 3528 474 3592
6936 2 2 6 301 413 412 3568
6937 2 2 6 301 3529 420 3591
6938 2 2 6 301 407 406 3569
6939 2 2 6 301 395 3509 3552
6940 2 2 6 301 495 3525 3589
6941 2 2 6 301 436 3526 3590
6942 2 2 6 301 3510 515 3547
6943 2 2 6 301 3530 497 3589
6944 2 2 6 301 3531 438 3590
6945 2 2 6 301 475 3528 3587
6946 2 2 6 301 3532 477 3587
6947 2 2 6 301 478 3532 3586
6948 2 2 6 301 3534 480 3586
6949 2 2 6 301 481 3534 3580
6950 2 2 6 301 3535 483 3580
6951 2 2 6 301 3537 457 3581
6952 2 2 6 301 455 3538 3581
6953 2 2 6 301 3538 454 3582
6954 2 2 6 301 452 3539 3582
6955 2 2 6 301 3539 451 3583
6956 2 2 6 301 449 3540 3583
6957 2 2 6 301 3540 448 3584
6958 2 2 6 301 446 3541 3584
6959 2 2 6 301 3541 445 3585
6960 2 2 6 301 443 3542 3585
6961 2 2 6 301 498 3530 3588
6962 2 2 6 301 3533 500 3588
6963 2 2 6 301 3425 55 3512
6964 2 2 6 301 429 428 3570
6965 2 2 6 301 3434 3435 3488
6966 2 2 6 301 3415 51 3416
6967 2 2 6 301 398 397 3553
6968 2 2 6 301 3436 3421 3451
6969 2 2 6 301 3428 3414 3437
6970 2 2 6 301 3431 3419 3432
6971 2 2 6 301 400 399 3554
6972 2 2 6 301 3413 52 3414
6973 2 2 6 301 514 513 3551
6974 2 2 6 301 3442 3417 3443
6975 2 2 6 301 3444 3521 3550
6976 2 2 6 301 3524 3505 3613
6977 2 2 6 301 404 3545 3577
6978 2 2 6 301 3458 3430 3459
6979 2 2 6 301 489 488 3575
6980 2 2 6 301 491 490 3576
6981 2 2 6 301 3457 3430 3458
6982 2 2 6 301 3484 3407 3573
6983 2 2 6 301 3412 3426 3445
6984 2 2 6 301 3506 3409 3601
6985 2 2 6 301 3514 396 3552
6986 2 2 6 301 520 3508 3560
6987 2 2 6 301 55 4 3512
6988 2 2 6 301 3460 3431 3485
6989 2 2 6 301 3491 3447 3520
6990 2 2 6 301 3474 3442 3486
6991 2 2 6 301 402 401 3607
6992 2 2 6 301 3450 3547 3551
6993 2 2 6 301 3464 3434 3488
6994 2 2 6 301 405 404 3577
6995 2 2 6 301 3466 3438 3467
6996 2 2 6 301 3462 3433 3463
6997 2 2 6 301 397 3514 3553
6998 2 2 6 301 3426 3413 3427
6999 2 2 6 301 3498 3476 3522
7000 2 2 6 301 3520 469 3578
7001 2 2 6 301 3407 3483 3608
7002 2 2 6 301 469 468 3578
7003 2 2 6 301 3459 3431 3460
7004 2 2 6 301 3468 3439 3469
7005 2 2 6 301 3463 3434 3464
7006 2 2 6 301 3467 3439 3468
7007 2 2 6 301 3473 3442 3474
7008 2 2 6 301 3472 3441 3473
7009 2 2 6 301 3471 3441 3472
7010 2 2 6 301 3470 3440 3471
7011 2 2 6 301 3469 3440 3470
7012 2 2 6 301 3522 415 3579
7013 2 2 6 301 415 414 3579
7014 2 2 6 301 3445 3495 3496
7015 2 2 6 301 3408 3505 3557
7016 2 2 6 301 3429 3418 3430
7017 2 2 6 301 3572 3409 3573
7018 2 2 6 301 3518 398 3553
7019 2 2 6 301 511 510 3556
7020 2 2 6 301 3445 3426 3475
7021 2 2 6 301 3408 3449 3610
7022 2 2 6 301 399 3518 3554
7023 2 2 6 301 3474 3486 3536
7024 2 2 6 301 3460 3485 3535
7025 2 2 6 301 421 3529 3596
7026 2 2 6 301 439 3531 3594
7027 2 2 6 301 3542 442 3593
7028 2 2 6 301 3543 424 3595
7029 2 2 6 301 3476 3427 3477
7030 2 2 6 301 3443 3447 3489
7031 2 2 6 301 3459 3460 3534
7032 2 2 6 301 3473 3474 3537
7033 2 2 6 301 3472 3473 3538
7034 2 2 6 301 3471 3472 3539
7035 2 2 6 301 3470 3471 3540
7036 2 2 6 301 3469 3470 3541
7037 2 2 6 301 3468 3469 3542
7038 2 2 6 301 3458 3459 3532
7039 2 2 6 301 3463 3464 3530
7040 2 2 6 301 3467 3468 3531
7041 2 2 6 301 3479 3480 3543
7042 2 2 6 301 3560 3508 3600
7043 2 2 6 301 3457 3458 3528
7044 2 2 6 301 3478 3479 3529
7045 2 2 6 301 3464 3488 3533
7046 2 2 6 301 3462 3463 3525
7047 2 2 6 301 3466 3467 3526
7048 2 2 6 301 3412 3445 3446
7049 2 2 6 301 3447 3429 3456
7050 2 2 6 301 3567 3407 3608
7051 2 2 6 301 3436 3501 3502
7052 2 2 6 301 3480 3437 3493
7053 2 2 6 301 442 441 3593
7054 2 2 6 301 440 439 3594
7055 2 2 6 301 424 423 3595
7056 2 2 6 301 422 421 3596
7057 2 2 6 301 3446 3454 3597
7058 2 2 6 301 3477 3478 3523
7059 2 2 6 301 3493 3437 3494
7060 2 2 6 301 3456 3457 3519
7061 2 2 6 301 3432 3461 3492
7062 2 2 6 301 3481 3445 3496
7063 2 2 6 301 3406 3521 3600
7064 2 2 6 301 3475 3426 3476
7065 2 2 6 301 3446 3481 3499
7066 2 2 6 301 3447 3456 3520
7067 2 2 6 301 3476 3477 3522
7068 2 2 6 301 3423 3527 3601
7069 2 2 6 301 3547 514 3551
7070 2 2 6 301 3568 3498 3579
7071 2 2 6 301 3550 3521 3612
7072 2 2 6 301 3511 3411 3567
7073 2 2 6 301 3496 3569 3577
7074 2 2 6 301 3487 3436 3502
7075 2 2 6 301 3437 3465 3494
7076 2 2 6 301 3534 3460 3580
7077 2 2 6 301 3473 3537 3581
7078 2 2 6 301 3472 3538 3582
7079 2 2 6 301 3471 3539 3583
7080 2 2 6 301 3470 3540 3584
7081 2 2 6 301 3469 3541 3585
7082 2 2 6 301 3532 3459 3586
7083 2 2 6 301 3530 3464 3588
7084 2 2 6 301 3528 3458 3587
7085 2 2 6 301 510 3513 3556
7086 2 2 6 301 3461 3462 3516
7087 2 2 6 301 3465 3466 3517
7088 2 2 6 301 3565 3491 3578
7089 2 2 6 301 3525 3463 3589
7090 2 2 6 301 3526 3467 3590
7091 2 2 6 301 3515 3516 3576
7092 2 2 6 301 3443 3489 3490
7093 2 2 6 301 3521 3451 3612
7094 2 2 6 301 3498 3522 3579
7095 2 2 6 301 3455 3549 3556
7096 2 2 6 301 3465 3438 3466
7097 2 2 6 301 3461 3433 3462
7098 2 2 6 301 3468 3542 3561
7099 2 2 6 301 3531 3468 3561
7100 2 2 6 301 3479 3543 3562
7101 2 2 6 301 3529 3479 3562
7102 2 2 6 301 3609 525 3611
7103 2 2 6 301 441 3561 3593
7104 2 2 6 301 3561 440 3594
7105 2 2 6 301 423 3562 3595
7106 2 2 6 301 3562 422 3596
7107 2 2 6 301 3535 3485 3563
7108 2 2 6 301 3536 3486 3564
7109 2 2 6 301 3491 3520 3578
7110 2 2 6 301 3523 3478 3591
7111 2 2 6 301 3549 511 3556
7112 2 2 6 301 3519 3457 3592
7113 2 2 6 301 3425 3511 3608
7114 2 2 6 301 3499 3545 3607
7115 2 2 6 301 3545 3496 3577
7116 2 2 6 301 3477 3427 3478
7117 2 2 6 301 3533 3488 3571
7118 2 2 6 301 3445 3475 3495
7119 2 2 6 301 3454 3567 3597
7120 2 2 6 301 3479 3428 3480
7121 2 2 6 301 3489 3565 3566
7122 2 2 6 301 3509 3448 3552
7123 2 2 6 301 3567 3411 3597
7124 2 2 6 301 3450 3510 3547
7125 2 2 6 301 3448 3514 3552
7126 2 2 6 301 3605 526 3606
7127 2 2 6 301 3422 3604 3610
7128 2 2 6 301 3486 3443 3490
7129 2 2 6 301 3492 3515 3575
7130 2 2 6 301 3505 3603 3613
7131 2 2 6 301 3517 3466 3599
7132 2 2 6 301 3516 3462 3598
7133 2 2 6 301 3481 3496 3545
7134 2 2 6 301 3494 3465 3602
7135 2 2 6 301 3504 3609 3611
7136 2 2 6 301 3444 3560 3600
7137 2 2 6 301 3485 3432 3492
7138 2 2 6 301 3604 3408 3610
7139 2 2 6 301 3554 3453 3555
7140 2 2 6 301 3603 522 3613
7141 2 2 6 301 3486 3490 3564
7142 2 2 6 301 3493 3494 3570
7143 2 2 6 301 3514 3452 3553
7144 2 2 6 301 3485 3492 3563
7145 2 2 6 301 3488 3435 3500
7146 2 2 6 301 3521 3444 3600
7147 2 2 6 301 3435 3487 3500
7148 2 2 6 301 3452 3518 3553
7149 2 2 6 301 3497 3476 3498
7150 2 2 6 301 3497 3498 3568
7151 2 2 6 301 3496 3495 3569
7152 2 2 6 301 3488 3500 3571
7153 2 2 6 301 3503 3605 3606
7154 2 2 6 301 3500 3487 3574
7155 2 2 6 301 3489 3491 3565
7156 2 2 6 301 3490 3489 3566
7157 2 2 6 301 3518 3453 3554
7158 2 2 6 301 3487 3502 3574
7159 2 2 6 301 3475 3497 3544
7160 2 2 6 301 3495 3475 3544
7161 2 2 6 301 3513 3455 3556
7162 2 2 6 301 3499 3481 3545
7163 2 2 6 301 3511 3567 3608
7164 2 2 6 301 3489 3447 3491
7165 2 2 6 301 3474 3536 3537
7166 2 2 6 301 47 3550 3612
7167 2 2 6 301 3522 3477 3523
7168 2 2 6 301 3456 3519 3520
7169 2 2 6 301 3515 3461 3516
7170 2 2 6 301 3465 3517 3602
7171 2 2 6 301 3462 3525 3598
7172 2 2 6 301 3466 3526 3599
7173 2 2 6 301 3457 3528 3592
7174 2 2 6 301 3478 3529 3591
7175 2 2 6 301 3463 3530 3589
7176 2 2 6 301 3467 3531 3590
7177 2 2 6 301 3460 3535 3580
7178 2 2 6 301 3538 3473 3581
7179 2 2 6 301 3459 3534 3586
7180 2 2 6 301 3539 3472 3582
7181 2 2 6 301 3540 3471 3583
7182 2 2 6 301 3541 3470 3584
7183 2 2 6 301 3542 3469 3585
7184 2 2 6 301 3458 3532 3587
7185 2 2 6 301 3464 3533 3588
7186 2 2 6 301 5 55 3425
7187 2 2 6 301 532 5 3558
7188 2 2 6 301 5 3425 3558
7189 2 2 6 301 13 509 3502
7190 2 2 6 301 3501 13 3502
7191 2 2 6 301 13 3501 3513
7192 2 2 6 301 401 14 3607
7193 2 2 6 301 14 3454 3499
7194 2 2 6 301 3454 14 3555
7195 2 2 6 301 14 3499 3607
7196 2 2 6 301 403 402 3607
7197 2 2 6 301 406 405 3577
7198 2 2 6 301 408 407 3569
7199 2 2 6 301 409 408 3544
7200 2 2 6 301 411 410 3544
7201 2 2 6 301 412 411 3568
7202 2 2 6 301 414 413 3579
7203 2 2 6 301 417 416 3523
7204 2 2 6 301 426 425 3543
7205 2 2 6 301 427 426 3493
7206 2 2 6 301 428 427 3570
7207 2 2 6 301 430 429 3570
7208 2 2 6 301 459 458 3537
7209 2 2 6 301 461 460 3564
7210 2 2 6 301 463 462 3564
7211 2 2 6 301 464 463 3566
7212 2 2 6 301 466 465 3565
7213 2 2 6 301 468 467 3578
7214 2 2 6 301 471 470 3520
7215 2 2 6 301 485 484 3563
7216 2 2 6 301 487 486 3563
7217 2 2 6 301 488 487 3575
7218 2 2 6 301 502 501 3571
7219 2 2 6 301 504 503 3571
7220 2 2 6 301 506 505 3574
7221 2 2 6 301 508 507 3574
7222 2 2 6 301 3422 3406 3604
7223 2 2 6 301 3412 3413 3426
7224 2 2 6 301 3417 3418 3429
$EndElements
